fotograma;tipo_objeto;confianza_deteccion;identificador_tracking;x1;y1;x2;y2;conteo_acumulado_unico_clase;es_matricula;texto_matricula_ocr
1;Coche;0.2875;1;3;367;1113;1080;1;NO;
2;Coche;0.2861;1;3;366;1115;1080;1;NO;
3;Coche;0.2685;1;2;365;1115;1080;1;NO;
4;Coche;0.233;1;1;364;1115;1080;1;NO;
5;Coche;0.2301;1;0;364;1115;1080;1;NO;
6;Coche;0.217;1;2;365;1115;1080;1;NO;
7;Coche;0.2505;1;2;366;1113;1080;1;NO;
8;Coche;0.2836;1;2;366;1113;1080;1;NO;
9;Coche;0.2844;1;4;368;1113;1080;1;NO;
10;Coche;0.2565;1;4;367;1114;1080;1;NO;
11;Coche;0.2419;1;4;367;1114;1080;1;NO;
11;Coche;0.4601;3;1382;88;1919;490;2;NO;
12;Coche;0.2644;1;4;367;1114;1080;2;NO;
12;Coche;0.5088;3;1384;92;1912;487;2;NO;
13;Coche;0.281;1;3;366;1115;1080;2;NO;
13;Coche;0.1899;3;1390;97;1896;475;2;NO;
14;Coche;0.2798;1;2;365;1116;1080;2;NO;
15;Coche;0.2341;1;0;361;1119;1080;2;NO;
16;Coche;0.2177;1;0;360;1121;1080;2;NO;
17;Coche;0.1983;1;0;358;1121;1080;2;NO;
17;Coche;0.253;3;1416;111;1867;443;2;NO;
18;Coche;0.2336;1;0;358;1121;1080;2;NO;
18;Coche;0.2297;3;1424;117;1856;429;2;NO;
19;Coche;0.2381;1;1;358;1122;1080;2;NO;
19;Coche;0.164;3;1390;114;1838;436;2;NO;
20;Coche;0.2316;1;2;359;1123;1080;2;NO;
20;Coche;0.4678;3;1410;122;1844;426;2;NO;
21;Coche;0.277;1;2;359;1122;1080;2;NO;
21;Coche;0.1143;3;1377;122;1819;431;2;NO;
22;Coche;0.2216;1;2;360;1121;1080;2;NO;
22;Coche;0.2079;3;1369;124;1806;429;2;NO;
23;Coche;0.2185;1;2;360;1121;1080;2;NO;
23;Coche;0.2457;3;1375;125;1820;434;2;NO;
24;Coche;0.2079;1;3;360;1122;1080;2;NO;
24;Coche;0.6553;3;1363;128;1810;439;2;NO;
25;Coche;0.2379;1;2;359;1121;1080;2;NO;
25;Coche;0.5633;3;1390;129;1849;441;2;NO;
26;Coche;0.245;1;2;360;1119;1080;2;NO;
26;Coche;0.788;3;1354;132;1802;439;2;NO;
27;Coche;0.2373;1;1;359;1119;1080;2;NO;
27;Coche;0.7941;3;1345;132;1782;435;2;NO;
28;Coche;0.2284;1;1;359;1120;1080;2;NO;
28;Coche;0.9152;3;1343;136;1766;431;2;NO;
29;Coche;0.1836;1;1;356;1124;1080;2;NO;
29;Coche;0.9011;3;1342;139;1757;430;2;NO;
29;Coche;0.5662;4;1772;21;1917;398;3;NO;
30;Coche;0.2384;1;0;357;1122;1080;3;NO;
30;Coche;0.8614;3;1344;143;1747;426;3;NO;
30;Coche;0.5476;4;1771;20;1916;397;3;NO;
31;Coche;0.2326;1;1;357;1121;1080;3;NO;
31;Coche;0.8001;3;1344;147;1733;422;3;NO;
31;Coche;0.4246;4;1769;16;1917;399;3;NO;
32;Coche;0.2389;1;4;359;1122;1080;3;NO;
32;Coche;0.8297;3;1341;149;1724;420;3;NO;
32;Coche;0.2663;4;1769;13;1919;402;3;NO;
33;Coche;0.275;1;7;362;1121;1080;3;NO;
33;Coche;0.7832;3;1340;150;1717;419;3;NO;
34;Coche;0.309;1;8;365;1119;1080;3;NO;
34;Coche;0.589;3;1342;151;1715;416;3;NO;
35;Coche;0.3345;1;8;366;1119;1080;3;NO;
35;Coche;0.6942;3;1336;151;1707;417;3;NO;
36;Coche;0.3666;1;7;367;1117;1080;3;NO;
36;Coche;0.7567;3;1333;152;1699;417;3;NO;
37;Coche;0.4164;1;7;368;1116;1080;3;NO;
37;Coche;0.7923;3;1336;156;1691;415;3;NO;
38;Coche;0.4188;1;8;369;1115;1080;3;NO;
38;Coche;0.8515;3;1340;158;1689;415;3;NO;
39;Coche;0.4383;1;7;370;1114;1080;3;NO;
39;Coche;0.7724;3;1340;162;1678;413;3;NO;
40;Coche;0.4457;1;5;370;1112;1080;3;NO;
40;Coche;0.6968;3;1341;162;1669;409;3;NO;
41;Coche;0.3776;1;5;369;1113;1080;3;NO;
41;Coche;0.7343;3;1347;164;1663;404;3;NO;
41;Coche;0.3541;4;1769;14;1918;403;3;NO;
42;Coche;0.3843;1;5;368;1115;1080;3;NO;
42;Coche;0.7472;3;1344;166;1657;405;3;NO;
42;Coche;0.4025;4;1768;16;1918;403;3;NO;
43;Coche;0.3883;1;5;367;1117;1080;3;NO;
43;Coche;0.6507;3;1343;170;1652;406;3;NO;
43;Coche;0.4368;4;1768;17;1917;402;3;NO;
44;Coche;0.3938;1;5;367;1117;1080;3;NO;
44;Coche;0.7046;3;1344;174;1649;409;3;NO;
44;Coche;0.4363;4;1769;17;1918;402;3;NO;
45;Coche;0.3968;1;3;367;1115;1080;3;NO;
45;Coche;0.5449;3;1342;176;1643;407;3;NO;
45;Coche;0.4884;4;1769;18;1917;401;3;NO;
46;Coche;0.3806;1;3;366;1116;1080;3;NO;
46;Coche;0.6951;3;1342;178;1634;403;3;NO;
46;Coche;0.4886;4;1769;20;1917;401;3;NO;
47;Coche;0.3937;1;3;366;1116;1080;3;NO;
47;Coche;0.671;3;1339;179;1630;404;3;NO;
47;Coche;0.5015;4;1768;20;1917;401;3;NO;
48;Coche;0.3801;1;3;366;1117;1080;3;NO;
48;Coche;0.6538;3;1335;181;1627;408;3;NO;
48;Coche;0.5043;4;1768;21;1917;401;3;NO;
49;Coche;0.3524;1;4;368;1115;1080;3;NO;
49;Coche;0.6548;3;1334;181;1619;405;3;NO;
49;Coche;0.5452;4;1769;27;1915;399;3;NO;
50;Coche;0.344;1;5;368;1115;1080;3;NO;
50;Coche;0.7785;3;1335;181;1615;403;3;NO;
50;Coche;0.554;4;1769;28;1915;398;3;NO;
51;Coche;0.3517;1;5;368;1117;1080;3;NO;
51;Coche;0.7756;3;1336;182;1611;401;3;NO;
51;Coche;0.5329;4;1768;29;1915;398;3;NO;
52;Coche;0.3671;1;6;368;1118;1080;3;NO;
52;Coche;0.8318;3;1337;182;1606;397;3;NO;
52;Coche;0.5477;4;1768;29;1915;398;3;NO;
53;Coche;0.3555;1;5;368;1118;1080;3;NO;
53;Coche;0.5406;3;1340;183;1601;393;3;NO;
53;Coche;0.5731;4;1768;28;1916;397;3;NO;
54;Coche;0.3718;1;5;368;1118;1080;3;NO;
54;Coche;0.4872;3;1356;184;1606;389;3;NO;
54;Coche;0.5583;4;1767;26;1917;398;3;NO;
55;Coche;0.37;1;5;367;1119;1080;3;NO;
55;Coche;0.509;3;1349;184;1596;389;3;NO;
55;Coche;0.5231;4;1766;24;1917;398;3;NO;
56;Coche;0.3529;1;4;367;1119;1080;3;NO;
56;Coche;0.3684;3;1356;185;1602;391;3;NO;
56;Coche;0.5806;4;1766;23;1917;398;3;NO;
57;Coche;0.3794;1;5;367;1119;1080;3;NO;
57;Coche;0.1188;3;1360;185;1601;391;3;NO;
57;Coche;0.6056;4;1766;23;1917;397;3;NO;
58;Coche;0.3794;1;5;368;1119;1080;3;NO;
58;Coche;0.1699;3;1365;186;1599;389;3;NO;
58;Coche;0.6005;4;1766;22;1917;397;3;NO;
59;Coche;0.3787;1;6;368;1120;1080;3;NO;
59;Coche;0.2327;3;1364;188;1593;391;3;NO;
59;Coche;0.567;4;1765;22;1918;397;3;NO;
60;Coche;0.3698;1;6;368;1122;1080;3;NO;
60;Coche;0.2648;3;1368;190;1588;388;3;NO;
60;Coche;0.5576;4;1765;22;1918;397;3;NO;
61;Coche;0.3754;1;5;368;1120;1080;3;NO;
61;Coche;0.2874;3;1368;190;1585;389;3;NO;
61;Coche;0.554;4;1765;21;1918;397;3;NO;
62;Coche;0.3628;1;5;369;1119;1080;3;NO;
62;Coche;0.1385;3;1371;190;1582;388;3;NO;
62;Coche;0.5853;4;1765;21;1918;396;3;NO;
63;Coche;0.3909;1;6;370;1119;1080;3;NO;
63;Coche;0.1464;3;1372;191;1581;391;3;NO;
63;Coche;0.5668;4;1764;21;1918;397;3;NO;
64;Coche;0.3895;1;6;370;1119;1080;3;NO;
64;Coche;0.5432;4;1764;20;1918;397;3;NO;
65;Coche;0.3798;1;6;370;1119;1080;3;NO;
65;Coche;0.5341;4;1764;21;1918;397;3;NO;
66;Coche;0.3796;1;6;370;1120;1080;3;NO;
66;Coche;0.5384;4;1764;20;1918;397;3;NO;
66;Coche;0.3038;3;1369;192;1566;386;3;NO;
67;Coche;0.3822;1;7;371;1121;1080;3;NO;
67;Coche;0.5627;4;1764;20;1918;397;3;NO;
67;Coche;0.1649;3;1365;193;1557;387;3;NO;
68;Coche;0.3795;1;8;371;1122;1080;3;NO;
68;Coche;0.5664;4;1764;21;1918;396;3;NO;
69;Coche;0.3686;1;7;371;1122;1080;3;NO;
69;Coche;0.5673;4;1764;22;1918;396;3;NO;
70;Coche;0.3664;1;6;371;1123;1080;3;NO;
70;Coche;0.5238;4;1764;22;1918;396;3;NO;
71;Coche;0.3628;1;6;371;1124;1080;3;NO;
71;Coche;0.4998;4;1764;21;1919;396;3;NO;
72;Coche;0.3589;1;6;370;1125;1080;3;NO;
72;Coche;0.481;4;1764;21;1919;397;3;NO;
73;Coche;0.3893;1;7;371;1125;1080;3;NO;
73;Coche;0.4727;4;1765;18;1920;399;3;NO;
74;Coche;0.3885;1;6;372;1124;1080;3;NO;
74;Coche;0.4739;4;1765;19;1920;398;3;NO;
75;Coche;0.3845;1;6;372;1123;1080;3;NO;
75;Coche;0.4885;4;1765;20;1919;397;3;NO;
76;Coche;0.3808;1;5;372;1123;1080;3;NO;
76;Coche;0.4949;4;1765;20;1919;397;3;NO;
77;Coche;0.3685;1;5;372;1123;1080;3;NO;
77;Coche;0.5008;4;1765;18;1920;399;3;NO;
78;Coche;0.3719;1;6;372;1125;1080;3;NO;
78;Coche;0.5051;4;1765;18;1920;400;3;NO;
79;Coche;0.3616;1;6;372;1125;1080;3;NO;
79;Coche;0.5042;4;1766;17;1920;400;3;NO;
80;Coche;0.3592;1;6;372;1126;1080;3;NO;
80;Coche;0.5016;4;1766;17;1920;400;3;NO;
81;Coche;0.3597;1;6;372;1127;1080;3;NO;
81;Coche;0.5078;4;1766;17;1920;401;3;NO;
82;Coche;0.353;1;7;372;1128;1080;3;NO;
82;Coche;0.4924;4;1766;17;1920;401;3;NO;
83;Coche;0.3582;1;7;372;1128;1080;3;NO;
83;Coche;0.4664;4;1767;17;1920;400;3;NO;
84;Coche;0.3614;1;7;373;1128;1080;3;NO;
84;Coche;0.4766;4;1767;17;1920;400;3;NO;
85;Coche;0.3347;1;6;372;1128;1080;3;NO;
85;Coche;0.4768;4;1767;16;1920;400;3;NO;
86;Coche;0.3332;1;6;373;1127;1080;3;NO;
86;Coche;0.4769;4;1767;16;1920;399;3;NO;
87;Coche;0.3265;1;6;373;1127;1080;3;NO;
87;Coche;0.5455;4;1767;18;1918;396;3;NO;
88;Coche;0.3191;1;5;373;1127;1080;3;NO;
88;Coche;0.5512;4;1767;19;1918;395;3;NO;
89;Coche;0.3116;1;5;372;1128;1080;3;NO;
89;Coche;0.5348;4;1767;19;1918;395;3;NO;
90;Coche;0.3156;1;4;372;1127;1080;3;NO;
90;Coche;0.5383;4;1767;19;1918;395;3;NO;
91;Coche;0.3185;1;4;372;1127;1080;3;NO;
91;Coche;0.551;4;1767;18;1918;395;3;NO;
92;Coche;0.3084;1;4;371;1129;1080;3;NO;
92;Coche;0.5114;4;1766;18;1918;395;3;NO;
93;Coche;0.3064;1;4;371;1129;1080;3;NO;
93;Coche;0.5134;4;1766;17;1918;395;3;NO;
94;Coche;0.3178;1;4;372;1128;1080;3;NO;
94;Coche;0.5071;4;1766;18;1918;395;3;NO;
95;Coche;0.337;1;5;373;1128;1080;3;NO;
95;Coche;0.5261;4;1766;18;1918;395;3;NO;
96;Coche;0.3392;1;6;373;1129;1080;3;NO;
96;Coche;0.5244;4;1766;18;1918;395;3;NO;
97;Coche;0.3353;1;4;372;1130;1080;3;NO;
97;Coche;0.4571;4;1766;17;1919;398;3;NO;
98;Coche;0.3414;1;4;371;1130;1080;3;NO;
98;Coche;0.4831;4;1766;19;1918;397;3;NO;
99;Coche;0.3328;1;3;370;1131;1080;3;NO;
99;Coche;0.493;4;1766;20;1918;397;3;NO;
100;Coche;0.3523;1;2;369;1130;1080;3;NO;
100;Coche;0.4832;4;1766;21;1918;397;3;NO;
101;Coche;0.3143;1;1;369;1130;1080;3;NO;
101;Coche;0.472;4;1766;22;1918;397;3;NO;
102;Coche;0.3268;1;1;369;1130;1080;3;NO;
102;Coche;0.4733;4;1766;23;1918;397;3;NO;
103;Coche;0.3322;1;2;369;1130;1080;3;NO;
103;Coche;0.4894;4;1766;25;1918;397;3;NO;
104;Coche;0.3627;1;2;371;1128;1080;3;NO;
104;Coche;0.5011;4;1767;25;1918;397;3;NO;
105;Coche;0.3654;1;2;371;1128;1080;3;NO;
105;Coche;0.5055;4;1767;26;1918;397;3;NO;
106;Coche;0.3723;1;2;371;1128;1080;3;NO;
106;Coche;0.5203;4;1767;27;1918;397;3;NO;
107;Coche;0.3483;1;2;371;1129;1080;3;NO;
107;Coche;0.5348;4;1767;27;1918;396;3;NO;
108;Coche;0.3332;1;4;371;1129;1080;3;NO;
108;Coche;0.5355;4;1767;26;1918;396;3;NO;
109;Coche;0.3675;1;4;373;1128;1080;3;NO;
109;Coche;0.584;4;1766;24;1918;397;3;NO;
109;Coche;0.3647;6;0;228;115;489;4;NO;
110;Coche;0.3213;1;4;372;1128;1080;4;NO;
110;Coche;0.5751;4;1766;23;1919;396;4;NO;
111;Coche;0.3126;1;5;374;1127;1080;4;NO;
111;Coche;0.5849;4;1766;23;1919;397;4;NO;
111;Coche;0.8237;6;15;238;136;500;4;NO;
112;Coche;0.3654;1;5;374;1127;1080;4;NO;
112;Coche;0.5858;4;1766;23;1919;397;4;NO;
112;Coche;0.6408;6;19;242;139;497;4;NO;
113;Coche;0.3725;1;4;374;1127;1080;4;NO;
113;Coche;0.5741;4;1766;22;1919;397;4;NO;
114;Coche;0.3771;1;4;374;1127;1080;4;NO;
114;Coche;0.5735;4;1765;22;1919;397;4;NO;
114;Coche;0.6693;6;19;248;139;499;4;NO;
115;Coche;0.4075;1;3;373;1128;1080;4;NO;
115;Coche;0.547;4;1765;21;1919;397;4;NO;
115;Coche;0.5214;6;19;246;138;491;4;NO;
116;Coche;0.4356;1;3;372;1129;1080;4;NO;
116;Coche;0.5365;4;1765;20;1919;397;4;NO;
116;Coche;0.4367;6;7;249;125;489;4;NO;
117;Coche;0.4342;1;3;373;1127;1080;4;NO;
117;Coche;0.5277;4;1765;21;1919;397;4;NO;
117;Coche;0.2553;6;10;257;122;483;4;NO;
118;Coche;0.4176;1;4;374;1127;1080;4;NO;
118;Coche;0.5147;4;1766;20;1919;397;4;NO;
119;Coche;0.3837;1;4;375;1126;1080;4;NO;
119;Coche;0.5112;4;1766;21;1919;397;4;NO;
120;Coche;0.3775;1;5;376;1125;1080;4;NO;
120;Coche;0.5056;4;1766;21;1919;397;4;NO;
121;Coche;0.3594;1;5;377;1124;1080;4;NO;
121;Coche;0.4796;4;1766;18;1920;398;4;NO;
122;Coche;0.3433;1;5;378;1123;1080;4;NO;
122;Coche;0.4816;4;1766;17;1920;399;4;NO;
123;Coche;0.3221;1;5;378;1123;1080;4;NO;
123;Coche;0.4905;4;1766;17;1920;400;4;NO;
124;Coche;0.3349;1;6;378;1124;1080;4;NO;
124;Coche;0.4877;4;1766;16;1920;400;4;NO;
125;Coche;0.3037;1;5;377;1125;1080;4;NO;
125;Coche;0.4781;4;1767;16;1920;400;4;NO;
126;Coche;0.3254;1;5;377;1126;1080;4;NO;
126;Coche;0.4952;4;1767;16;1920;400;4;NO;
127;Coche;0.3117;1;6;377;1128;1080;4;NO;
127;Coche;0.4917;4;1767;16;1920;400;4;NO;
128;Coche;0.289;1;6;378;1126;1080;4;NO;
128;Coche;0.501;4;1767;16;1920;400;4;NO;
129;Coche;0.2745;1;5;378;1125;1080;4;NO;
129;Coche;0.4882;4;1767;16;1920;401;4;NO;
129;Coche;0.5885;6;42;236;182;485;4;NO;
130;Coche;0.2924;1;4;378;1124;1080;4;NO;
130;Coche;0.4844;4;1767;16;1920;401;4;NO;
130;Coche;0.2029;6;38;235;188;478;4;NO;
131;Coche;0.2919;1;4;378;1124;1080;4;NO;
131;Coche;0.4882;4;1767;15;1920;400;4;NO;
132;Coche;0.2551;1;5;379;1124;1080;4;NO;
132;Coche;0.4813;4;1767;15;1920;400;4;NO;
133;Coche;0.2174;1;4;378;1124;1080;4;NO;
133;Coche;0.4776;4;1767;15;1920;400;4;NO;
134;Coche;0.2291;1;4;378;1125;1080;4;NO;
134;Coche;0.4715;4;1767;15;1919;400;4;NO;
135;Coche;0.2356;1;5;378;1125;1080;4;NO;
135;Coche;0.452;4;1767;16;1919;400;4;NO;
136;Coche;0.2303;1;4;378;1125;1080;4;NO;
136;Coche;0.4491;4;1768;16;1919;400;4;NO;
137;Coche;0.1993;1;4;377;1126;1080;4;NO;
137;Coche;0.4515;4;1768;16;1919;400;4;NO;
138;Coche;0.1803;1;4;377;1126;1080;4;NO;
138;Coche;0.4414;4;1768;15;1919;400;4;NO;
139;Coche;0.1547;1;4;377;1126;1080;4;NO;
139;Coche;0.4289;4;1768;15;1919;400;4;NO;
140;Coche;0.159;1;5;378;1126;1080;4;NO;
140;Coche;0.4331;4;1768;16;1919;400;4;NO;
141;Coche;0.1419;1;5;378;1126;1080;4;NO;
141;Coche;0.4261;4;1769;16;1919;400;4;NO;
142;Coche;0.1708;1;5;379;1125;1080;4;NO;
142;Coche;0.4501;4;1769;16;1919;400;4;NO;
143;Coche;0.1467;1;5;379;1125;1080;4;NO;
143;Coche;0.4468;4;1769;16;1919;400;4;NO;
144;Coche;0.1965;1;6;379;1125;1080;4;NO;
144;Coche;0.4495;4;1769;16;1919;400;4;NO;
145;Coche;0.223;1;6;380;1125;1080;4;NO;
145;Coche;0.4531;4;1768;15;1919;400;4;NO;
146;Coche;0.2028;1;6;379;1126;1080;4;NO;
146;Coche;0.4468;4;1768;15;1919;400;4;NO;
147;Coche;0.2147;1;5;379;1125;1080;4;NO;
147;Coche;0.4408;4;1768;15;1919;400;4;NO;
148;Coche;0.2298;1;4;379;1126;1080;4;NO;
148;Coche;0.4258;4;1769;15;1919;400;4;NO;
149;Coche;0.2163;1;5;379;1125;1080;4;NO;
149;Coche;0.4225;4;1769;16;1919;400;4;NO;
150;Coche;0.1766;1;3;378;1125;1080;4;NO;
150;Coche;0.4033;4;1769;16;1919;400;4;NO;
151;Coche;0.1411;1;2;377;1125;1080;4;NO;
151;Coche;0.4113;4;1769;16;1919;400;4;NO;
152;Coche;0.1484;1;2;377;1126;1080;4;NO;
152;Coche;0.3669;4;1769;16;1919;400;4;NO;
153;Coche;0.1635;1;4;377;1126;1080;4;NO;
153;Coche;0.3887;4;1769;16;1919;400;4;NO;
154;Coche;0.1479;1;4;377;1126;1080;4;NO;
154;Coche;0.4039;4;1769;16;1919;400;4;NO;
155;Coche;0.1184;1;2;377;1125;1080;4;NO;
155;Coche;0.3518;4;1769;16;1919;400;4;NO;
156;Coche;0.1211;1;2;376;1125;1080;4;NO;
156;Coche;0.3453;4;1769;16;1919;400;4;NO;
157;Coche;0.1247;1;1;377;1123;1080;4;NO;
157;Coche;0.2939;4;1769;16;1919;400;4;NO;
158;Coche;0.1555;1;2;378;1122;1080;4;NO;
158;Coche;0.28;4;1769;16;1919;400;4;NO;
159;Coche;0.176;1;2;379;1120;1080;4;NO;
159;Coche;0.2808;4;1769;16;1919;400;4;NO;
160;Coche;0.2011;1;2;380;1119;1080;4;NO;
160;Coche;0.2976;4;1769;16;1919;400;4;NO;
161;Coche;0.2195;1;3;381;1117;1080;4;NO;
161;Coche;0.2988;4;1769;16;1919;400;4;NO;
162;Coche;0.2077;1;3;382;1116;1080;4;NO;
162;Coche;0.3062;4;1769;16;1919;400;4;NO;
163;Coche;0.2039;1;3;382;1116;1080;4;NO;
163;Coche;0.2901;4;1769;16;1919;400;4;NO;
164;Coche;0.1465;1;2;380;1117;1080;4;NO;
164;Coche;0.2731;4;1769;17;1918;400;4;NO;
165;Coche;0.1592;1;2;381;1116;1080;4;NO;
165;Coche;0.2998;4;1769;17;1918;400;4;NO;
166;Coche;0.1979;1;3;382;1116;1080;4;NO;
166;Coche;0.3419;4;1769;16;1918;400;4;NO;
167;Coche;0.192;1;4;383;1116;1080;4;NO;
167;Coche;0.3302;4;1769;16;1919;400;4;NO;
168;Coche;0.1652;1;3;382;1116;1080;4;NO;
168;Coche;0.3253;4;1769;16;1919;400;4;NO;
169;Coche;0.1427;1;6;383;1119;1080;4;NO;
169;Coche;0.3908;4;1769;17;1918;400;4;NO;
170;Coche;0.1418;1;7;384;1120;1080;4;NO;
170;Coche;0.3891;4;1768;16;1918;400;4;NO;
171;Coche;0.1536;1;8;384;1122;1080;4;NO;
171;Coche;0.3993;4;1768;16;1918;400;4;NO;
172;Coche;0.1596;1;8;383;1123;1080;4;NO;
172;Coche;0.4225;4;1768;16;1918;400;4;NO;
173;Coche;0.1663;1;7;383;1124;1080;4;NO;
173;Coche;0.4171;4;1768;17;1918;400;4;NO;
174;Coche;0.194;1;7;383;1125;1080;4;NO;
174;Coche;0.4289;4;1768;17;1918;400;4;NO;
175;Coche;0.182;1;6;382;1126;1080;4;NO;
175;Coche;0.4175;4;1768;17;1918;400;4;NO;
176;Coche;0.1895;1;6;382;1126;1080;4;NO;
176;Coche;0.424;4;1768;17;1918;400;4;NO;
177;Coche;0.1969;1;6;383;1126;1080;4;NO;
177;Coche;0.4357;4;1768;17;1918;401;4;NO;
178;Coche;0.1934;1;6;384;1125;1080;4;NO;
178;Coche;0.4155;4;1768;17;1919;401;4;NO;
179;Coche;0.1912;1;5;383;1125;1080;4;NO;
179;Coche;0.4185;4;1768;17;1918;400;4;NO;
180;Coche;0.1799;1;5;384;1125;1080;4;NO;
180;Coche;0.4295;4;1768;17;1919;400;4;NO;
181;Coche;0.1543;1;3;382;1126;1080;4;NO;
181;Coche;0.4159;4;1768;18;1919;400;4;NO;
182;Coche;0.1432;1;1;381;1127;1080;4;NO;
182;Coche;0.4046;4;1769;18;1918;400;4;NO;
183;Coche;0.1734;1;0;379;1127;1080;4;NO;
183;Coche;0.4086;4;1769;22;1917;398;4;NO;
184;Coche;0.173;1;0;379;1126;1080;4;NO;
184;Coche;0.3896;4;1769;23;1916;397;4;NO;
185;Coche;0.183;1;0;379;1126;1080;4;NO;
185;Coche;0.3903;4;1768;23;1917;397;4;NO;
186;Coche;0.1727;1;0;377;1127;1080;4;NO;
186;Coche;0.3963;4;1768;23;1917;397;4;NO;
187;Coche;0.1749;1;0;376;1128;1080;4;NO;
187;Coche;0.381;4;1767;23;1917;397;4;NO;
188;Coche;0.2224;1;0;378;1126;1080;4;NO;
188;Coche;0.3773;4;1767;23;1917;397;4;NO;
189;Coche;0.2034;1;1;379;1125;1080;4;NO;
189;Coche;0.3757;4;1767;23;1917;398;4;NO;
190;Coche;0.2114;1;2;380;1124;1080;4;NO;
190;Coche;0.3735;4;1767;23;1917;398;4;NO;
191;Coche;0.2028;1;2;380;1124;1080;4;NO;
191;Coche;0.3541;4;1767;23;1917;398;4;NO;
192;Coche;0.1829;1;2;380;1124;1080;4;NO;
192;Coche;0.3471;4;1767;24;1917;398;4;NO;
193;Coche;0.1968;1;3;381;1122;1080;4;NO;
193;Coche;0.3974;4;1767;24;1917;398;4;NO;
194;Coche;0.1981;1;3;383;1121;1080;4;NO;
194;Coche;0.3829;4;1767;24;1918;398;4;NO;
195;Coche;0.196;1;4;383;1121;1080;4;NO;
195;Coche;0.4017;4;1767;25;1918;398;4;NO;
196;Coche;0.1981;1;3;383;1121;1080;4;NO;
196;Coche;0.4121;4;1767;25;1918;398;4;NO;
197;Coche;0.1902;1;3;382;1122;1080;4;NO;
197;Coche;0.422;4;1767;24;1918;398;4;NO;
198;Coche;0.221;1;3;383;1121;1080;4;NO;
198;Coche;0.4428;4;1767;25;1918;398;4;NO;
199;Coche;0.2474;1;3;384;1119;1080;4;NO;
199;Coche;0.4371;4;1767;24;1918;398;4;NO;
200;Coche;0.245;1;2;383;1120;1080;4;NO;
200;Coche;0.4555;4;1766;24;1918;398;4;NO;
201;Coche;0.2265;1;2;382;1121;1080;4;NO;
201;Coche;0.4693;4;1766;24;1918;398;4;NO;
202;Coche;0.2754;1;2;382;1121;1080;4;NO;
202;Coche;0.4599;4;1766;23;1919;398;4;NO;
203;Coche;0.2928;1;3;382;1121;1080;4;NO;
203;Coche;0.4752;4;1766;23;1919;398;4;NO;
204;Coche;0.2655;1;3;381;1122;1080;4;NO;
204;Coche;0.4866;4;1766;23;1919;398;4;NO;
205;Coche;0.2482;1;1;381;1120;1080;4;NO;
205;Coche;0.4418;4;1766;22;1919;397;4;NO;
206;Coche;0.2616;1;1;382;1118;1080;4;NO;
206;Coche;0.3899;4;1767;20;1920;399;4;NO;
207;Coche;0.2275;1;0;381;1118;1080;4;NO;
207;Coche;0.4105;4;1767;22;1919;398;4;NO;
208;Coche;0.1585;1;0;379;1119;1080;4;NO;
208;Coche;0.3858;4;1767;23;1919;397;4;NO;
209;Coche;0.1435;1;0;375;1120;1080;4;NO;
209;Coche;0.3924;4;1767;24;1918;397;4;NO;
210;Coche;0.371;4;1767;24;1918;397;4;NO;
211;Coche;0.3967;4;1767;24;1918;397;4;NO;
212;Coche;0.3812;4;1767;25;1918;397;4;NO;
213;Coche;0.3995;4;1767;25;1918;397;4;NO;
214;Coche;0.396;4;1767;25;1918;397;4;NO;
215;Coche;0.4161;4;1767;26;1918;397;4;NO;
216;Coche;0.4081;4;1767;25;1918;397;4;NO;
216;Coche;0.2911;1;1;379;1118;1079;4;NO;
217;Coche;0.4723;4;1766;26;1918;397;4;NO;
217;Coche;0.3293;1;3;382;1116;1079;4;NO;
218;Coche;0.4576;4;1766;26;1918;397;4;NO;
218;Coche;0.3435;1;4;383;1114;1079;4;NO;
219;Coche;0.4517;4;1766;26;1917;397;4;NO;
219;Coche;0.33;1;3;382;1115;1079;4;NO;
220;Coche;0.4471;4;1766;27;1917;397;4;NO;
220;Coche;0.3276;1;3;382;1114;1079;4;NO;
221;Coche;0.4656;4;1766;28;1917;397;4;NO;
221;Coche;0.314;1;3;382;1115;1079;4;NO;
222;Coche;0.4616;4;1766;28;1917;397;4;NO;
222;Coche;0.3285;1;3;381;1115;1079;4;NO;
223;Coche;0.4578;4;1766;29;1917;397;4;NO;
223;Coche;0.3186;1;3;381;1116;1079;4;NO;
224;Coche;0.4703;4;1765;29;1917;397;4;NO;
224;Coche;0.2815;1;2;379;1117;1079;4;NO;
225;Coche;0.4776;4;1765;27;1918;397;4;NO;
225;Coche;0.2828;1;2;379;1119;1079;4;NO;
226;Coche;0.4893;4;1765;28;1918;397;4;NO;
226;Coche;0.2218;1;2;377;1120;1079;4;NO;
227;Coche;0.5024;4;1765;27;1918;397;4;NO;
227;Coche;0.2259;1;1;376;1121;1079;4;NO;
228;Coche;0.4803;4;1764;27;1918;397;4;NO;
228;Coche;0.181;1;0;371;1123;1079;4;NO;
229;Coche;0.4414;4;1764;24;1919;398;4;NO;
229;Coche;0.2858;1;1;376;1119;1079;4;NO;
230;Coche;0.4502;4;1764;23;1919;398;4;NO;
230;Coche;0.2838;1;2;377;1118;1079;4;NO;
231;Coche;0.4299;4;1764;23;1919;399;4;NO;
231;Coche;0.2117;1;0;374;1120;1079;4;NO;
232;Coche;0.4187;4;1764;24;1919;399;4;NO;
232;Coche;0.1983;1;0;372;1121;1079;4;NO;
233;Coche;0.4211;4;1764;24;1919;399;4;NO;
233;Coche;0.1928;1;0;371;1122;1079;4;NO;
234;Coche;0.4346;4;1764;24;1919;399;4;NO;
234;Coche;0.211;1;0;371;1121;1079;4;NO;
235;Coche;0.4395;4;1765;24;1919;399;4;NO;
235;Coche;0.1952;1;0;370;1121;1079;4;NO;
236;Coche;0.4253;4;1765;24;1919;399;4;NO;
236;Coche;0.1886;1;0;370;1121;1079;4;NO;
237;Coche;0.4237;4;1764;23;1919;399;4;NO;
237;Coche;0.1417;1;0;367;1122;1079;4;NO;
238;Coche;0.418;4;1764;23;1919;399;4;NO;
238;Coche;0.1472;1;0;366;1122;1079;4;NO;
239;Coche;0.4374;4;1764;22;1919;399;4;NO;
239;Coche;0.1968;1;0;368;1120;1079;4;NO;
240;Coche;0.42;4;1764;22;1919;398;4;NO;
240;Coche;0.2402;1;1;370;1119;1079;4;NO;
241;Coche;0.4741;4;1765;23;1919;398;4;NO;
241;Coche;0.2725;1;0;368;1119;1079;4;NO;
242;Coche;0.471;4;1765;23;1919;397;4;NO;
242;Coche;0.3142;1;1;370;1117;1079;4;NO;
243;Coche;0.4807;4;1765;23;1919;397;4;NO;
243;Coche;0.3426;1;3;373;1116;1079;4;NO;
244;Coche;0.4766;4;1765;22;1919;397;4;NO;
244;Coche;0.3778;1;5;376;1113;1079;4;NO;
245;Coche;0.4757;4;1765;22;1919;397;4;NO;
245;Coche;0.3717;1;6;377;1113;1079;4;NO;
246;Coche;0.4665;4;1765;23;1919;397;4;NO;
246;Coche;0.3405;1;4;375;1114;1079;4;NO;
247;Coche;0.4832;4;1765;23;1919;397;4;NO;
247;Coche;0.2854;1;1;371;1116;1079;4;NO;
248;Coche;0.4856;4;1765;23;1919;397;4;NO;
248;Coche;0.2596;1;0;369;1117;1079;4;NO;
249;Coche;0.473;4;1766;24;1919;397;4;NO;
249;Coche;0.2707;1;0;369;1116;1079;4;NO;
250;Coche;0.4762;4;1766;22;1919;397;4;NO;
250;Coche;0.2482;1;0;368;1116;1079;4;NO;
251;Coche;0.4765;4;1765;19;1920;399;4;NO;
251;Coche;0.2104;1;0;364;1118;1079;4;NO;
252;Coche;0.4712;4;1765;17;1920;400;4;NO;
252;Coche;0.1924;1;0;360;1121;1079;4;NO;
253;Coche;0.4655;4;1766;16;1920;401;4;NO;
253;Coche;0.2185;1;0;362;1118;1079;4;NO;
254;Coche;0.4694;4;1766;15;1920;401;4;NO;
254;Coche;0.2881;1;1;366;1115;1079;4;NO;
255;Coche;0.4921;4;1767;17;1920;398;4;NO;
255;Coche;0.2912;1;5;369;1116;1079;4;NO;
256;Coche;0.5045;4;1767;17;1920;397;4;NO;
256;Coche;0.323;1;7;371;1116;1079;4;NO;
257;Coche;0.4977;4;1767;18;1919;397;4;NO;
257;Coche;0.3273;1;7;371;1116;1079;4;NO;
258;Coche;0.4934;4;1767;18;1919;397;4;NO;
258;Coche;0.336;1;7;372;1115;1079;4;NO;
259;Coche;0.5052;4;1767;18;1919;397;4;NO;
259;Coche;0.3538;1;7;374;1113;1079;4;NO;
260;Coche;0.5201;4;1767;18;1919;397;4;NO;
260;Coche;0.3628;1;9;376;1113;1079;4;NO;
261;Coche;0.5215;4;1767;19;1919;396;4;NO;
261;Coche;0.3557;1;6;373;1114;1079;4;NO;
262;Coche;0.5274;4;1767;20;1919;396;4;NO;
262;Coche;0.3555;1;5;372;1115;1079;4;NO;
263;Coche;0.506;4;1767;20;1918;396;4;NO;
263;Coche;0.3422;1;4;371;1116;1079;4;NO;
264;Coche;0.524;4;1767;21;1918;396;4;NO;
264;Coche;0.3486;1;3;370;1116;1079;4;NO;
265;Coche;0.5705;4;1767;21;1918;397;4;NO;
265;Coche;0.2737;1;3;366;1122;1079;4;NO;
266;Coche;0.5919;4;1766;20;1918;397;4;NO;
266;Coche;0.2903;1;4;366;1123;1079;4;NO;
267;Coche;0.5849;4;1766;19;1919;397;4;NO;
267;Coche;0.2869;1;5;369;1122;1079;4;NO;
268;Coche;0.5743;4;1766;19;1919;398;4;NO;
268;Coche;0.2693;1;7;369;1123;1079;4;NO;
269;Coche;0.5743;4;1766;18;1919;398;4;NO;
269;Coche;0.2482;1;6;369;1123;1079;4;NO;
270;Coche;0.5561;4;1766;18;1919;398;4;NO;
270;Coche;0.2588;1;6;368;1124;1079;4;NO;
271;Coche;0.5586;4;1766;18;1919;398;4;NO;
271;Coche;0.2701;1;6;369;1124;1079;4;NO;
272;Coche;0.5531;4;1766;18;1919;398;4;NO;
272;Coche;0.2571;1;6;370;1123;1079;4;NO;
273;Coche;0.5498;4;1766;18;1919;398;4;NO;
273;Coche;0.2486;1;4;367;1125;1079;4;NO;
274;Coche;0.5494;4;1766;18;1919;398;4;NO;
274;Coche;0.2582;1;3;366;1125;1079;4;NO;
275;Coche;0.5396;4;1766;18;1919;398;4;NO;
275;Coche;0.2161;1;0;364;1125;1079;4;NO;
276;Coche;0.539;4;1766;18;1919;398;4;NO;
276;Coche;0.2279;1;1;366;1124;1079;4;NO;
277;Coche;0.4822;4;1766;19;1919;398;4;NO;
277;Coche;0.1884;1;0;364;1123;1080;4;NO;
278;Coche;0.4774;4;1766;19;1919;398;4;NO;
278;Coche;0.1628;1;0;361;1125;1080;4;NO;
279;Coche;0.4787;4;1767;19;1919;397;4;NO;
279;Coche;0.2379;1;0;365;1121;1080;4;NO;
280;Coche;0.479;4;1767;19;1919;397;4;NO;
280;Coche;0.292;1;2;369;1117;1080;4;NO;
281;Coche;0.473;4;1767;20;1919;397;4;NO;
281;Coche;0.3074;1;3;371;1115;1080;4;NO;
282;Coche;0.4838;4;1767;20;1919;397;4;NO;
282;Coche;0.265;1;3;370;1116;1080;4;NO;
283;Coche;0.4946;4;1768;21;1919;396;4;NO;
283;Coche;0.2464;1;2;369;1116;1080;4;NO;
284;Coche;0.5061;4;1768;22;1918;396;4;NO;
284;Coche;0.2977;1;3;371;1115;1080;4;NO;
285;Coche;0.5182;4;1768;22;1918;396;4;NO;
285;Coche;0.3087;1;3;371;1115;1080;4;NO;
286;Coche;0.5398;4;1768;23;1918;396;4;NO;
286;Coche;0.3103;1;4;371;1115;1080;4;NO;
287;Coche;0.5365;4;1769;25;1918;396;4;NO;
287;Coche;0.2892;1;5;372;1116;1080;4;NO;
288;Coche;0.5432;4;1769;25;1918;396;4;NO;
288;Coche;0.3094;1;6;374;1115;1080;4;NO;
289;Coche;0.6096;4;1769;29;1917;395;4;NO;
289;Coche;0.3207;1;6;374;1115;1080;4;NO;
290;Coche;0.6148;4;1769;31;1917;395;4;NO;
290;Coche;0.2616;1;4;371;1118;1080;4;NO;
291;Coche;0.6013;4;1769;33;1917;395;4;NO;
291;Coche;0.2262;1;2;368;1121;1080;4;NO;
292;Coche;0.5977;4;1769;34;1917;395;4;NO;
292;Coche;0.2815;1;0;365;1122;1080;4;NO;
293;Coche;0.5906;4;1769;32;1917;395;4;NO;
293;Coche;0.3171;1;1;367;1120;1080;4;NO;
294;Coche;0.5989;4;1769;31;1918;395;4;NO;
294;Coche;0.2617;1;2;368;1120;1080;4;NO;
295;Coche;0.6148;4;1768;31;1918;395;4;NO;
295;Coche;0.2922;1;1;367;1120;1080;4;NO;
296;Coche;0.6252;4;1768;31;1918;395;4;NO;
296;Coche;0.3129;1;2;367;1121;1080;4;NO;
297;Coche;0.6201;4;1768;30;1918;395;4;NO;
297;Coche;0.3053;1;1;365;1122;1080;4;NO;
298;Coche;0.6216;4;1768;30;1918;395;4;NO;
298;Coche;0.2681;1;0;364;1122;1080;4;NO;
299;Coche;0.6339;4;1768;32;1918;395;4;NO;
299;Coche;0.3195;1;1;365;1121;1080;4;NO;
300;Coche;0.6216;4;1768;31;1918;395;4;NO;
300;Coche;0.2756;1;1;365;1121;1080;4;NO;
301;Coche;0.5849;4;1768;28;1919;395;4;NO;
301;Coche;0.2346;1;0;363;1122;1080;4;NO;
301;Coche;0.4322;9;4;232;149;507;5;NO;
302;Coche;0.5901;4;1767;26;1919;395;5;NO;
302;Coche;0.2951;1;1;365;1119;1080;5;NO;
302;Coche;0.3554;9;4;236;143;500;5;NO;
303;Coche;0.5473;4;1767;25;1920;396;5;NO;
303;Coche;0.1903;1;1;364;1121;1080;5;NO;
304;Coche;0.5584;4;1767;24;1920;396;5;NO;
304;Coche;0.213;1;2;364;1121;1080;5;NO;
304;Coche;0.2747;9;13;231;156;500;5;NO;
305;Coche;0.5629;4;1768;23;1920;396;5;NO;
305;Coche;0.2469;1;3;367;1119;1080;5;NO;
305;Coche;0.3131;9;18;238;156;493;5;NO;
306;Coche;0.5567;4;1768;24;1920;396;5;NO;
306;Coche;0.2842;1;5;370;1117;1080;5;NO;
306;Coche;0.4848;9;18;228;161;492;5;NO;
307;Coche;0.5647;4;1768;23;1920;396;5;NO;
307;Coche;0.2795;1;3;368;1118;1080;5;NO;
308;Coche;0.5702;4;1768;22;1920;396;5;NO;
308;Coche;0.2654;1;2;366;1119;1080;5;NO;
309;Coche;0.5722;4;1768;22;1920;397;5;NO;
309;Coche;0.3175;1;4;370;1116;1080;5;NO;
310;Coche;0.5659;4;1768;21;1920;397;5;NO;
310;Coche;0.3288;1;4;370;1116;1080;5;NO;
311;Coche;0.5643;4;1768;21;1920;397;5;NO;
311;Coche;0.3756;1;4;373;1112;1080;5;NO;
311;Coche;0.3331;9;30;228;177;494;5;NO;
312;Coche;0.5461;4;1768;20;1920;397;5;NO;
312;Coche;0.3312;1;2;371;1113;1080;5;NO;
312;Coche;0.4878;9;37;224;187;493;5;NO;
313;Coche;0.569;4;1768;19;1920;396;5;NO;
313;Coche;0.2917;1;3;372;1111;1080;5;NO;
313;Coche;0.3382;9;29;227;183;494;5;NO;
314;Coche;0.5659;4;1768;19;1920;396;5;NO;
314;Coche;0.3346;1;3;374;1109;1080;5;NO;
314;Coche;0.5826;9;28;242;177;491;5;NO;
315;Coche;0.5764;4;1768;20;1920;396;5;NO;
315;Coche;0.3364;1;5;376;1108;1080;5;NO;
315;Coche;0.4029;9;52;249;195;487;5;NO;
316;Coche;0.592;4;1768;20;1919;396;5;NO;
316;Coche;0.3568;1;4;376;1108;1080;5;NO;
316;Coche;0.3348;9;40;250;189;489;5;NO;
317;Coche;0.5974;4;1768;20;1919;396;5;NO;
317;Coche;0.3795;1;5;378;1106;1080;5;NO;
317;Coche;0.1992;9;27;267;170;489;5;NO;
318;Coche;0.6011;4;1768;20;1919;396;5;NO;
318;Coche;0.3342;1;5;379;1105;1080;5;NO;
318;Coche;0.2326;9;31;270;180;490;5;NO;
319;Coche;0.5996;4;1768;20;1919;396;5;NO;
319;Coche;0.2917;1;4;379;1104;1080;5;NO;
320;Coche;0.6054;4;1768;20;1919;396;5;NO;
320;Coche;0.2938;1;8;382;1104;1080;5;NO;
320;Coche;0.4002;9;32;256;199;493;5;NO;
321;Coche;0.6156;4;1768;20;1919;396;5;NO;
321;Coche;0.2725;1;8;383;1104;1080;5;NO;
321;Coche;0.2215;9;53;259;218;493;5;NO;
322;Coche;0.6098;4;1768;21;1919;396;5;NO;
322;Coche;0.2651;1;7;382;1104;1080;5;NO;
322;Coche;0.1827;9;42;272;209;496;5;NO;
323;Coche;0.6455;4;1768;22;1919;396;5;NO;
323;Coche;0.2604;1;10;384;1105;1080;5;NO;
323;Coche;0.2136;9;33;273;210;501;5;NO;
324;Coche;0.646;4;1768;22;1918;396;5;NO;
324;Coche;0.2318;1;9;383;1107;1080;5;NO;
324;Coche;0.3456;9;28;266;215;499;5;NO;
325;Coche;0.5772;4;1768;22;1919;397;5;NO;
325;Coche;0.1963;1;7;381;1108;1080;5;NO;
326;Coche;0.5688;4;1768;22;1919;396;5;NO;
326;Coche;0.2065;1;5;381;1107;1080;5;NO;
327;Coche;0.5886;4;1768;22;1919;397;5;NO;
327;Coche;0.2022;1;6;382;1107;1080;5;NO;
328;Coche;0.5816;4;1768;22;1919;397;5;NO;
328;Coche;0.2069;1;6;382;1107;1080;5;NO;
329;Coche;0.589;4;1768;23;1919;397;5;NO;
329;Coche;0.2503;1;9;383;1108;1080;5;NO;
330;Coche;0.581;4;1768;22;1919;397;5;NO;
330;Coche;0.2418;1;11;385;1109;1080;5;NO;
331;Coche;0.5844;4;1768;23;1919;397;5;NO;
331;Coche;0.2486;1;11;385;1109;1080;5;NO;
332;Coche;0.5517;4;1768;22;1919;397;5;NO;
332;Coche;0.2366;1;10;385;1110;1080;5;NO;
333;Coche;0.5505;4;1768;22;1919;397;5;NO;
333;Coche;0.2561;1;11;385;1112;1080;5;NO;
334;Coche;0.5159;4;1768;22;1919;397;5;NO;
334;Coche;0.2465;1;11;386;1113;1080;5;NO;
335;Coche;0.5002;4;1768;22;1919;397;5;NO;
335;Coche;0.2019;1;9;385;1113;1080;5;NO;
336;Coche;0.5298;4;1768;23;1919;397;5;NO;
336;Coche;0.2023;1;8;385;1112;1080;5;NO;
337;Coche;0.548;4;1768;25;1918;396;5;NO;
337;Coche;0.1962;1;5;385;1110;1080;5;NO;
338;Coche;0.5336;4;1769;25;1918;396;5;NO;
338;Coche;0.1805;1;4;385;1109;1080;5;NO;
339;Coche;0.5243;4;1769;25;1918;396;5;NO;
339;Coche;0.1711;1;3;384;1110;1080;5;NO;
340;Coche;0.5201;4;1768;25;1919;396;5;NO;
340;Coche;0.1588;1;4;384;1111;1080;5;NO;
341;Coche;0.5093;4;1768;24;1919;396;5;NO;
341;Coche;0.1426;1;2;383;1110;1080;5;NO;
342;Coche;0.5311;4;1768;23;1919;396;5;NO;
342;Coche;0.1776;1;3;384;1109;1080;5;NO;
343;Coche;0.5364;4;1768;24;1919;396;5;NO;
343;Coche;0.2078;1;5;385;1110;1080;5;NO;
344;Coche;0.5311;4;1768;24;1919;396;5;NO;
344;Coche;0.1694;1;4;385;1110;1080;5;NO;
345;Coche;0.5343;4;1768;23;1919;396;5;NO;
345;Coche;0.1832;1;3;385;1109;1080;5;NO;
346;Coche;0.5112;4;1767;22;1919;397;5;NO;
346;Coche;0.1653;1;2;383;1109;1080;5;NO;
347;Coche;0.5487;4;1767;22;1919;397;5;NO;
347;Coche;0.1827;1;3;384;1110;1080;5;NO;
348;Coche;0.5495;4;1767;22;1919;397;5;NO;
348;Coche;0.1931;1;3;384;1110;1080;5;NO;
349;Coche;0.5295;4;1766;20;1919;397;5;NO;
349;Coche;0.2164;1;3;384;1110;1080;5;NO;
350;Coche;0.5206;4;1766;19;1919;397;5;NO;
350;Coche;0.1908;1;2;383;1110;1080;5;NO;
351;Coche;0.5257;4;1766;19;1919;398;5;NO;
351;Coche;0.1776;1;1;383;1108;1080;5;NO;
352;Coche;0.5086;4;1766;19;1919;398;5;NO;
352;Coche;0.1421;1;0;381;1107;1080;5;NO;
353;Coche;0.5054;4;1766;19;1919;398;5;NO;
353;Coche;0.1178;1;0;380;1107;1080;5;NO;
354;Coche;0.5127;4;1766;19;1919;397;5;NO;
354;Coche;0.1418;1;0;382;1105;1080;5;NO;
355;Coche;0.5384;4;1767;19;1919;397;5;NO;
355;Coche;0.1552;1;2;384;1104;1080;5;NO;
356;Coche;0.5324;4;1767;19;1919;397;5;NO;
356;Coche;0.1556;1;3;384;1105;1080;5;NO;
357;Coche;0.5512;4;1767;19;1919;397;5;NO;
357;Coche;0.1387;1;3;384;1105;1080;5;NO;
358;Coche;0.5271;4;1767;19;1919;397;5;NO;
358;Coche;0.1144;1;2;383;1106;1080;5;NO;
359;Coche;0.5208;4;1767;19;1919;398;5;NO;
359;Coche;0.1267;1;4;383;1107;1080;5;NO;
360;Coche;0.5254;4;1767;20;1919;397;5;NO;
360;Coche;0.1285;1;5;384;1108;1080;5;NO;
361;Coche;0.473;4;1767;16;1920;400;5;NO;
361;Coche;0.1063;1;5;384;1108;1080;5;NO;
362;Coche;0.4699;4;1767;15;1920;401;5;NO;
363;Coche;0.4702;4;1767;15;1920;401;5;NO;
364;Coche;0.4712;4;1767;17;1920;399;5;NO;
365;Coche;0.4762;4;1767;16;1920;401;5;NO;
366;Coche;0.4703;4;1768;16;1920;401;5;NO;
367;Coche;0.4826;4;1768;15;1920;401;5;NO;
368;Coche;0.4941;4;1768;16;1920;401;5;NO;
369;Coche;0.4899;4;1768;18;1919;399;5;NO;
370;Coche;0.4752;4;1768;16;1920;400;5;NO;
371;Coche;0.4517;4;1768;15;1920;401;5;NO;
372;Coche;0.4544;4;1768;15;1920;401;5;NO;
373;Coche;0.4848;4;1768;14;1920;401;5;NO;
374;Coche;0.4879;4;1768;15;1920;401;5;NO;
375;Coche;0.5092;4;1769;18;1918;398;5;NO;
376;Coche;0.5042;4;1769;19;1918;397;5;NO;
377;Coche;0.4869;4;1769;17;1919;400;5;NO;
378;Coche;0.4936;4;1769;17;1919;400;5;NO;
379;Coche;0.4998;4;1769;16;1920;401;5;NO;
380;Coche;0.512;4;1769;16;1920;401;5;NO;
381;Coche;0.519;4;1769;18;1918;398;5;NO;
382;Coche;0.5052;4;1769;16;1919;400;5;NO;
383;Coche;0.4941;4;1769;16;1919;400;5;NO;
384;Coche;0.4998;4;1769;16;1919;401;5;NO;
385;Coche;0.5061;4;1769;15;1919;400;5;NO;
386;Coche;0.4979;4;1769;15;1919;400;5;NO;
387;Coche;0.4987;4;1769;15;1919;400;5;NO;
388;Coche;0.5037;4;1769;14;1919;400;5;NO;
389;Coche;0.4872;4;1770;15;1919;399;5;NO;
390;Coche;0.4488;4;1770;15;1919;398;5;NO;
391;Coche;0.2324;4;1770;17;1918;394;5;NO;
392;Coche;0.3328;4;1770;17;1918;395;5;NO;
393;Coche;0.396;4;1769;17;1919;402;5;NO;
394;Coche;0.4002;4;1768;17;1919;404;5;NO;
395;Coche;0.611;4;1769;20;1917;399;5;NO;
396;Coche;0.6435;4;1770;20;1917;394;5;NO;
397;Coche;0.5857;4;1770;18;1916;390;5;NO;
398;Coche;0.3922;4;1769;16;1917;389;5;NO;
399;Coche;0.3229;4;1769;13;1917;386;5;NO;
400;Coche;0.2307;4;1769;11;1917;385;5;NO;
401;Coche;0.2679;4;1767;10;1917;388;5;NO;
402;Coche;0.1451;4;1772;11;1914;361;5;NO;
403;Coche;0.1364;4;1774;13;1913;354;5;NO;
404;Coche;0.1448;4;1774;14;1913;354;5;NO;
405;Coche;0.1863;4;1772;15;1914;359;5;NO;
406;Coche;0.2489;4;1771;16;1916;367;5;NO;
407;Coche;0.3074;4;1770;15;1918;375;5;NO;
408;Coche;0.3112;4;1769;15;1920;383;5;NO;
408;Coche;0.3862;22;1601;335;1898;491;6;NO;
409;Coche;0.2813;4;1766;14;1920;396;6;NO;
409;Coche;0.1352;22;1583;339;1866;486;6;NO;
410;Coche;0.3476;4;1767;16;1920;394;6;NO;
410;Coche;0.1402;22;1545;339;1833;489;6;NO;
411;Coche;0.5074;4;1767;18;1920;393;6;NO;
412;Coche;0.4081;4;1767;17;1920;393;6;NO;
413;Coche;0.331;4;1767;17;1920;400;6;NO;
414;Coche;0.4073;4;1767;18;1920;394;6;NO;
415;Coche;0.4268;4;1767;19;1920;397;6;NO;
416;Coche;0.4407;4;1767;18;1920;397;6;NO;
417;Coche;0.7038;4;1772;114;1916;470;6;NO;
418;Coche;0.4161;4;1761;96;1920;507;6;NO;
419;Coche;0.1309;4;1755;44;1920;481;6;NO;
419;Coche;0.5127;23;1757;392;1892;531;7;NO;
420;Coche;0.4865;4;1749;85;1913;492;7;NO;
421;Coche;0.1778;4;1748;35;1920;473;7;NO;
422;Coche;0.1289;4;1755;19;1920;431;7;NO;
423;Coche;0.2141;4;1760;15;1920;426;7;NO;
424;Coche;0.2825;4;1764;14;1920;408;7;NO;
425;Coche;0.5743;4;1767;18;1919;402;7;NO;
426;Coche;0.5506;4;1767;19;1918;398;7;NO;
427;Coche;0.3567;4;1768;16;1919;399;7;NO;
428;Coche;0.3598;4;1767;15;1920;400;7;NO;
429;Coche;0.4466;4;1767;15;1920;401;7;NO;
430;Coche;0.448;4;1768;15;1920;401;7;NO;
431;Coche;0.4197;4;1768;16;1920;400;7;NO;
432;Coche;0.4522;4;1768;16;1919;400;7;NO;
433;Coche;0.4933;4;1768;15;1920;400;7;NO;
434;Coche;0.4913;4;1769;16;1920;400;7;NO;
435;Coche;0.4936;4;1769;15;1920;400;7;NO;
436;Coche;0.4953;4;1769;15;1920;401;7;NO;
437;Coche;0.495;4;1769;15;1920;400;7;NO;
438;Coche;0.4878;4;1769;15;1920;400;7;NO;
439;Coche;0.4745;4;1769;15;1919;400;7;NO;
440;Coche;0.4668;4;1769;15;1919;400;7;NO;
441;Coche;0.4817;4;1769;17;1918;397;7;NO;
442;Coche;0.4655;4;1769;18;1918;397;7;NO;
442;Coche;0.3055;29;5;381;1117;1080;8;NO;
443;Coche;0.4989;4;1769;18;1918;396;8;NO;
443;Coche;0.3052;29;6;381;1118;1080;8;NO;
444;Coche;0.5135;4;1769;18;1918;396;8;NO;
444;Coche;0.2166;29;2;375;1123;1080;8;NO;
445;Coche;0.4724;4;1769;18;1918;395;8;NO;
445;Coche;0.1397;29;0;367;1127;1080;8;NO;
446;Coche;0.5161;4;1769;19;1918;395;8;NO;
446;Coche;0.17;29;0;365;1129;1080;8;NO;
447;Coche;0.4834;4;1769;19;1918;396;8;NO;
447;Coche;0.1294;29;0;360;1132;1080;8;NO;
448;Coche;0.4618;4;1769;18;1918;396;8;NO;
448;Coche;0.1424;29;0;358;1133;1080;8;NO;
449;Coche;0.4817;4;1768;18;1918;396;8;NO;
449;Coche;0.1627;29;0;359;1132;1080;8;NO;
450;Coche;0.4793;4;1768;18;1918;396;8;NO;
450;Coche;0.2282;29;0;363;1128;1080;8;NO;
451;Coche;0.4967;4;1768;18;1918;396;8;NO;
451;Coche;0.2048;29;0;362;1128;1080;8;NO;
452;Coche;0.5106;4;1768;18;1918;396;8;NO;
452;Coche;0.2372;29;0;366;1124;1080;8;NO;
453;Coche;0.4993;4;1768;19;1918;396;8;NO;
453;Coche;0.1416;29;0;361;1128;1080;8;NO;
454;Coche;0.5143;4;1768;19;1918;396;8;NO;
454;Coche;0.2285;29;0;365;1125;1080;8;NO;
455;Coche;0.5124;4;1768;19;1918;396;8;NO;
455;Coche;0.2849;29;1;368;1123;1080;8;NO;
456;Coche;0.4936;4;1768;19;1918;396;8;NO;
456;Coche;0.2386;29;0;365;1127;1080;8;NO;
457;Coche;0.5154;4;1767;18;1919;397;8;NO;
457;Coche;0.2898;29;3;367;1125;1080;8;NO;
458;Coche;0.5141;4;1767;18;1919;397;8;NO;
458;Coche;0.2802;29;4;369;1124;1080;8;NO;
459;Coche;0.5028;4;1767;15;1920;400;8;NO;
459;Coche;0.2498;29;2;365;1128;1080;8;NO;
460;Coche;0.5075;4;1767;14;1920;401;8;NO;
460;Coche;0.225;29;1;363;1129;1080;8;NO;
461;Coche;0.5145;4;1768;14;1920;401;8;NO;
461;Coche;0.2365;29;2;364;1129;1080;8;NO;
462;Coche;0.5114;4;1768;13;1920;401;8;NO;
462;Coche;0.249;29;4;367;1127;1080;8;NO;
463;Coche;0.5211;4;1768;16;1919;398;8;NO;
463;Coche;0.2678;29;4;368;1126;1080;8;NO;
464;Coche;0.5108;4;1768;16;1918;397;8;NO;
464;Coche;0.3141;29;5;371;1122;1080;8;NO;
465;Coche;0.5024;4;1768;16;1918;397;8;NO;
465;Coche;0.2647;29;2;367;1124;1080;8;NO;
466;Coche;0.5075;4;1768;16;1918;397;8;NO;
466;Coche;0.2534;29;0;366;1124;1080;8;NO;
467;Coche;0.5011;4;1768;17;1918;396;8;NO;
467;Coche;0.2545;29;1;368;1121;1080;8;NO;
468;Coche;0.5143;4;1768;17;1918;396;8;NO;
468;Coche;0.2588;29;2;369;1120;1080;8;NO;
469;Coche;0.4871;4;1768;16;1919;397;8;NO;
469;Coche;0.3087;29;1;371;1116;1080;8;NO;
470;Coche;0.4798;4;1768;16;1919;396;8;NO;
470;Coche;0.3066;29;1;372;1113;1080;8;NO;
471;Coche;0.4839;4;1768;16;1919;396;8;NO;
471;Coche;0.3172;29;0;370;1114;1080;8;NO;
472;Coche;0.4724;4;1768;16;1919;396;8;NO;
472;Coche;0.3117;29;0;368;1115;1080;8;NO;
473;Coche;0.4807;4;1768;17;1919;397;8;NO;
473;Coche;0.2953;29;0;366;1116;1080;8;NO;
474;Coche;0.4709;4;1768;16;1919;397;8;NO;
474;Coche;0.2466;29;0;361;1120;1080;8;NO;
475;Coche;0.4617;4;1768;16;1919;397;8;NO;
475;Coche;0.2144;29;0;355;1123;1080;8;NO;
476;Coche;0.4934;4;1768;17;1919;397;8;NO;
476;Coche;0.2292;29;0;356;1121;1080;8;NO;
477;Coche;0.4833;4;1768;17;1919;397;8;NO;
477;Coche;0.2303;29;0;357;1120;1080;8;NO;
478;Coche;0.4477;4;1768;17;1919;397;8;NO;
478;Coche;0.1975;29;0;353;1122;1080;8;NO;
479;Coche;0.4309;4;1768;17;1919;397;8;NO;
479;Coche;0.1774;29;0;350;1124;1080;8;NO;
480;Coche;0.4562;4;1768;17;1919;397;8;NO;
480;Coche;0.1497;29;0;345;1127;1080;8;NO;
481;Coche;0.4673;4;1768;16;1919;398;8;NO;
481;Coche;0.2285;29;0;355;1120;1080;8;NO;
482;Coche;0.4817;4;1768;16;1919;399;8;NO;
482;Coche;0.2225;29;0;354;1121;1080;8;NO;
483;Coche;0.4578;4;1768;16;1919;399;8;NO;
483;Coche;0.2588;29;2;358;1119;1080;8;NO;
484;Coche;0.4398;4;1768;15;1919;399;8;NO;
484;Coche;0.2189;29;0;354;1122;1080;8;NO;
485;Coche;0.4356;4;1768;15;1919;399;8;NO;
485;Coche;0.2763;29;2;358;1119;1080;8;NO;
486;Coche;0.4372;4;1768;15;1919;399;8;NO;
486;Coche;0.2336;29;1;355;1120;1080;8;NO;
487;Coche;0.4103;4;1768;15;1919;399;8;NO;
487;Coche;0.1261;29;0;336;1134;1080;8;NO;
488;Coche;0.4409;4;1768;16;1919;399;8;NO;
488;Coche;0.1832;29;0;342;1130;1080;8;NO;
489;Coche;0.4587;4;1768;16;1919;398;8;NO;
489;Coche;0.1464;29;0;339;1132;1080;8;NO;
490;Coche;0.4522;4;1768;16;1919;398;8;NO;
490;Coche;0.1603;29;0;339;1131;1080;8;NO;
491;Coche;0.4544;4;1768;17;1918;398;8;NO;
491;Coche;0.1745;29;0;340;1130;1080;8;NO;
492;Coche;0.4618;4;1768;17;1918;398;8;NO;
492;Coche;0.147;29;0;333;1135;1080;8;NO;
493;Coche;0.4182;4;1768;16;1919;398;8;NO;
493;Coche;0.1004;29;0;327;1138;1080;8;NO;
494;Coche;0.4166;4;1768;16;1919;398;8;NO;
494;Coche;0.1457;29;0;339;1130;1080;8;NO;
495;Coche;0.4135;4;1768;16;1919;398;8;NO;
495;Coche;0.1621;29;4;344;1128;1080;8;NO;
496;Coche;0.4304;4;1768;15;1919;398;8;NO;
496;Coche;0.1785;29;8;351;1123;1080;8;NO;
497;Coche;0.4442;4;1768;16;1919;397;8;NO;
497;Coche;0.2167;29;10;356;1119;1080;8;NO;
498;Coche;0.4342;4;1768;15;1919;397;8;NO;
498;Coche;0.2254;29;13;359;1120;1080;8;NO;
499;Coche;0.4543;4;1768;16;1919;397;8;NO;
499;Coche;0.2538;29;14;362;1118;1080;8;NO;
500;Coche;0.4342;4;1768;17;1918;397;8;NO;
500;Coche;0.2319;29;10;360;1119;1080;8;NO;
501;Coche;0.4211;4;1768;17;1919;397;8;NO;
501;Coche;0.2192;29;7;356;1123;1080;8;NO;
502;Coche;0.4121;4;1768;17;1919;397;8;NO;
502;Coche;0.1746;29;2;349;1129;1080;8;NO;
503;Coche;0.385;4;1768;17;1919;397;8;NO;
503;Coche;0.1082;29;0;330;1143;1080;8;NO;
504;Coche;0.3771;4;1768;17;1919;397;8;NO;
504;Coche;0.1531;29;0;337;1136;1080;8;NO;
505;Coche;0.4898;4;1768;18;1918;396;8;NO;
505;Coche;0.1619;29;0;342;1132;1080;8;NO;
506;Coche;0.5081;4;1768;19;1918;396;8;NO;
506;Coche;0.1805;29;3;346;1129;1080;8;NO;
507;Coche;0.5033;4;1768;19;1918;396;8;NO;
507;Coche;0.1813;29;2;343;1132;1080;8;NO;
508;Coche;0.5006;4;1768;20;1918;396;8;NO;
508;Coche;0.1578;29;2;343;1134;1080;8;NO;
509;Coche;0.5017;4;1768;20;1918;396;8;NO;
509;Coche;0.2093;29;6;348;1130;1080;8;NO;
510;Coche;0.5074;4;1768;21;1918;396;8;NO;
510;Coche;0.2429;29;9;353;1127;1080;8;NO;
511;Coche;0.468;4;1768;21;1918;396;8;NO;
511;Coche;0.2008;29;6;350;1130;1080;8;NO;
512;Coche;0.454;4;1768;22;1918;396;8;NO;
512;Coche;0.1617;29;3;346;1132;1080;8;NO;
513;Coche;0.4763;4;1768;22;1918;396;8;NO;
513;Coche;0.1419;29;0;343;1133;1080;8;NO;
514;Coche;0.4714;4;1768;21;1918;396;8;NO;
514;Coche;0.1743;29;0;339;1135;1080;8;NO;
515;Coche;0.4717;4;1768;20;1918;396;8;NO;
515;Coche;0.167;29;0;337;1136;1080;8;NO;
516;Coche;0.4666;4;1768;20;1919;396;8;NO;
516;Coche;0.1521;29;0;337;1136;1080;8;NO;
517;Coche;0.3855;4;1767;19;1919;397;8;NO;
517;Coche;0.1177;29;1;339;1136;1080;8;NO;
518;Coche;0.4096;4;1767;19;1919;397;8;NO;
518;Coche;0.1263;29;0;337;1137;1080;8;NO;
519;Coche;0.3551;4;1767;19;1919;397;8;NO;
519;Coche;0.1823;29;3;343;1131;1080;8;NO;
520;Coche;0.3524;4;1767;19;1919;397;8;NO;
520;Coche;0.1699;29;2;343;1131;1080;8;NO;
521;Coche;0.373;4;1767;18;1919;397;8;NO;
521;Coche;0.1629;29;0;342;1130;1080;8;NO;
522;Coche;0.3751;4;1767;18;1919;398;8;NO;
522;Coche;0.1468;29;0;339;1130;1080;8;NO;
523;Coche;0.3979;4;1767;17;1919;398;8;NO;
523;Coche;0.2876;29;6;355;1116;1080;8;NO;
524;Coche;0.3932;4;1767;17;1919;398;8;NO;
524;Coche;0.3189;29;9;363;1109;1080;8;NO;
525;Coche;0.4135;4;1767;17;1919;398;8;NO;
525;Coche;0.3251;29;10;365;1108;1080;8;NO;
526;Coche;0.4283;4;1767;17;1919;398;8;NO;
526;Coche;0.3108;29;11;366;1109;1080;8;NO;
527;Coche;0.4522;4;1767;17;1919;398;8;NO;
527;Coche;0.292;29;11;366;1111;1080;8;NO;
528;Coche;0.4496;4;1767;17;1919;398;8;NO;
528;Coche;0.2859;29;10;367;1110;1080;8;NO;
529;Coche;0.4378;4;1767;17;1919;398;8;NO;
529;Coche;0.2515;29;11;367;1113;1080;8;NO;
530;Coche;0.4181;4;1767;17;1919;399;8;NO;
530;Coche;0.2036;29;9;362;1119;1080;8;NO;
531;Coche;0.4242;4;1767;17;1919;399;8;NO;
531;Coche;0.2455;29;11;365;1118;1080;8;NO;
532;Coche;0.4188;4;1767;17;1919;399;8;NO;
532;Coche;0.2627;29;10;366;1117;1080;8;NO;
533;Coche;0.4077;4;1767;17;1919;399;8;NO;
533;Coche;0.2507;29;8;365;1118;1080;8;NO;
534;Coche;0.3978;4;1767;16;1919;399;8;NO;
534;Coche;0.1923;29;2;357;1124;1080;8;NO;
535;Coche;0.4195;4;1768;17;1919;399;8;NO;
535;Coche;0.2928;29;5;361;1121;1080;8;NO;
536;Coche;0.416;4;1768;17;1919;399;8;NO;
536;Coche;0.3404;29;10;367;1117;1080;8;NO;
537;Coche;0.405;4;1768;17;1919;399;8;NO;
537;Coche;0.3355;29;11;368;1119;1080;8;NO;
538;Coche;0.4269;4;1768;18;1919;399;8;NO;
538;Coche;0.3069;29;9;367;1120;1080;8;NO;
539;Coche;0.4295;4;1768;18;1919;399;8;NO;
539;Coche;0.3275;29;7;369;1117;1080;8;NO;
540;Coche;0.4433;4;1768;18;1919;399;8;NO;
540;Coche;0.3325;29;7;371;1114;1080;8;NO;
541;Coche;0.4046;4;1768;17;1919;399;8;NO;
541;Coche;0.358;29;8;372;1114;1080;8;NO;
542;Coche;0.4082;4;1768;18;1919;399;8;NO;
542;Coche;0.3424;29;8;373;1114;1080;8;NO;
543;Coche;0.3766;4;1768;18;1919;400;8;NO;
543;Coche;0.3272;29;7;373;1114;1080;8;NO;
544;Coche;0.3899;4;1768;19;1919;400;8;NO;
544;Coche;0.3247;29;7;372;1114;1080;8;NO;
545;Coche;0.3841;4;1768;18;1919;400;8;NO;
545;Coche;0.3359;29;7;373;1116;1080;8;NO;
546;Coche;0.3828;4;1768;18;1919;400;8;NO;
546;Coche;0.3299;29;8;373;1117;1080;8;NO;
547;Coche;0.3929;4;1768;19;1919;401;8;NO;
547;Coche;0.3228;29;7;372;1118;1080;8;NO;
548;Coche;0.3869;4;1768;19;1919;401;8;NO;
548;Coche;0.323;29;7;372;1120;1080;8;NO;
549;Coche;0.3856;4;1768;18;1919;401;8;NO;
549;Coche;0.3151;29;7;371;1121;1080;8;NO;
550;Coche;0.3825;4;1768;17;1919;401;8;NO;
550;Coche;0.357;29;7;373;1119;1080;8;NO;
551;Coche;0.3862;4;1768;17;1919;401;8;NO;
551;Coche;0.3567;29;6;374;1117;1080;8;NO;
552;Coche;0.3782;4;1768;17;1919;401;8;NO;
552;Coche;0.3204;29;4;373;1117;1080;8;NO;
553;Coche;0.3197;4;1768;15;1919;401;8;NO;
553;Coche;0.3313;29;3;372;1117;1080;8;NO;
554;Coche;0.3162;4;1768;15;1919;401;8;NO;
554;Coche;0.3069;29;2;370;1118;1080;8;NO;
555;Coche;0.2935;4;1768;13;1920;403;8;NO;
555;Coche;0.2993;29;1;368;1119;1080;8;NO;
556;Coche;0.3234;4;1768;13;1920;403;8;NO;
556;Coche;0.3338;29;3;371;1119;1080;8;NO;
557;Coche;0.3326;4;1768;13;1920;404;8;NO;
557;Coche;0.3097;29;4;370;1119;1080;8;NO;
558;Coche;0.347;4;1769;13;1920;404;8;NO;
558;Coche;0.3185;29;5;372;1119;1080;8;NO;
559;Coche;0.3646;4;1769;14;1920;404;8;NO;
559;Coche;0.3417;29;5;372;1119;1080;8;NO;
560;Coche;0.3774;4;1769;15;1920;404;8;NO;
560;Coche;0.3319;29;5;373;1119;1080;8;NO;
561;Coche;0.3734;4;1769;15;1920;403;8;NO;
561;Coche;0.3229;29;6;372;1120;1080;8;NO;
562;Coche;0.3498;4;1769;15;1919;403;8;NO;
562;Coche;0.3369;29;6;373;1120;1080;8;NO;
563;Coche;0.3301;4;1770;16;1919;403;8;NO;
563;Coche;0.3048;29;4;371;1122;1080;8;NO;
564;Coche;0.3549;4;1770;16;1919;403;8;NO;
564;Coche;0.3441;29;5;372;1122;1080;8;NO;
565;Coche;0.3588;4;1770;16;1919;403;8;NO;
565;Coche;0.3014;29;4;370;1124;1080;8;NO;
566;Coche;0.3951;4;1770;17;1918;400;8;NO;
566;Coche;0.2874;29;3;369;1124;1080;8;NO;
567;Coche;0.4144;4;1769;17;1917;399;8;NO;
567;Coche;0.2512;29;1;368;1124;1080;8;NO;
568;Coche;0.4314;4;1769;17;1917;399;8;NO;
568;Coche;0.2372;29;0;365;1126;1080;8;NO;
569;Coche;0.44;4;1769;18;1917;398;8;NO;
569;Coche;0.2727;29;1;367;1125;1080;8;NO;
570;Coche;0.4325;4;1769;18;1917;398;8;NO;
570;Coche;0.2322;29;0;365;1124;1080;8;NO;
571;Coche;0.3979;4;1769;18;1918;400;8;NO;
571;Coche;0.1901;29;0;359;1127;1080;8;NO;
572;Coche;0.3803;4;1769;17;1919;401;8;NO;
572;Coche;0.1936;29;0;360;1127;1080;8;NO;
573;Coche;0.3976;4;1769;17;1919;402;8;NO;
573;Coche;0.1827;29;0;359;1128;1080;8;NO;
574;Coche;0.4048;4;1770;19;1918;399;8;NO;
574;Coche;0.1767;29;0;359;1126;1080;8;NO;
575;Coche;0.3988;4;1770;19;1918;398;8;NO;
575;Coche;0.2322;29;1;363;1126;1080;8;NO;
576;Coche;0.4264;4;1770;18;1918;397;8;NO;
576;Coche;0.2293;29;2;362;1127;1080;8;NO;
577;Coche;0.4611;4;1769;17;1918;398;8;NO;
577;Coche;0.2699;29;3;364;1125;1080;8;NO;
578;Coche;0.4664;4;1768;16;1918;399;8;NO;
578;Coche;0.3147;29;3;366;1121;1080;8;NO;
579;Coche;0.458;4;1768;16;1918;399;8;NO;
579;Coche;0.3417;29;4;369;1118;1080;8;NO;
580;Coche;0.4625;4;1768;16;1918;399;8;NO;
580;Coche;0.371;29;5;372;1115;1080;8;NO;
581;Coche;0.4351;4;1768;15;1919;399;8;NO;
581;Coche;0.3671;29;6;374;1113;1080;8;NO;
582;Coche;0.4309;4;1768;15;1919;399;8;NO;
582;Coche;0.3916;29;6;376;1111;1080;8;NO;
583;Coche;0.4248;4;1768;14;1919;399;8;NO;
583;Coche;0.384;29;6;377;1110;1080;8;NO;
584;Coche;0.4077;4;1768;14;1919;399;8;NO;
584;Coche;0.3702;29;5;376;1111;1080;8;NO;
585;Coche;0.42;4;1768;14;1919;399;8;NO;
585;Coche;0.3672;29;6;376;1112;1080;8;NO;
586;Coche;0.4059;4;1768;14;1919;399;8;NO;
586;Coche;0.3634;29;5;376;1111;1080;8;NO;
587;Coche;0.4082;4;1768;14;1919;399;8;NO;
587;Coche;0.3719;29;4;376;1110;1080;8;NO;
588;Coche;0.3945;4;1768;13;1919;399;8;NO;
588;Coche;0.3605;29;3;376;1110;1080;8;NO;
589;Coche;0.3679;4;1768;13;1919;399;8;NO;
589;Coche;0.3893;29;3;377;1108;1080;8;NO;
590;Coche;0.3646;4;1768;13;1919;400;8;NO;
590;Coche;0.386;29;4;378;1108;1080;8;NO;
591;Coche;0.3572;4;1768;13;1919;400;8;NO;
591;Coche;0.3844;29;5;377;1111;1080;8;NO;
592;Coche;0.3731;4;1768;14;1919;400;8;NO;
592;Coche;0.3853;29;6;376;1113;1080;8;NO;
593;Coche;0.3794;4;1768;13;1919;400;8;NO;
593;Coche;0.3697;29;5;374;1116;1080;8;NO;
594;Coche;0.3847;4;1768;14;1919;400;8;NO;
594;Coche;0.3666;29;5;374;1117;1080;8;NO;
595;Coche;0.3973;4;1768;14;1919;399;8;NO;
595;Coche;0.3807;29;5;374;1117;1080;8;NO;
596;Coche;0.3815;4;1768;13;1920;402;8;NO;
596;Coche;0.3858;29;5;374;1117;1080;8;NO;
597;Coche;0.3926;4;1769;13;1920;402;8;NO;
597;Coche;0.4006;29;5;374;1116;1080;8;NO;
598;Coche;0.4069;4;1769;14;1920;403;8;NO;
598;Coche;0.3934;29;4;375;1115;1080;8;NO;
599;Coche;0.4041;4;1769;15;1920;403;8;NO;
599;Coche;0.3819;29;4;375;1115;1080;8;NO;
600;Coche;0.3989;4;1769;15;1920;403;8;NO;
600;Coche;0.3674;29;5;375;1117;1080;8;NO;
601;Coche;0.3599;4;1770;17;1919;402;8;NO;
601;Coche;0.3838;29;4;373;1119;1080;8;NO;
602;Coche;0.3474;4;1770;17;1919;402;8;NO;
602;Coche;0.3903;29;5;374;1120;1080;8;NO;
603;Coche;0.3581;4;1770;17;1919;402;8;NO;
603;Coche;0.4001;29;5;373;1121;1080;8;NO;
604;Coche;0.3453;4;1770;17;1919;401;8;NO;
604;Coche;0.3905;29;6;372;1123;1080;8;NO;
605;Coche;0.3459;4;1770;18;1919;401;8;NO;
605;Coche;0.4109;29;5;373;1121;1080;8;NO;
606;Coche;0.3463;4;1770;18;1918;399;8;NO;
606;Coche;0.4113;29;4;374;1120;1080;8;NO;
607;Coche;0.3638;4;1770;18;1917;398;8;NO;
607;Coche;0.4054;29;4;374;1119;1080;8;NO;
608;Coche;0.3698;4;1770;17;1918;400;8;NO;
608;Coche;0.4023;29;3;374;1119;1080;8;NO;
609;Coche;0.3656;4;1769;17;1918;398;8;NO;
609;Coche;0.404;29;3;374;1119;1080;8;NO;
610;Coche;0.3822;4;1769;17;1918;397;8;NO;
610;Coche;0.4064;29;3;375;1118;1080;8;NO;
611;Coche;0.3619;4;1769;16;1918;397;8;NO;
611;Coche;0.4041;29;4;375;1118;1080;8;NO;
612;Coche;0.3507;4;1769;15;1918;397;8;NO;
612;Coche;0.4035;29;4;375;1118;1080;8;NO;
613;Coche;0.3295;4;1768;15;1918;397;8;NO;
613;Coche;0.398;29;4;375;1119;1080;8;NO;
614;Coche;0.3157;4;1768;14;1919;400;8;NO;
614;Coche;0.3767;29;4;373;1122;1080;8;NO;
615;Coche;0.3237;4;1768;14;1919;399;8;NO;
615;Coche;0.3996;29;5;373;1123;1080;8;NO;
616;Coche;0.342;4;1768;15;1918;399;8;NO;
616;Coche;0.4062;29;5;373;1123;1080;8;NO;
617;Coche;0.3501;4;1768;15;1918;399;8;NO;
617;Coche;0.4053;29;4;374;1122;1080;8;NO;
618;Coche;0.3349;4;1768;15;1918;399;8;NO;
618;Coche;0.4108;29;4;374;1122;1080;8;NO;
619;Coche;0.3278;4;1768;15;1918;399;8;NO;
619;Coche;0.4122;29;5;373;1123;1080;8;NO;
620;Coche;0.3227;4;1768;15;1918;399;8;NO;
620;Coche;0.4012;29;5;374;1124;1080;8;NO;
621;Coche;0.3024;4;1768;15;1918;399;8;NO;
621;Coche;0.4003;29;4;373;1125;1080;8;NO;
622;Coche;0.3025;4;1768;15;1918;399;8;NO;
622;Coche;0.3924;29;4;372;1125;1080;8;NO;
623;Coche;0.2598;4;1768;16;1918;399;8;NO;
623;Coche;0.3908;29;4;372;1126;1080;8;NO;
624;Coche;0.2296;4;1768;16;1918;398;8;NO;
624;Coche;0.3848;29;4;371;1126;1080;8;NO;
625;Coche;0.1189;4;1768;14;1919;399;8;NO;
625;Coche;0.4029;29;5;373;1125;1080;8;NO;
626;Coche;0.1601;4;1767;13;1919;399;8;NO;
626;Coche;0.4052;29;5;374;1125;1080;8;NO;
627;Coche;0.1921;4;1768;13;1919;399;8;NO;
627;Coche;0.4081;29;5;374;1124;1080;8;NO;
628;Coche;0.1809;4;1767;14;1920;405;8;NO;
628;Coche;0.3973;29;4;374;1124;1080;8;NO;
629;Coche;0.3493;4;1767;14;1919;404;8;NO;
629;Coche;0.4036;29;4;375;1123;1080;8;NO;
630;Coche;0.5895;4;1768;16;1917;398;8;NO;
630;Coche;0.3925;29;4;375;1123;1080;8;NO;
631;Coche;0.5156;4;1768;16;1917;395;8;NO;
631;Coche;0.4034;29;3;375;1122;1080;8;NO;
631;Coche;0.6732;30;1707;374;1920;555;9;NO;
632;Coche;0.4781;4;1768;15;1917;392;9;NO;
632;Coche;0.4006;29;3;375;1121;1080;9;NO;
632;Coche;0.596;30;1706;393;1917;559;9;NO;
633;Coche;0.3863;4;1766;13;1917;395;9;NO;
633;Coche;0.3927;29;3;375;1121;1080;9;NO;
633;Coche;0.4573;30;1678;351;1920;548;9;NO;
634;Coche;0.2798;4;1765;11;1919;401;9;NO;
634;Coche;0.4016;29;3;376;1121;1080;9;NO;
635;Coche;0.1023;4;1766;10;1917;389;9;NO;
635;Coche;0.4072;29;3;376;1120;1080;9;NO;
636;Coche;0.406;29;3;376;1119;1080;9;NO;
637;Coche;0.3937;29;2;376;1119;1080;9;NO;
638;Coche;0.4002;29;2;376;1117;1080;9;NO;
639;Coche;0.3851;29;2;375;1119;1080;9;NO;
640;Coche;0.3689;29;2;375;1118;1080;9;NO;
640;Coche;0.2536;4;1767;12;1920;406;9;NO;
641;Coche;0.3765;29;2;375;1118;1080;9;NO;
642;Coche;0.3796;29;1;374;1119;1080;9;NO;
642;Coche;0.4522;30;1661;334;1893;512;9;NO;
643;Coche;0.3853;29;0;373;1117;1080;9;NO;
643;Coche;0.5372;30;1633;336;1870;510;9;NO;
644;Coche;0.3719;29;0;374;1117;1080;9;NO;
644;Coche;0.474;30;1636;335;1862;492;9;NO;
645;Coche;0.3784;29;0;373;1116;1080;9;NO;
645;Coche;0.5105;30;1615;337;1845;489;9;NO;
646;Coche;0.3651;29;1;372;1118;1080;9;NO;
647;Coche;0.3631;29;3;373;1120;1080;9;NO;
647;Coche;0.3519;4;1770;18;1919;396;9;NO;
648;Coche;0.3602;29;4;372;1121;1080;9;NO;
648;Coche;0.2616;4;1769;16;1919;396;9;NO;
649;Coche;0.3551;29;4;373;1121;1080;9;NO;
649;Coche;0.1082;4;1767;13;1920;405;9;NO;
650;Coche;0.3628;29;5;373;1122;1080;9;NO;
650;Coche;0.3067;4;1767;15;1919;402;9;NO;
651;Coche;0.371;29;4;373;1121;1080;9;NO;
651;Coche;0.4446;4;1768;19;1918;401;9;NO;
652;Coche;0.3642;29;4;373;1122;1080;9;NO;
652;Coche;0.346;4;1768;18;1918;399;9;NO;
653;Coche;0.3761;29;4;373;1121;1080;9;NO;
653;Coche;0.3809;4;1768;19;1918;401;9;NO;
654;Coche;0.3891;29;4;373;1121;1080;9;NO;
654;Coche;0.4326;4;1768;20;1918;401;9;NO;
655;Coche;0.3827;29;3;373;1120;1080;9;NO;
655;Coche;0.2871;4;1768;19;1918;401;9;NO;
656;Coche;0.3834;29;3;373;1119;1080;9;NO;
656;Coche;0.3761;4;1767;18;1918;401;9;NO;
657;Coche;0.3961;29;3;374;1118;1080;9;NO;
657;Coche;0.3141;4;1767;17;1918;400;9;NO;
658;Coche;0.4019;29;2;374;1118;1080;9;NO;
658;Coche;0.324;4;1768;17;1918;400;9;NO;
659;Coche;0.3967;29;2;373;1118;1080;9;NO;
659;Coche;0.3097;4;1768;17;1918;399;9;NO;
660;Coche;0.4127;29;2;373;1118;1080;9;NO;
660;Coche;0.2508;4;1767;16;1918;400;9;NO;
661;Coche;0.4171;29;1;374;1115;1080;9;NO;
661;Coche;0.324;4;1767;16;1919;400;9;NO;
662;Coche;0.4075;29;0;374;1114;1080;9;NO;
662;Coche;0.3219;4;1767;17;1918;399;9;NO;
663;Coche;0.4032;29;3;375;1115;1080;9;NO;
663;Coche;0.2946;4;1768;18;1918;398;9;NO;
664;Coche;0.405;29;3;375;1115;1080;9;NO;
664;Coche;0.3307;4;1768;18;1918;397;9;NO;
665;Coche;0.4033;29;4;375;1116;1080;9;NO;
665;Coche;0.2941;4;1768;18;1918;398;9;NO;
666;Coche;0.4034;29;3;375;1115;1080;9;NO;
666;Coche;0.2936;4;1768;18;1918;398;9;NO;
667;Coche;0.3946;29;4;375;1117;1080;9;NO;
667;Coche;0.3138;4;1768;18;1918;399;9;NO;
668;Coche;0.3916;29;5;375;1118;1080;9;NO;
668;Coche;0.3362;4;1768;18;1918;398;9;NO;
669;Coche;0.3988;29;5;376;1117;1080;9;NO;
669;Coche;0.3249;4;1768;18;1918;398;9;NO;
670;Coche;0.3944;29;6;376;1119;1080;9;NO;
670;Coche;0.3526;4;1768;18;1918;398;9;NO;
671;Coche;0.3952;29;6;376;1120;1080;9;NO;
671;Coche;0.3762;4;1768;18;1918;398;9;NO;
672;Coche;0.3816;29;7;375;1123;1080;9;NO;
672;Coche;0.395;4;1767;18;1919;399;9;NO;
673;Coche;0.3798;29;7;373;1126;1080;9;NO;
673;Coche;0.3707;4;1767;16;1920;401;9;NO;
674;Coche;0.3789;29;7;373;1127;1080;9;NO;
674;Coche;0.3633;4;1768;15;1920;401;9;NO;
675;Coche;0.3724;29;6;372;1128;1080;9;NO;
675;Coche;0.3637;4;1768;14;1920;402;9;NO;
676;Coche;0.3658;29;5;371;1130;1080;9;NO;
676;Coche;0.3592;4;1768;15;1920;402;9;NO;
677;Coche;0.3663;29;5;371;1129;1080;9;NO;
677;Coche;0.3428;4;1768;15;1920;402;9;NO;
678;Coche;0.3688;29;4;371;1129;1080;9;NO;
678;Coche;0.3473;4;1768;16;1920;402;9;NO;
679;Coche;0.3753;29;3;371;1128;1080;9;NO;
679;Coche;0.3576;4;1768;16;1919;402;9;NO;
680;Coche;0.3781;29;3;371;1127;1080;9;NO;
680;Coche;0.3542;4;1769;16;1919;402;9;NO;
681;Coche;0.373;29;3;372;1127;1080;9;NO;
681;Coche;0.3404;4;1768;16;1919;402;9;NO;
682;Coche;0.3726;29;3;371;1126;1080;9;NO;
682;Coche;0.3542;4;1769;15;1919;402;9;NO;
683;Coche;0.3722;29;3;371;1126;1080;9;NO;
683;Coche;0.3413;4;1769;16;1919;402;9;NO;
684;Coche;0.3713;29;3;371;1127;1080;9;NO;
684;Coche;0.3378;4;1769;15;1919;402;9;NO;
685;Coche;0.3633;29;2;370;1127;1080;9;NO;
685;Coche;0.3599;4;1769;14;1919;402;9;NO;
686;Coche;0.3556;29;2;369;1128;1080;9;NO;
686;Coche;0.3783;4;1769;14;1919;402;9;NO;
687;Coche;0.3627;29;2;370;1126;1080;9;NO;
687;Coche;0.4084;4;1769;15;1918;400;9;NO;
688;Coche;0.3677;29;2;371;1125;1080;9;NO;
688;Coche;0.4381;4;1769;16;1918;399;9;NO;
689;Coche;0.3747;29;2;372;1123;1080;9;NO;
689;Coche;0.4463;4;1769;17;1918;398;9;NO;
690;Coche;0.3774;29;2;372;1123;1080;9;NO;
690;Coche;0.4539;4;1769;17;1918;398;9;NO;
691;Coche;0.3854;29;1;372;1120;1080;9;NO;
691;Coche;0.4823;4;1769;17;1918;398;9;NO;
692;Coche;0.389;29;1;373;1119;1080;9;NO;
692;Coche;0.4928;4;1769;19;1918;398;9;NO;
693;Coche;0.3899;29;2;372;1120;1080;9;NO;
693;Coche;0.4742;4;1769;18;1918;398;9;NO;
694;Coche;0.386;29;2;372;1121;1080;9;NO;
694;Coche;0.4362;4;1769;18;1918;398;9;NO;
695;Coche;0.3813;29;3;372;1122;1080;9;NO;
695;Coche;0.4579;4;1769;17;1919;400;9;NO;
696;Coche;0.4039;29;4;372;1122;1080;9;NO;
696;Coche;0.4602;4;1769;17;1918;398;9;NO;
697;Coche;0.3886;29;3;371;1122;1080;9;NO;
697;Coche;0.4898;4;1769;16;1919;400;9;NO;
698;Coche;0.388;29;2;371;1121;1080;9;NO;
698;Coche;0.4938;4;1769;16;1919;400;9;NO;
699;Coche;0.3909;29;1;370;1121;1080;9;NO;
699;Coche;0.4838;4;1769;16;1919;400;9;NO;
700;Coche;0.3908;29;1;370;1122;1080;9;NO;
700;Coche;0.4746;4;1769;16;1919;400;9;NO;
701;Coche;0.3857;29;2;369;1123;1080;9;NO;
701;Coche;0.4789;4;1769;16;1919;400;9;NO;
702;Coche;0.385;29;5;370;1125;1080;9;NO;
702;Coche;0.473;4;1769;16;1919;400;9;NO;
703;Coche;0.3724;29;5;370;1127;1080;9;NO;
703;Coche;0.4453;4;1769;16;1919;400;9;NO;
704;Coche;0.3663;29;4;370;1126;1080;9;NO;
704;Coche;0.4431;4;1769;16;1919;400;9;NO;
705;Coche;0.3729;29;4;370;1126;1080;9;NO;
705;Coche;0.4352;4;1769;16;1919;400;9;NO;
706;Coche;0.3752;29;4;369;1127;1080;9;NO;
706;Coche;0.4325;4;1769;15;1919;400;9;NO;
707;Coche;0.3749;29;2;368;1126;1080;9;NO;
707;Coche;0.4401;4;1769;15;1919;400;9;NO;
708;Coche;0.3698;29;3;369;1126;1080;9;NO;
708;Coche;0.4322;4;1769;15;1919;400;9;NO;
709;Coche;0.3587;29;3;370;1124;1080;9;NO;
709;Coche;0.4356;4;1769;16;1919;400;9;NO;
710;Coche;0.3524;29;3;370;1125;1080;9;NO;
710;Coche;0.4386;4;1769;16;1919;401;9;NO;
711;Coche;0.3397;29;4;370;1125;1080;9;NO;
711;Coche;0.4495;4;1769;17;1919;401;9;NO;
712;Coche;0.3459;29;5;371;1125;1080;9;NO;
712;Coche;0.4347;4;1769;16;1919;401;9;NO;
713;Coche;0.3423;29;5;371;1125;1080;9;NO;
713;Coche;0.4448;4;1769;16;1919;401;9;NO;
714;Coche;0.3379;29;6;371;1127;1080;9;NO;
714;Coche;0.4251;4;1769;15;1919;401;9;NO;
715;Coche;0.3245;29;7;371;1129;1080;9;NO;
715;Coche;0.4148;4;1769;15;1919;402;9;NO;
716;Coche;0.356;29;6;372;1129;1080;9;NO;
716;Coche;0.407;4;1769;15;1919;401;9;NO;
717;Coche;0.3541;29;6;371;1128;1080;9;NO;
717;Coche;0.4163;4;1769;15;1919;401;9;NO;
718;Coche;0.351;29;6;371;1129;1080;9;NO;
718;Coche;0.4029;4;1770;16;1919;401;9;NO;
719;Coche;0.3591;29;5;371;1128;1080;9;NO;
719;Coche;0.4081;4;1770;16;1919;401;9;NO;
720;Coche;0.3702;29;3;372;1125;1080;9;NO;
720;Coche;0.412;4;1770;16;1919;401;9;NO;
721;Coche;0.3839;29;1;372;1122;1080;9;NO;
721;Coche;0.411;4;1769;15;1919;400;9;NO;
722;Coche;0.3751;29;2;372;1123;1080;9;NO;
722;Coche;0.4036;4;1769;15;1918;400;9;NO;
723;Coche;0.3618;29;3;372;1124;1080;9;NO;
723;Coche;0.3997;4;1769;15;1918;400;9;NO;
724;Coche;0.3572;29;4;372;1125;1080;9;NO;
724;Coche;0.3922;4;1769;15;1918;400;9;NO;
725;Coche;0.3536;29;3;372;1124;1080;9;NO;
725;Coche;0.4043;4;1769;15;1918;400;9;NO;
726;Coche;0.3891;29;0;374;1117;1080;9;NO;
726;Coche;0.3953;4;1769;15;1918;400;9;NO;
727;Coche;0.3935;29;0;374;1112;1080;9;NO;
727;Coche;0.3959;4;1769;15;1918;400;9;NO;
728;Coche;0.3886;29;0;374;1111;1080;9;NO;
728;Coche;0.3777;4;1769;15;1918;400;9;NO;
729;Coche;0.3981;29;0;373;1113;1080;9;NO;
729;Coche;0.3834;4;1769;16;1917;398;9;NO;
730;Coche;0.3973;29;0;373;1113;1080;9;NO;
730;Coche;0.3769;4;1769;15;1918;399;9;NO;
731;Coche;0.3796;29;0;371;1114;1080;9;NO;
731;Coche;0.2826;4;1768;15;1917;398;9;NO;
732;Coche;0.4208;29;0;371;1112;1080;9;NO;
732;Coche;0.2544;4;1768;15;1917;397;9;NO;
733;Coche;0.3887;29;0;371;1111;1080;9;NO;
733;Coche;0.2748;4;1768;16;1917;397;9;NO;
734;Coche;0.3836;29;0;371;1114;1080;9;NO;
734;Coche;0.2951;4;1768;16;1917;398;9;NO;
735;Coche;0.394;29;1;371;1115;1080;9;NO;
735;Coche;0.3327;4;1768;17;1917;398;9;NO;
736;Coche;0.4004;29;0;371;1110;1080;9;NO;
736;Coche;0.3244;4;1768;17;1918;400;9;NO;
737;Coche;0.3926;29;0;372;1107;1080;9;NO;
737;Coche;0.3776;4;1768;17;1919;401;9;NO;
738;Coche;0.3799;29;0;373;1103;1080;9;NO;
738;Coche;0.4054;4;1768;16;1919;401;9;NO;
739;Coche;0.3757;29;0;374;1099;1080;9;NO;
739;Coche;0.4077;4;1769;16;1919;401;9;NO;
740;Coche;0.3892;29;0;373;1096;1080;9;NO;
740;Coche;0.4218;4;1769;16;1919;401;9;NO;
741;Coche;0.3941;29;0;374;1091;1080;9;NO;
741;Coche;0.4276;4;1769;16;1919;401;9;NO;
742;Coche;0.3842;29;0;375;1090;1080;9;NO;
742;Coche;0.4137;4;1769;16;1919;401;9;NO;
743;Coche;0.3841;29;0;375;1091;1080;9;NO;
743;Coche;0.4346;4;1769;15;1919;401;9;NO;
744;Coche;0.3932;29;0;375;1088;1080;9;NO;
744;Coche;0.4358;4;1769;15;1919;401;9;NO;
745;Coche;0.4138;29;0;375;1085;1080;9;NO;
745;Coche;0.4066;4;1769;15;1919;401;9;NO;
746;Coche;0.4245;29;0;374;1084;1080;9;NO;
746;Coche;0.4045;4;1769;15;1919;401;9;NO;
747;Coche;0.425;29;0;374;1083;1080;9;NO;
747;Coche;0.4037;4;1768;15;1919;401;9;NO;
748;Coche;0.4168;29;0;375;1084;1080;9;NO;
748;Coche;0.3965;4;1768;15;1919;401;9;NO;
749;Coche;0.4361;29;0;375;1081;1080;9;NO;
749;Coche;0.3663;4;1768;15;1919;401;9;NO;
750;Coche;0.4329;29;0;375;1077;1080;9;NO;
750;Coche;0.3601;4;1768;15;1919;401;9;NO;
751;Coche;0.4378;29;0;375;1075;1080;9;NO;
751;Coche;0.3445;4;1768;15;1919;401;9;NO;
752;Coche;0.4366;29;0;375;1074;1080;9;NO;
752;Coche;0.3587;4;1768;15;1919;401;9;NO;
753;Coche;0.446;29;0;375;1072;1080;9;NO;
753;Coche;0.3623;4;1769;16;1919;401;9;NO;
754;Coche;0.4374;29;0;376;1070;1080;9;NO;
754;Coche;0.3685;4;1769;16;1919;401;9;NO;
755;Coche;0.437;29;0;376;1068;1080;9;NO;
755;Coche;0.3678;4;1769;16;1919;401;9;NO;
756;Coche;0.4454;29;0;375;1068;1080;9;NO;
756;Coche;0.3686;4;1769;16;1919;401;9;NO;
757;Coche;0.4086;29;0;374;1071;1080;9;NO;
757;Coche;0.3598;4;1768;18;1917;399;9;NO;
757;Coche;0.3794;35;952;290;1142;449;10;NO;
758;Coche;0.419;29;0;374;1070;1080;10;NO;
758;Coche;0.3933;4;1768;20;1916;398;10;NO;
758;Coche;0.2385;35;971;291;1155;444;10;NO;
759;Coche;0.4021;29;0;374;1068;1080;10;NO;
759;Coche;0.4156;4;1768;21;1916;398;10;NO;
759;Coche;0.5843;35;956;291;1139;442;10;NO;
760;Coche;0.378;29;0;374;1065;1080;10;NO;
760;Coche;0.389;4;1768;20;1917;398;10;NO;
760;Coche;0.5216;35;964;292;1152;445;10;NO;
761;Coche;0.3701;29;0;374;1064;1080;10;NO;
761;Coche;0.3778;4;1768;20;1917;398;10;NO;
761;Coche;0.5635;35;955;291;1149;446;10;NO;
762;Coche;0.3791;29;0;374;1063;1080;10;NO;
762;Coche;0.3513;4;1767;19;1917;398;10;NO;
762;Coche;0.5904;35;957;289;1152;442;10;NO;
763;Coche;0.3764;29;0;371;1062;1080;10;NO;
763;Coche;0.3526;4;1767;19;1917;398;10;NO;
763;Coche;0.729;35;960;287;1167;444;10;NO;
764;Coche;0.3843;29;0;371;1059;1080;10;NO;
764;Coche;0.3268;4;1767;19;1917;398;10;NO;
764;Coche;0.7728;35;951;283;1172;447;10;NO;
765;Coche;0.3924;29;0;369;1058;1080;10;NO;
765;Coche;0.3309;4;1767;18;1918;398;10;NO;
765;Coche;0.7204;35;936;281;1163;445;10;NO;
766;Coche;0.3721;29;0;368;1056;1080;10;NO;
766;Coche;0.3009;4;1767;18;1918;398;10;NO;
766;Coche;0.8042;35;917;285;1148;451;10;NO;
767;Coche;0.355;29;0;368;1054;1080;10;NO;
767;Coche;0.2909;4;1767;19;1918;398;10;NO;
767;Coche;0.7495;35;909;288;1144;454;10;NO;
768;Coche;0.3582;29;0;368;1049;1080;10;NO;
768;Coche;0.3114;4;1767;19;1918;398;10;NO;
768;Coche;0.7632;35;886;290;1121;455;10;NO;
769;Coche;0.4111;29;0;371;1045;1080;10;NO;
769;Coche;0.3278;4;1768;19;1918;397;10;NO;
769;Coche;0.8159;35;863;288;1105;459;10;NO;
770;Coche;0.4153;29;0;372;1044;1080;10;NO;
770;Coche;0.3227;4;1768;19;1918;397;10;NO;
770;Coche;0.8504;35;850;288;1098;463;10;NO;
771;Coche;0.39;29;2;372;1052;1080;10;NO;
771;Coche;0.3068;4;1768;19;1919;400;10;NO;
771;Coche;0.7904;35;841;288;1095;470;10;NO;
772;Coche;0.3691;29;3;372;1053;1080;10;NO;
772;Coche;0.3;4;1768;18;1920;401;10;NO;
772;Coche;0.7427;35;839;289;1096;472;10;NO;
773;Coche;0.3462;29;2;373;1050;1080;10;NO;
773;Coche;0.2825;4;1768;19;1920;401;10;NO;
773;Coche;0.8209;35;828;288;1089;474;10;NO;
774;Coche;0.3347;29;7;375;1053;1080;10;NO;
774;Coche;0.2755;4;1768;18;1920;401;10;NO;
774;Coche;0.8624;35;815;287;1083;478;10;NO;
775;Coche;0.3092;29;10;376;1057;1080;10;NO;
775;Coche;0.2535;4;1768;18;1920;402;10;NO;
775;Coche;0.9026;35;806;287;1080;482;10;NO;
776;Coche;0.3258;29;11;377;1059;1080;10;NO;
776;Coche;0.268;4;1768;17;1920;402;10;NO;
776;Coche;0.882;35;790;287;1063;485;10;NO;
777;Coche;0.3188;29;9;376;1057;1080;10;NO;
777;Coche;0.2399;4;1768;17;1920;402;10;NO;
777;Coche;0.8879;35;781;287;1057;487;10;NO;
778;Coche;0.2935;29;7;376;1056;1080;10;NO;
778;Coche;0.2703;4;1768;17;1920;402;10;NO;
778;Coche;0.8563;35;770;287;1047;489;10;NO;
779;Coche;0.2863;29;6;377;1053;1080;10;NO;
779;Coche;0.2753;4;1768;16;1920;402;10;NO;
779;Coche;0.8436;35;764;288;1041;489;10;NO;
780;Coche;0.2793;29;2;377;1049;1080;10;NO;
780;Coche;0.2754;4;1768;16;1919;402;10;NO;
780;Coche;0.9022;35;748;288;1042;501;10;NO;
781;Coche;0.2066;29;5;374;1057;1080;10;NO;
781;Coche;0.2353;4;1769;16;1919;402;10;NO;
781;Coche;0.873;35;737;288;1035;502;10;NO;
782;Coche;0.2448;4;1769;16;1919;402;10;NO;
782;Coche;0.8795;35;723;288;1032;510;10;NO;
783;Coche;0.2589;4;1769;16;1919;402;10;NO;
783;Coche;0.8813;35;697;288;1017;519;10;NO;
784;Coche;0.1713;4;1769;17;1919;402;10;NO;
784;Coche;0.9392;35;690;286;1020;523;10;NO;
785;Coche;0.2119;4;1769;17;1919;402;10;NO;
785;Coche;0.9359;35;675;284;1018;528;10;NO;
786;Coche;0.2294;4;1769;17;1919;402;10;NO;
786;Coche;0.8999;35;657;282;1012;533;10;NO;
787;Coche;0.1859;4;1769;18;1918;402;10;NO;
787;Coche;0.8937;35;647;280;1012;535;10;NO;
787;Matricula;0.6828;38;708;439;791;476;1;SÍ;EE
788;Coche;0.2107;4;1769;19;1918;402;10;NO;
788;Coche;0.8508;35;628;279;1020;548;10;NO;
789;Coche;0.1381;4;1769;19;1918;402;10;NO;
789;Coche;0.8259;35;602;279;1000;550;10;NO;
790;Coche;0.1302;4;1769;19;1918;402;10;NO;
790;Coche;0.8655;35;572;279;979;554;10;NO;
790;Matricula;0.5907;39;632;452;741;495;2;SÍ;
791;Coche;0.8729;35;545;278;966;561;10;NO;
791;Matricula;0.6981;39;609;458;718;500;2;SÍ;
792;Coche;0.866;35;516;276;959;570;10;NO;
792;Matricula;0.7482;39;582;466;697;511;2;SÍ;
793;Coche;0.8851;35;481;276;952;587;10;NO;
793;Matricula;0.5575;39;547;472;671;520;2;SÍ;
794;Coche;0.897;35;445;271;947;601;10;NO;
794;Matricula;0.7059;39;512;476;639;525;2;SÍ;PC
795;Coche;0.8785;35;407;267;936;614;10;NO;
795;Matricula;0.675;39;474;484;607;535;2;SÍ;
796;Coche;0.9003;35;368;268;920;626;10;NO;
796;Matricula;0.6909;39;434;495;569;546;2;SÍ;
797;Coche;0.889;35;325;266;910;644;10;NO;
797;Matricula;0.6014;39;387;502;531;557;2;SÍ;C
798;Coche;0.9095;35;273;259;897;659;10;NO;
798;Matricula;0.7015;39;339;514;487;571;2;SÍ;
799;Coche;0.8918;35;221;259;881;680;10;NO;
799;Matricula;0.6387;39;282;526;438;586;2;SÍ;
800;Coche;0.8777;35;161;256;861;698;10;NO;
801;Coche;0.8969;35;88;256;833;721;10;NO;
802;Coche;0.9044;35;36;257;830;751;10;NO;
803;Coche;0.919;35;0;257;836;783;10;NO;
804;Coche;0.8974;35;0;253;850;823;10;NO;
805;Coche;0.9076;35;0;251;886;898;10;NO;
806;Coche;0.905;35;0;249;893;937;10;NO;
807;Coche;0.8749;35;0;246;882;953;10;NO;
808;Coche;0.8659;35;0;242;896;1016;10;NO;
809;Coche;0.8885;35;0;239;825;955;10;NO;
810;Coche;0.8979;35;0;231;811;977;10;NO;
811;Coche;0.9037;35;0;225;777;980;10;NO;
812;Coche;0.9136;35;0;221;734;972;10;NO;
813;Coche;0.8964;35;0;224;684;971;10;NO;
814;Coche;0.8111;35;0;226;632;979;10;NO;
814;Coche;0.3065;4;1768;18;1918;400;10;NO;
815;Coche;0.42;4;1768;19;1918;399;10;NO;
816;Coche;0.37;4;1768;18;1918;399;10;NO;
817;Coche;0.4451;4;1767;18;1918;399;10;NO;
818;Coche;0.4019;4;1767;18;1918;399;10;NO;
819;Coche;0.4157;4;1767;18;1918;399;10;NO;
819;Coche;0.3579;43;3;371;1119;1080;11;NO;
820;Coche;0.4429;4;1767;19;1918;399;11;NO;
820;Coche;0.3463;43;4;370;1122;1080;11;NO;
821;Coche;0.4521;4;1767;19;1918;399;11;NO;
821;Coche;0.3613;43;5;370;1123;1080;11;NO;
822;Coche;0.4689;4;1767;20;1918;399;11;NO;
822;Coche;0.3645;43;4;370;1121;1080;11;NO;
823;Coche;0.4815;4;1767;21;1918;398;11;NO;
823;Coche;0.3785;43;3;371;1119;1080;11;NO;
824;Coche;0.462;4;1767;22;1917;398;11;NO;
824;Coche;0.3843;43;3;372;1119;1080;11;NO;
825;Coche;0.4679;4;1767;22;1918;398;11;NO;
825;Coche;0.3916;43;4;372;1119;1080;11;NO;
826;Coche;0.4587;4;1767;22;1918;399;11;NO;
826;Coche;0.3952;43;4;372;1119;1080;11;NO;
827;Coche;0.4396;4;1767;22;1918;399;11;NO;
827;Coche;0.3943;43;4;372;1119;1080;11;NO;
828;Coche;0.4442;4;1767;23;1918;399;11;NO;
828;Coche;0.3724;43;5;372;1120;1080;11;NO;
829;Coche;0.4154;4;1767;21;1918;399;11;NO;
829;Coche;0.3131;43;5;371;1123;1080;11;NO;
830;Coche;0.4007;4;1767;21;1919;399;11;NO;
830;Coche;0.3183;43;5;371;1124;1080;11;NO;
831;Coche;0.4391;4;1767;21;1919;399;11;NO;
831;Coche;0.2796;43;6;370;1126;1080;11;NO;
832;Coche;0.463;4;1767;22;1918;399;11;NO;
832;Coche;0.2813;43;7;370;1128;1080;11;NO;
833;Coche;0.4583;4;1768;24;1918;398;11;NO;
833;Coche;0.2993;43;6;370;1127;1080;11;NO;
834;Coche;0.4718;4;1768;24;1918;398;11;NO;
834;Coche;0.2907;43;5;370;1126;1080;11;NO;
835;Coche;0.4912;4;1768;25;1918;398;11;NO;
835;Coche;0.3203;43;4;371;1124;1080;11;NO;
836;Coche;0.4745;4;1768;24;1918;398;11;NO;
836;Coche;0.3166;43;3;370;1124;1080;11;NO;
837;Coche;0.4822;4;1768;24;1918;398;11;NO;
837;Coche;0.2964;43;3;370;1125;1080;11;NO;
838;Coche;0.4644;4;1768;23;1918;398;11;NO;
838;Coche;0.2977;43;3;370;1124;1080;11;NO;
839;Coche;0.4827;4;1768;25;1918;398;11;NO;
839;Coche;0.2971;43;3;370;1123;1080;11;NO;
840;Coche;0.4888;4;1768;25;1918;398;11;NO;
840;Coche;0.3151;43;3;371;1122;1080;11;NO;
841;Coche;0.4809;4;1768;25;1918;398;11;NO;
841;Coche;0.3018;43;2;370;1122;1080;11;NO;
842;Coche;0.4672;4;1768;25;1918;398;11;NO;
842;Coche;0.2885;43;2;370;1121;1080;11;NO;
843;Coche;0.4522;4;1767;25;1918;398;11;NO;
843;Coche;0.2833;43;1;370;1120;1080;11;NO;
844;Coche;0.4415;4;1767;25;1918;399;11;NO;
844;Coche;0.297;43;2;371;1119;1080;11;NO;
845;Coche;0.4292;4;1767;25;1918;399;11;NO;
845;Coche;0.2943;43;2;371;1119;1080;11;NO;
846;Coche;0.4203;4;1767;24;1918;399;11;NO;
846;Coche;0.3029;43;2;371;1119;1080;11;NO;
847;Coche;0.4013;4;1767;25;1918;399;11;NO;
847;Coche;0.3013;43;2;371;1119;1080;11;NO;
848;Coche;0.3796;4;1767;24;1918;399;11;NO;
848;Coche;0.3074;43;3;370;1121;1080;11;NO;
849;Coche;0.3939;4;1767;25;1918;399;11;NO;
849;Coche;0.3098;43;4;370;1121;1080;11;NO;
850;Coche;0.4276;4;1767;25;1918;399;11;NO;
850;Coche;0.3173;43;4;371;1121;1080;11;NO;
851;Coche;0.444;4;1767;25;1918;399;11;NO;
851;Coche;0.3147;43;3;371;1120;1080;11;NO;
852;Coche;0.4386;4;1766;25;1918;399;11;NO;
852;Coche;0.2944;43;3;370;1120;1080;11;NO;
853;Coche;0.4137;4;1766;23;1918;398;11;NO;
853;Coche;0.3056;43;3;370;1121;1080;11;NO;
854;Coche;0.4373;4;1766;23;1918;398;11;NO;
854;Coche;0.3046;43;3;371;1119;1080;11;NO;
855;Coche;0.4483;4;1766;22;1918;398;11;NO;
855;Coche;0.3559;43;3;373;1116;1080;11;NO;
856;Coche;0.4335;4;1766;21;1919;399;11;NO;
856;Coche;0.3621;43;2;373;1114;1080;11;NO;
857;Coche;0.4215;4;1766;21;1919;399;11;NO;
857;Coche;0.3607;43;2;374;1113;1080;11;NO;
858;Coche;0.4356;4;1766;20;1919;398;11;NO;
858;Coche;0.363;43;2;374;1112;1080;11;NO;
859;Coche;0.4381;4;1766;21;1919;398;11;NO;
859;Coche;0.3582;43;2;374;1111;1080;11;NO;
860;Coche;0.4236;4;1766;21;1919;398;11;NO;
860;Coche;0.3655;43;2;375;1111;1080;11;NO;
861;Coche;0.4544;4;1766;21;1919;398;11;NO;
861;Coche;0.364;43;2;375;1111;1080;11;NO;
862;Coche;0.4425;4;1766;22;1918;398;11;NO;
862;Coche;0.3749;43;3;375;1112;1080;11;NO;
863;Coche;0.4404;4;1766;22;1918;398;11;NO;
863;Coche;0.3859;43;3;375;1111;1080;11;NO;
864;Coche;0.443;4;1766;22;1918;398;11;NO;
864;Coche;0.3819;43;3;375;1111;1080;11;NO;
865;Coche;0.4069;4;1765;20;1919;399;11;NO;
865;Coche;0.36;43;1;373;1111;1080;11;NO;
866;Coche;0.3942;4;1765;19;1919;399;11;NO;
866;Coche;0.3547;43;0;372;1112;1080;11;NO;
867;Coche;0.3931;4;1765;19;1919;399;11;NO;
867;Coche;0.3414;43;1;371;1113;1080;11;NO;
868;Coche;0.3658;4;1765;19;1919;399;11;NO;
868;Coche;0.3268;43;1;370;1114;1080;11;NO;
869;Coche;0.366;4;1765;19;1919;399;11;NO;
869;Coche;0.3212;43;2;370;1115;1080;11;NO;
870;Coche;0.3614;4;1765;19;1919;399;11;NO;
870;Coche;0.3245;43;3;370;1115;1080;11;NO;
871;Coche;0.3872;4;1765;20;1919;399;11;NO;
871;Coche;0.328;43;3;370;1115;1080;11;NO;
872;Coche;0.402;4;1765;20;1919;399;11;NO;
872;Coche;0.3275;43;3;370;1116;1080;11;NO;
873;Coche;0.3911;4;1765;19;1919;399;11;NO;
873;Coche;0.3221;43;3;370;1116;1080;11;NO;
874;Coche;0.3843;4;1765;19;1919;399;11;NO;
874;Coche;0.3126;43;3;369;1117;1080;11;NO;
875;Coche;0.3939;4;1765;20;1919;399;11;NO;
875;Coche;0.3148;43;3;369;1116;1080;11;NO;
876;Coche;0.3955;4;1765;19;1919;399;11;NO;
876;Coche;0.3164;43;3;370;1116;1080;11;NO;
877;Coche;0.3792;4;1765;19;1919;400;11;NO;
877;Coche;0.31;43;3;370;1116;1080;11;NO;
878;Coche;0.3915;4;1765;19;1919;400;11;NO;
878;Coche;0.3169;43;4;370;1118;1080;11;NO;
879;Coche;0.392;4;1765;20;1919;400;11;NO;
879;Coche;0.3122;43;7;371;1119;1080;11;NO;
880;Coche;0.4056;4;1765;20;1919;400;11;NO;
880;Coche;0.3166;43;7;371;1120;1080;11;NO;
881;Coche;0.397;4;1766;20;1919;400;11;NO;
881;Coche;0.2988;43;6;371;1120;1080;11;NO;
882;Coche;0.3872;4;1766;20;1919;400;11;NO;
882;Coche;0.3096;43;5;371;1119;1080;11;NO;
883;Coche;0.3842;4;1766;21;1919;400;11;NO;
883;Coche;0.3252;43;5;372;1118;1080;11;NO;
884;Coche;0.3711;4;1766;21;1919;400;11;NO;
884;Coche;0.3293;43;5;372;1118;1080;11;NO;
885;Coche;0.3958;4;1766;20;1919;400;11;NO;
885;Coche;0.3477;43;3;373;1115;1080;11;NO;
886;Coche;0.4028;4;1766;19;1919;399;11;NO;
886;Coche;0.3715;43;2;373;1111;1080;11;NO;
887;Coche;0.3913;4;1766;19;1919;399;11;NO;
887;Coche;0.3635;43;1;374;1110;1080;11;NO;
888;Coche;0.3778;4;1766;19;1919;400;11;NO;
888;Coche;0.3582;43;2;374;1111;1080;11;NO;
889;Coche;0.3152;4;1766;17;1919;399;11;NO;
889;Coche;0.3478;43;0;372;1109;1080;11;NO;
890;Coche;0.3207;4;1766;16;1920;401;11;NO;
890;Coche;0.3523;43;0;371;1109;1080;11;NO;
891;Coche;0.3126;4;1766;16;1920;402;11;NO;
891;Coche;0.3526;43;0;371;1107;1080;11;NO;
892;Coche;0.3144;4;1767;16;1920;402;11;NO;
892;Coche;0.3601;43;0;371;1105;1080;11;NO;
893;Coche;0.3087;4;1767;17;1920;402;11;NO;
893;Coche;0.3592;43;0;371;1103;1080;11;NO;
893;Coche;0.4594;44;1271;321;1469;470;12;NO;
894;Coche;0.317;4;1767;17;1919;400;12;NO;
894;Coche;0.3574;43;0;371;1104;1080;12;NO;
894;Coche;0.3971;44;1279;320;1483;475;12;NO;
895;Coche;0.3183;4;1767;18;1918;399;12;NO;
895;Coche;0.3628;43;0;371;1103;1080;12;NO;
895;Coche;0.3933;44;1278;322;1493;485;12;NO;
896;Coche;0.3441;4;1767;19;1918;398;12;NO;
896;Coche;0.3495;43;0;371;1104;1080;12;NO;
896;Coche;0.4467;44;1283;321;1507;491;12;NO;
897;Coche;0.3377;4;1767;19;1918;398;12;NO;
897;Coche;0.3502;43;0;371;1103;1080;12;NO;
897;Coche;0.6979;44;1286;319;1521;499;12;NO;
898;Coche;0.3549;4;1767;21;1918;398;12;NO;
898;Coche;0.3413;43;1;371;1104;1080;12;NO;
898;Coche;0.7397;44;1288;320;1527;505;12;NO;
899;Coche;0.3235;4;1767;23;1917;398;12;NO;
899;Coche;0.3327;43;1;371;1103;1080;12;NO;
899;Coche;0.8864;44;1291;321;1531;506;12;NO;
900;Coche;0.3219;4;1767;25;1917;398;12;NO;
900;Coche;0.3313;43;1;372;1102;1080;12;NO;
900;Coche;0.9079;44;1294;321;1539;510;12;NO;
901;Coche;0.3107;4;1767;26;1917;397;12;NO;
901;Coche;0.3117;43;4;370;1107;1080;12;NO;
901;Coche;0.9301;44;1299;320;1552;516;12;NO;
902;Coche;0.2972;4;1767;28;1917;397;12;NO;
902;Coche;0.3033;43;5;369;1110;1080;12;NO;
902;Coche;0.957;44;1317;320;1572;517;12;NO;
903;Coche;0.2955;4;1767;31;1916;398;12;NO;
903;Coche;0.3138;43;8;370;1112;1080;12;NO;
903;Coche;0.9478;44;1324;320;1583;521;12;NO;
904;Coche;0.3001;4;1767;32;1916;397;12;NO;
904;Coche;0.3226;43;8;371;1113;1080;12;NO;
904;Coche;0.9561;44;1324;321;1592;526;12;NO;
905;Coche;0.2927;4;1767;33;1916;397;12;NO;
905;Coche;0.3201;43;7;371;1113;1080;12;NO;
905;Coche;0.954;44;1340;321;1610;527;12;NO;
906;Coche;0.2757;4;1767;34;1916;398;12;NO;
906;Coche;0.3104;43;7;371;1113;1080;12;NO;
906;Coche;0.9361;44;1358;321;1634;531;12;NO;
907;Coche;0.2917;4;1767;35;1916;397;12;NO;
907;Coche;0.3108;43;7;371;1113;1080;12;NO;
907;Coche;0.9206;44;1365;322;1651;538;12;NO;
908;Coche;0.3188;4;1768;37;1916;398;12;NO;
908;Coche;0.3032;43;6;371;1113;1080;12;NO;
908;Coche;0.941;44;1365;323;1664;546;12;NO;
909;Coche;0.3146;4;1768;37;1916;398;12;NO;
909;Coche;0.2842;43;5;371;1111;1080;12;NO;
909;Coche;0.9587;44;1369;324;1687;556;12;NO;
910;Coche;0.186;4;1767;38;1917;400;12;NO;
910;Coche;0.2559;43;4;371;1111;1080;12;NO;
910;Coche;0.9422;44;1387;324;1719;564;12;NO;
910;Matricula;0.6246;48;1457;486;1538;530;3;SÍ;7
911;Coche;0.1574;4;1766;32;1919;403;12;NO;
911;Coche;0.2705;43;4;371;1111;1080;12;NO;
911;Coche;0.931;44;1396;323;1748;574;12;NO;
911;Matricula;0.5319;48;1480;487;1558;530;3;SÍ;
912;Coche;0.2498;43;4;371;1111;1080;12;NO;
912;Coche;0.9701;44;1403;323;1774;582;12;NO;
913;Coche;0.2074;43;5;371;1112;1080;12;NO;
913;Coche;0.929;44;1413;323;1810;595;12;NO;
914;Coche;0.1675;43;6;371;1113;1080;12;NO;
914;Coche;0.9366;44;1430;322;1855;606;12;NO;
915;Coche;0.1404;43;5;371;1114;1080;12;NO;
915;Coche;0.9139;44;1435;321;1885;618;12;NO;
916;Coche;0.1229;43;6;370;1116;1080;12;NO;
916;Coche;0.8193;44;1437;324;1902;629;12;NO;
917;Coche;0.8348;44;1433;324;1920;644;12;NO;
918;Coche;0.8444;44;1433;325;1920;660;12;NO;
919;Coche;0.8296;44;1423;325;1920;686;12;NO;
920;Coche;0.8467;44;1419;327;1920;716;12;NO;
921;Coche;0.8359;44;1429;331;1920;736;12;NO;
922;Coche;0.7972;44;1438;337;1920;760;12;NO;
923;Coche;0.8227;44;1445;340;1920;784;12;NO;
924;Coche;0.8246;44;1485;344;1920;766;12;NO;
925;Coche;0.7317;44;1521;347;1920;755;12;NO;
926;Coche;0.7597;44;1563;368;1920;745;12;NO;
926;Coche;0.2792;43;2;370;1111;1079;12;NO;
927;Coche;0.8022;44;1601;387;1920;744;12;NO;
927;Coche;0.2684;43;3;371;1112;1079;12;NO;
928;Coche;0.5348;44;1641;404;1920;745;12;NO;
928;Coche;0.304;43;4;371;1113;1079;12;NO;
929;Coche;0.3078;43;4;372;1113;1079;12;NO;
930;Coche;0.3138;43;5;372;1115;1079;12;NO;
930;Coche;0.2725;4;1765;18;1920;400;12;NO;
931;Coche;0.3262;43;6;371;1116;1079;12;NO;
931;Coche;0.4019;4;1765;18;1920;399;12;NO;
932;Coche;0.3391;43;6;372;1115;1079;12;NO;
932;Coche;0.4099;4;1765;18;1920;398;12;NO;
933;Coche;0.3314;43;5;372;1115;1079;12;NO;
933;Coche;0.4164;4;1765;18;1919;398;12;NO;
934;Coche;0.3577;43;5;372;1115;1079;12;NO;
934;Coche;0.4021;4;1765;18;1919;399;12;NO;
935;Coche;0.3479;43;5;373;1115;1079;12;NO;
935;Coche;0.4049;4;1765;18;1919;399;12;NO;
936;Coche;0.3655;43;5;373;1115;1079;12;NO;
936;Coche;0.4345;4;1765;19;1919;399;12;NO;
937;Coche;0.3595;43;3;371;1115;1079;12;NO;
937;Coche;0.4474;4;1765;18;1919;399;12;NO;
938;Coche;0.3613;43;1;371;1113;1079;12;NO;
938;Coche;0.4689;4;1765;18;1919;399;12;NO;
939;Coche;0.3523;43;1;371;1112;1079;12;NO;
939;Coche;0.4502;4;1765;18;1919;399;12;NO;
940;Coche;0.3456;43;0;370;1111;1079;12;NO;
940;Coche;0.456;4;1765;18;1919;399;12;NO;
941;Coche;0.345;43;0;371;1110;1079;12;NO;
941;Coche;0.4599;4;1765;19;1919;399;12;NO;
942;Coche;0.3471;43;1;371;1109;1079;12;NO;
942;Coche;0.4533;4;1765;19;1919;399;12;NO;
943;Coche;0.3622;43;1;371;1109;1079;12;NO;
943;Coche;0.4731;4;1766;21;1919;399;12;NO;
944;Coche;0.3667;43;2;371;1111;1079;12;NO;
944;Coche;0.4546;4;1766;20;1919;399;12;NO;
945;Coche;0.3481;43;3;371;1112;1079;12;NO;
945;Coche;0.4714;4;1766;20;1919;399;12;NO;
946;Coche;0.3561;43;4;371;1112;1079;12;NO;
946;Coche;0.4707;4;1766;19;1919;399;12;NO;
947;Coche;0.3395;43;4;369;1114;1079;12;NO;
947;Coche;0.463;4;1766;19;1919;400;12;NO;
948;Coche;0.3461;43;3;370;1113;1079;12;NO;
948;Coche;0.4882;4;1766;19;1919;400;12;NO;
949;Coche;0.3163;43;3;370;1112;1079;12;NO;
949;Coche;0.4591;4;1766;20;1919;399;12;NO;
950;Coche;0.3189;43;2;370;1112;1079;12;NO;
950;Coche;0.4558;4;1766;20;1919;399;12;NO;
951;Coche;0.3325;43;3;370;1112;1079;12;NO;
951;Coche;0.4513;4;1766;21;1918;398;12;NO;
952;Coche;0.3129;43;3;370;1111;1079;12;NO;
952;Coche;0.448;4;1767;21;1918;398;12;NO;
953;Coche;0.3243;43;5;370;1113;1079;12;NO;
953;Coche;0.4503;4;1767;22;1918;398;12;NO;
954;Coche;0.3268;43;5;370;1114;1079;12;NO;
954;Coche;0.4372;4;1767;22;1918;398;12;NO;
955;Coche;0.3322;43;6;370;1115;1079;12;NO;
955;Coche;0.4458;4;1767;24;1918;398;12;NO;
956;Coche;0.3191;43;6;370;1117;1079;12;NO;
956;Coche;0.4541;4;1767;24;1918;398;12;NO;
957;Coche;0.3252;43;7;370;1118;1079;12;NO;
957;Coche;0.4444;4;1767;23;1918;397;12;NO;
958;Coche;0.3437;43;7;370;1118;1079;12;NO;
958;Coche;0.4422;4;1767;23;1918;397;12;NO;
959;Coche;0.346;43;7;371;1118;1079;12;NO;
959;Coche;0.4351;4;1767;23;1918;397;12;NO;
960;Coche;0.3418;43;7;372;1118;1079;12;NO;
960;Coche;0.4395;4;1767;23;1919;397;12;NO;
961;Coche;0.3714;43;4;372;1115;1079;12;NO;
961;Coche;0.3836;4;1767;21;1919;398;12;NO;
962;Coche;0.3647;43;3;371;1114;1079;12;NO;
962;Coche;0.3897;4;1767;21;1919;398;12;NO;
963;Coche;0.3684;43;3;371;1114;1080;12;NO;
963;Coche;0.3994;4;1767;21;1919;398;12;NO;
964;Coche;0.3674;43;3;372;1113;1079;12;NO;
964;Coche;0.393;4;1767;20;1919;398;12;NO;
965;Coche;0.3737;43;3;372;1112;1080;12;NO;
965;Coche;0.3973;4;1767;21;1919;398;12;NO;
966;Coche;0.3688;43;2;372;1111;1080;12;NO;
966;Coche;0.3928;4;1766;20;1919;398;12;NO;
967;Coche;0.3663;43;2;372;1112;1080;12;NO;
967;Coche;0.4119;4;1766;20;1919;398;12;NO;
968;Coche;0.366;43;2;372;1112;1080;12;NO;
968;Coche;0.4017;4;1766;20;1919;398;12;NO;
969;Coche;0.3659;43;2;372;1111;1080;12;NO;
969;Coche;0.4007;4;1766;20;1919;398;12;NO;
970;Coche;0.3609;43;2;372;1111;1080;12;NO;
970;Coche;0.4063;4;1766;20;1919;398;12;NO;
971;Coche;0.3556;43;2;371;1112;1080;12;NO;
971;Coche;0.4014;4;1766;19;1919;398;12;NO;
972;Coche;0.3467;43;1;371;1112;1080;12;NO;
972;Coche;0.4129;4;1766;19;1919;398;12;NO;
973;Coche;0.3345;43;2;370;1112;1080;12;NO;
973;Coche;0.388;4;1766;18;1919;399;12;NO;
974;Coche;0.3168;43;2;370;1113;1080;12;NO;
974;Coche;0.3406;4;1766;18;1919;398;12;NO;
975;Coche;0.3363;43;5;371;1114;1080;12;NO;
975;Coche;0.321;4;1767;18;1919;397;12;NO;
976;Coche;0.3381;43;5;372;1114;1080;12;NO;
976;Coche;0.2161;4;1767;18;1919;396;12;NO;
977;Coche;0.3239;43;6;372;1115;1080;12;NO;
977;Coche;0.1744;4;1767;17;1920;398;12;NO;
978;Coche;0.3281;43;6;372;1115;1080;12;NO;
978;Coche;0.2778;4;1767;17;1920;401;12;NO;
979;Coche;0.3389;43;4;372;1114;1080;12;NO;
979;Coche;0.2812;4;1767;18;1919;398;12;NO;
980;Coche;0.3313;43;4;372;1114;1080;12;NO;
980;Coche;0.2756;4;1768;21;1918;396;12;NO;
980;Coche;0.4606;56;1771;390;1912;559;13;NO;
981;Coche;0.3458;43;4;372;1114;1080;13;NO;
981;Coche;0.4016;4;1767;20;1917;394;13;NO;
981;Coche;0.4968;56;1761;394;1903;562;13;NO;
982;Coche;0.3418;43;5;372;1115;1080;13;NO;
982;Coche;0.3162;4;1766;18;1918;398;13;NO;
982;Coche;0.7245;56;1748;384;1896;558;13;NO;
983;Coche;0.3322;43;4;372;1115;1080;13;NO;
983;Coche;0.3834;4;1765;17;1918;397;13;NO;
983;Coche;0.7775;56;1722;354;1899;561;13;NO;
984;Coche;0.3177;43;3;372;1115;1080;13;NO;
984;Coche;0.2016;4;1764;14;1918;395;13;NO;
984;Coche;0.4258;56;1709;337;1895;551;13;NO;
985;Coche;0.2892;43;3;371;1115;1080;13;NO;
985;Coche;0.1809;4;1765;12;1916;389;13;NO;
985;Coche;0.6336;56;1699;329;1891;546;13;NO;
986;Coche;0.2872;43;3;371;1115;1080;13;NO;
986;Coche;0.1052;56;1699;325;1888;536;13;NO;
987;Coche;0.2819;43;2;371;1114;1080;13;NO;
988;Coche;0.2878;43;2;371;1113;1080;13;NO;
988;Coche;0.5872;56;1708;324;1895;528;13;NO;
989;Coche;0.2891;43;1;371;1112;1080;13;NO;
989;Coche;0.6693;56;1712;324;1901;528;13;NO;
990;Coche;0.2827;43;1;372;1111;1080;13;NO;
990;Coche;0.5634;56;1676;324;1874;526;13;NO;
991;Coche;0.2865;43;2;372;1112;1080;13;NO;
991;Coche;0.5006;56;1660;324;1866;524;13;NO;
992;Coche;0.3122;43;1;372;1111;1080;13;NO;
992;Coche;0.7318;56;1687;324;1887;517;13;NO;
993;Coche;0.307;43;2;372;1110;1080;13;NO;
993;Coche;0.8012;56;1656;326;1857;507;13;NO;
994;Coche;0.3313;43;2;372;1109;1080;13;NO;
994;Coche;0.7622;56;1639;327;1837;499;13;NO;
995;Coche;0.315;43;2;372;1109;1080;13;NO;
995;Coche;0.6134;56;1607;327;1811;494;13;NO;
995;Coche;0.2701;4;1767;16;1918;389;13;NO;
996;Coche;0.3372;43;2;373;1108;1080;13;NO;
996;Coche;0.4833;56;1586;329;1791;492;13;NO;
996;Coche;0.38;4;1769;21;1919;393;13;NO;
997;Coche;0.3308;43;2;372;1109;1080;13;NO;
997;Coche;0.103;56;1585;329;1785;486;13;NO;
997;Coche;0.3552;4;1769;22;1919;393;13;NO;
998;Coche;0.3202;43;2;372;1110;1080;13;NO;
998;Coche;0.1252;56;1581;330;1778;482;13;NO;
998;Coche;0.3166;4;1774;65;1916;416;13;NO;
999;Coche;0.3424;43;3;373;1109;1080;13;NO;
999;Coche;0.19;56;1580;327;1775;479;13;NO;
999;Coche;0.5604;4;1769;39;1917;404;13;NO;
1000;Coche;0.3476;43;3;373;1109;1080;13;NO;
1000;Coche;0.188;56;1574;328;1761;475;13;NO;
1000;Coche;0.4156;4;1768;29;1918;398;13;NO;
1001;Coche;0.3394;43;4;373;1110;1080;13;NO;
1001;Coche;0.215;56;1570;327;1752;473;13;NO;
1001;Coche;0.5374;4;1767;26;1919;400;13;NO;
1002;Coche;0.3449;43;6;373;1113;1080;13;NO;
1002;Coche;0.1139;56;1556;326;1737;473;13;NO;
1002;Coche;0.5492;4;1767;25;1919;402;13;NO;
1003;Coche;0.3426;43;4;373;1111;1080;13;NO;
1003;Coche;0.3756;4;1767;25;1918;399;13;NO;
1004;Coche;0.3541;43;2;373;1107;1080;13;NO;
1004;Coche;0.3933;4;1767;25;1919;401;13;NO;
1005;Coche;0.3565;43;1;373;1106;1080;13;NO;
1005;Coche;0.3565;4;1767;23;1919;400;13;NO;
1006;Coche;0.3664;43;2;373;1107;1080;13;NO;
1006;Coche;0.4262;4;1766;23;1919;402;13;NO;
1007;Coche;0.3288;43;3;372;1110;1080;13;NO;
1007;Coche;0.3667;4;1766;23;1919;403;13;NO;
1008;Coche;0.3617;43;1;371;1107;1080;13;NO;
1008;Coche;0.3923;4;1766;23;1919;402;13;NO;
1009;Coche;0.3322;43;0;369;1105;1080;13;NO;
1009;Coche;0.4464;4;1766;23;1919;401;13;NO;
1010;Coche;0.323;43;0;369;1105;1080;13;NO;
1010;Coche;0.4328;4;1766;23;1918;399;13;NO;
1011;Coche;0.3369;43;0;369;1104;1080;13;NO;
1011;Coche;0.3834;4;1767;23;1918;397;13;NO;
1012;Coche;0.3355;43;0;369;1103;1080;13;NO;
1012;Coche;0.3762;4;1767;23;1918;397;13;NO;
1013;Coche;0.341;43;0;369;1102;1080;13;NO;
1013;Coche;0.3812;4;1766;22;1918;397;13;NO;
1014;Coche;0.3436;43;0;369;1098;1080;13;NO;
1014;Coche;0.3718;4;1766;22;1918;397;13;NO;
1015;Coche;0.3578;43;0;370;1095;1080;13;NO;
1015;Coche;0.3834;4;1766;20;1919;397;13;NO;
1016;Coche;0.3739;43;0;369;1090;1080;13;NO;
1016;Coche;0.3525;4;1766;19;1919;397;13;NO;
1017;Coche;0.3989;43;0;369;1086;1080;13;NO;
1017;Coche;0.3905;4;1765;19;1919;398;13;NO;
1018;Coche;0.4075;43;0;369;1085;1080;13;NO;
1018;Coche;0.3959;4;1765;18;1919;398;13;NO;
1019;Coche;0.4054;43;0;370;1083;1080;13;NO;
1019;Coche;0.3531;4;1765;18;1919;397;13;NO;
1020;Coche;0.4005;43;0;370;1082;1080;13;NO;
1020;Coche;0.38;4;1766;19;1919;397;13;NO;
1021;Coche;0.3832;43;0;370;1080;1080;13;NO;
1021;Coche;0.3075;4;1766;18;1919;397;13;NO;
1022;Coche;0.3974;43;0;369;1079;1080;13;NO;
1022;Coche;0.2759;4;1766;18;1919;397;13;NO;
1023;Coche;0.3676;43;0;370;1078;1080;13;NO;
1023;Coche;0.2155;4;1766;18;1919;397;13;NO;
1024;Coche;0.37;43;0;370;1075;1080;13;NO;
1024;Coche;0.2356;4;1766;18;1919;397;13;NO;
1025;Coche;0.3812;43;0;370;1072;1080;13;NO;
1025;Coche;0.2491;4;1766;17;1919;397;13;NO;
1026;Coche;0.3833;43;0;370;1069;1080;13;NO;
1026;Coche;0.2496;4;1766;18;1919;397;13;NO;
1026;Coche;0.5548;62;966;285;1153;440;14;NO;
1027;Coche;0.3646;43;0;370;1069;1080;14;NO;
1027;Coche;0.2847;4;1767;17;1919;397;14;NO;
1027;Coche;0.7739;62;959;277;1157;441;14;NO;
1028;Coche;0.3429;43;0;369;1070;1080;14;NO;
1028;Coche;0.3085;4;1767;17;1919;397;14;NO;
1028;Coche;0.7958;62;954;272;1160;443;14;NO;
1029;Coche;0.3558;43;0;368;1072;1080;14;NO;
1029;Coche;0.2906;4;1766;16;1919;397;14;NO;
1029;Coche;0.8571;62;946;275;1149;445;14;NO;
1030;Coche;0.3409;43;0;369;1072;1080;14;NO;
1030;Coche;0.3125;4;1766;16;1919;397;14;NO;
1030;Coche;0.7959;62;945;277;1153;450;14;NO;
1031;Coche;0.3;43;0;369;1070;1080;14;NO;
1031;Coche;0.2799;4;1767;16;1919;398;14;NO;
1031;Coche;0.7268;62;949;281;1152;447;14;NO;
1032;Coche;0.3097;43;0;369;1066;1080;14;NO;
1032;Coche;0.2596;4;1767;16;1919;398;14;NO;
1032;Coche;0.7583;62;931;278;1139;448;14;NO;
1033;Coche;0.295;43;0;368;1061;1080;14;NO;
1033;Coche;0.3077;4;1767;17;1919;397;14;NO;
1033;Coche;0.665;62;931;282;1135;447;14;NO;
1034;Coche;0.3144;43;0;368;1057;1080;14;NO;
1034;Coche;0.3245;4;1767;18;1919;397;14;NO;
1034;Coche;0.8097;62;918;281;1138;458;14;NO;
1035;Coche;0.3103;43;0;367;1058;1080;14;NO;
1035;Coche;0.3107;4;1767;18;1919;397;14;NO;
1035;Coche;0.8063;62;904;279;1134;464;14;NO;
1036;Coche;0.287;43;0;367;1056;1080;14;NO;
1036;Coche;0.2942;4;1767;18;1919;397;14;NO;
1036;Coche;0.9355;62;884;275;1128;472;14;NO;
1037;Coche;0.2807;43;0;367;1054;1080;14;NO;
1037;Coche;0.2856;4;1767;18;1919;397;14;NO;
1037;Coche;0.9237;62;870;272;1122;476;14;NO;
1038;Coche;0.2995;43;0;368;1043;1080;14;NO;
1038;Coche;0.3297;4;1767;18;1919;397;14;NO;
1038;Coche;0.9308;62;858;272;1114;479;14;NO;
1039;Coche;0.3003;43;0;369;1046;1080;14;NO;
1039;Coche;0.3436;4;1768;19;1918;397;14;NO;
1039;Coche;0.9314;62;846;276;1101;483;14;NO;
1040;Coche;0.3;43;0;370;1050;1080;14;NO;
1040;Coche;0.3361;4;1768;20;1918;397;14;NO;
1040;Coche;0.9427;62;837;279;1094;486;14;NO;
1041;Coche;0.2718;43;3;373;1051;1080;14;NO;
1041;Coche;0.344;4;1768;20;1918;397;14;NO;
1041;Coche;0.9307;62;827;277;1092;490;14;NO;
1042;Coche;0.2524;43;8;374;1055;1080;14;NO;
1042;Coche;0.3282;4;1768;20;1918;397;14;NO;
1042;Coche;0.8855;62;812;277;1088;498;14;NO;
1043;Coche;0.2663;43;0;373;1040;1080;14;NO;
1043;Coche;0.3497;4;1768;21;1918;397;14;NO;
1043;Coche;0.9321;62;819;277;1110;502;14;NO;
1044;Coche;0.1704;43;0;374;1039;1080;14;NO;
1044;Coche;0.2958;4;1767;19;1920;400;14;NO;
1044;Coche;0.9356;62;792;276;1089;506;14;NO;
1044;Matricula;0.5715;65;841;414;920;453;4;SÍ;TE
1045;Coche;0.1506;43;10;373;1056;1080;14;NO;
1045;Coche;0.3084;4;1767;18;1920;402;14;NO;
1045;Coche;0.9242;62;768;274;1078;513;14;NO;
1046;Coche;0.1761;43;11;374;1058;1080;14;NO;
1046;Coche;0.3364;4;1767;17;1920;402;14;NO;
1046;Coche;0.9166;62;749;274;1069;518;14;NO;
1047;Coche;0.4189;4;1767;19;1919;400;14;NO;
1047;Coche;0.9053;62;735;274;1062;520;14;NO;
1047;Matricula;0.6365;67;795;423;871;468;5;SÍ;S
1048;Coche;0.3505;4;1767;19;1919;399;14;NO;
1048;Coche;0.932;62;709;272;1052;529;14;NO;
1048;Matricula;0.4433;67;776;428;856;474;5;SÍ;
1049;Coche;0.357;4;1767;19;1918;399;14;NO;
1049;Coche;0.9036;62;685;268;1045;535;14;NO;
1049;Matricula;0.6881;67;752;431;835;479;5;SÍ;
1050;Coche;0.3197;4;1767;17;1920;401;14;NO;
1050;Coche;0.8553;62;662;263;1035;537;14;NO;
1050;Matricula;0.7395;67;731;439;810;484;5;SÍ;
1051;Coche;0.3086;4;1767;18;1919;400;14;NO;
1051;Coche;0.8509;62;636;259;1029;546;14;NO;
1051;Matricula;0.7238;67;710;447;786;490;5;SÍ;
1052;Coche;0.3283;4;1767;18;1919;399;14;NO;
1052;Coche;0.8163;62;611;258;1021;554;14;NO;
1052;Matricula;0.738;67;681;453;762;498;5;SÍ;
1053;Coche;0.2968;4;1767;17;1920;402;14;NO;
1053;Coche;0.8575;62;585;258;1011;562;14;NO;
1053;Matricula;0.753;67;651;460;734;505;5;SÍ;EE
1054;Coche;0.2101;4;1767;16;1920;402;14;NO;
1054;Coche;0.9014;62;544;255;992;574;14;NO;
1054;Matricula;0.7194;67;622;468;704;512;5;SÍ;BE
1055;Coche;0.1753;4;1768;16;1920;403;14;NO;
1055;Coche;0.8913;62;505;254;980;588;14;NO;
1055;Matricula;0.6444;67;583;476;672;523;5;SÍ;EE
1056;Coche;0.1746;4;1768;16;1920;403;14;NO;
1056;Coche;0.8939;62;467;251;970;601;14;NO;
1056;Matricula;0.6948;67;537;483;638;535;5;SÍ;E
1057;Coche;0.1804;4;1768;15;1920;403;14;NO;
1057;Coche;0.8812;62;421;250;958;622;14;NO;
1057;Matricula;0.4716;67;492;493;601;548;5;SÍ;
1058;Coche;0.1853;4;1768;15;1920;403;14;NO;
1058;Coche;0.8846;62;369;250;934;637;14;NO;
1059;Coche;0.1574;4;1769;15;1920;404;14;NO;
1059;Coche;0.8483;62;324;246;919;647;14;NO;
1060;Coche;0.8724;62;260;243;910;677;14;NO;
1061;Coche;0.8672;62;178;239;879;702;14;NO;
1062;Coche;0.8795;62;90;232;859;733;14;NO;
1063;Coche;0.9057;62;27;227;863;771;14;NO;
1064;Coche;0.9118;62;0;223;875;810;14;NO;
1065;Coche;0.9073;62;0;219;916;891;14;NO;
1066;Coche;0.9331;62;0;209;924;927;14;NO;
1067;Coche;0.8718;62;0;199;942;987;14;NO;
1068;Coche;0.8753;62;0;193;945;1036;14;NO;
1069;Coche;0.9023;62;0;180;915;1038;14;NO;
1070;Coche;0.8705;62;0;167;879;1031;14;NO;
1071;Coche;0.8879;62;0;159;830;1019;14;NO;
1072;Coche;0.9148;62;0;145;780;1002;14;NO;
1073;Coche;0.8804;62;0;138;717;981;14;NO;
1074;Coche;0.8441;62;0;146;662;1004;14;NO;
1075;Coche;0.6803;62;0;168;595;1035;14;NO;
1075;Coche;0.2761;4;1769;19;1918;399;14;NO;
1076;Coche;0.3538;4;1768;18;1918;399;14;NO;
1077;Coche;0.3192;4;1768;18;1918;399;14;NO;
1077;Coche;0.328;43;27;372;1095;1080;14;NO;
1078;Coche;0.2969;4;1768;20;1917;399;14;NO;
1078;Coche;0.3116;43;21;371;1100;1079;14;NO;
1079;Coche;0.3045;4;1768;20;1917;399;14;NO;
1079;Coche;0.2741;43;18;371;1105;1079;14;NO;
1080;Coche;0.3259;4;1768;20;1918;399;14;NO;
1080;Coche;0.2716;43;16;370;1108;1079;14;NO;
1081;Coche;0.3285;4;1768;21;1918;399;14;NO;
1081;Coche;0.2926;43;14;370;1110;1079;14;NO;
1082;Coche;0.3236;4;1768;20;1918;399;14;NO;
1082;Coche;0.2706;43;12;370;1112;1079;14;NO;
1083;Coche;0.3354;4;1768;20;1918;400;14;NO;
1083;Coche;0.2841;43;10;370;1112;1079;14;NO;
1084;Coche;0.3119;4;1768;20;1918;400;14;NO;
1084;Coche;0.278;43;10;370;1112;1079;14;NO;
1085;Coche;0.3233;4;1768;19;1918;400;14;NO;
1085;Coche;0.2653;43;9;370;1114;1079;14;NO;
1086;Coche;0.3478;4;1768;19;1919;400;14;NO;
1086;Coche;0.2824;43;8;369;1115;1079;14;NO;
1087;Coche;0.3485;4;1768;19;1919;400;14;NO;
1087;Coche;0.287;43;8;370;1115;1079;14;NO;
1088;Coche;0.3321;4;1768;19;1919;400;14;NO;
1088;Coche;0.2838;43;8;370;1117;1079;14;NO;
1089;Coche;0.3301;4;1768;19;1919;399;14;NO;
1089;Coche;0.2906;43;8;371;1116;1079;14;NO;
1090;Coche;0.3594;4;1768;19;1919;399;14;NO;
1090;Coche;0.302;43;8;371;1117;1079;14;NO;
1091;Coche;0.3401;4;1768;19;1919;400;14;NO;
1091;Coche;0.302;43;7;371;1117;1079;14;NO;
1092;Coche;0.3567;4;1768;20;1919;400;14;NO;
1092;Coche;0.3039;43;7;371;1118;1079;14;NO;
1093;Coche;0.3273;4;1768;19;1919;400;14;NO;
1093;Coche;0.2887;43;5;371;1117;1079;14;NO;
1094;Coche;0.3364;4;1768;19;1918;400;14;NO;
1094;Coche;0.3005;43;5;371;1116;1079;14;NO;
1095;Coche;0.374;4;1768;19;1918;399;14;NO;
1095;Coche;0.3069;43;6;372;1116;1079;14;NO;
1096;Coche;0.4088;4;1767;19;1918;399;14;NO;
1096;Coche;0.3113;43;6;373;1116;1079;14;NO;
1097;Coche;0.4099;4;1767;19;1918;398;14;NO;
1097;Coche;0.3092;43;6;373;1117;1079;14;NO;
1098;Coche;0.4063;4;1767;19;1918;398;14;NO;
1098;Coche;0.3024;43;6;372;1117;1079;14;NO;
1099;Coche;0.4304;4;1767;20;1918;398;14;NO;
1099;Coche;0.3102;43;5;372;1117;1079;14;NO;
1100;Coche;0.4296;4;1767;21;1918;398;14;NO;
1100;Coche;0.3153;43;4;372;1117;1079;14;NO;
1101;Coche;0.426;4;1767;21;1918;398;14;NO;
1101;Coche;0.3311;43;4;372;1116;1079;14;NO;
1102;Coche;0.4381;4;1767;22;1918;398;14;NO;
1102;Coche;0.3278;43;4;372;1116;1079;14;NO;
1103;Coche;0.4508;4;1768;22;1918;398;14;NO;
1103;Coche;0.3258;43;4;372;1116;1079;14;NO;
1104;Coche;0.4704;4;1768;23;1918;398;14;NO;
1104;Coche;0.3348;43;4;372;1116;1079;14;NO;
1105;Coche;0.4794;4;1767;22;1918;398;14;NO;
1105;Coche;0.2675;43;3;372;1115;1079;14;NO;
1106;Coche;0.4742;4;1767;22;1918;398;14;NO;
1106;Coche;0.2731;43;2;372;1114;1079;14;NO;
1107;Coche;0.4795;4;1767;22;1918;398;14;NO;
1107;Coche;0.2672;43;2;372;1113;1079;14;NO;
1108;Coche;0.4614;4;1767;21;1918;398;14;NO;
1108;Coche;0.2828;43;2;372;1112;1079;14;NO;
1109;Coche;0.443;4;1767;21;1918;398;14;NO;
1109;Coche;0.2573;43;1;372;1111;1079;14;NO;
1110;Coche;0.4492;4;1767;21;1918;398;14;NO;
1110;Coche;0.2959;43;1;373;1110;1079;14;NO;
1111;Coche;0.4361;4;1767;22;1918;398;14;NO;
1111;Coche;0.283;43;1;373;1110;1079;14;NO;
1112;Coche;0.4347;4;1767;21;1918;398;14;NO;
1112;Coche;0.2907;43;2;372;1110;1079;14;NO;
1113;Coche;0.4437;4;1767;21;1918;398;14;NO;
1113;Coche;0.2996;43;2;373;1109;1079;14;NO;
1114;Coche;0.451;4;1767;21;1919;398;14;NO;
1114;Coche;0.289;43;2;373;1109;1079;14;NO;
1115;Coche;0.455;4;1767;20;1919;398;14;NO;
1115;Coche;0.2944;43;2;373;1109;1079;14;NO;
1116;Coche;0.4515;4;1767;20;1919;398;14;NO;
1116;Coche;0.3002;43;3;372;1110;1079;14;NO;
1117;Coche;0.4149;4;1767;19;1919;398;14;NO;
1117;Coche;0.3089;43;4;372;1112;1079;14;NO;
1118;Coche;0.4151;4;1767;20;1919;398;14;NO;
1118;Coche;0.3079;43;3;371;1112;1079;14;NO;
1119;Coche;0.3857;4;1767;19;1919;398;14;NO;
1119;Coche;0.2801;43;3;370;1114;1080;14;NO;
1120;Coche;0.4102;4;1767;19;1919;399;14;NO;
1120;Coche;0.2713;43;3;370;1114;1080;14;NO;
1121;Coche;0.4134;4;1767;19;1919;399;14;NO;
1121;Coche;0.2894;43;3;370;1114;1080;14;NO;
1122;Coche;0.4017;4;1767;19;1919;399;14;NO;
1122;Coche;0.2844;43;4;370;1115;1080;14;NO;
1123;Coche;0.4099;4;1766;19;1919;399;14;NO;
1123;Coche;0.2852;43;3;369;1115;1080;14;NO;
1124;Coche;0.4065;4;1766;19;1919;399;14;NO;
1124;Coche;0.2725;43;3;369;1115;1080;14;NO;
1125;Coche;0.4243;4;1766;19;1919;399;14;NO;
1125;Coche;0.2741;43;3;369;1115;1080;14;NO;
1126;Coche;0.4421;4;1766;19;1919;399;14;NO;
1126;Coche;0.3029;43;4;369;1116;1080;14;NO;
1127;Coche;0.4344;4;1767;21;1918;398;14;NO;
1127;Coche;0.3115;43;4;370;1116;1080;14;NO;
1128;Coche;0.4293;4;1767;21;1918;398;14;NO;
1128;Coche;0.3072;43;4;370;1116;1080;14;NO;
1129;Coche;0.4533;4;1766;20;1918;398;14;NO;
1129;Coche;0.2825;43;3;369;1116;1080;14;NO;
1130;Coche;0.4388;4;1766;19;1918;398;14;NO;
1130;Coche;0.2899;43;2;369;1115;1080;14;NO;
1131;Coche;0.4394;4;1766;18;1918;398;14;NO;
1131;Coche;0.2937;43;2;369;1114;1080;14;NO;
1132;Coche;0.4337;4;1766;18;1919;398;14;NO;
1132;Coche;0.3114;43;2;369;1115;1080;14;NO;
1133;Coche;0.4505;4;1766;18;1919;398;14;NO;
1133;Coche;0.3092;43;3;369;1115;1080;14;NO;
1134;Coche;0.4408;4;1766;18;1919;398;14;NO;
1134;Coche;0.3144;43;3;369;1115;1080;14;NO;
1135;Coche;0.4404;4;1766;20;1918;398;14;NO;
1135;Coche;0.3311;43;3;369;1114;1080;14;NO;
1136;Coche;0.4364;4;1767;20;1918;398;14;NO;
1136;Coche;0.3228;43;4;369;1115;1080;14;NO;
1137;Coche;0.4423;4;1767;20;1919;398;14;NO;
1137;Coche;0.3357;43;3;370;1114;1080;14;NO;
1138;Coche;0.4355;4;1767;20;1919;398;14;NO;
1138;Coche;0.333;43;3;370;1114;1080;14;NO;
1139;Coche;0.4394;4;1767;19;1919;398;14;NO;
1139;Coche;0.3197;43;3;369;1116;1080;14;NO;
1140;Coche;0.4393;4;1767;19;1919;398;14;NO;
1140;Coche;0.3123;43;3;368;1117;1080;14;NO;
1141;Coche;0.4139;4;1766;19;1919;398;14;NO;
1141;Coche;0.2815;43;4;367;1120;1080;14;NO;
1142;Coche;0.4075;4;1766;18;1919;398;14;NO;
1142;Coche;0.2841;43;3;366;1120;1080;14;NO;
1143;Coche;0.4059;4;1767;19;1919;399;14;NO;
1143;Coche;0.2764;43;3;367;1119;1080;14;NO;
1144;Coche;0.421;4;1767;19;1919;399;14;NO;
1144;Coche;0.2699;43;3;367;1118;1080;14;NO;
1145;Coche;0.4169;4;1767;19;1919;399;14;NO;
1145;Coche;0.2692;43;2;367;1117;1080;14;NO;
1146;Coche;0.403;4;1767;19;1919;399;14;NO;
1146;Coche;0.2697;43;2;367;1116;1080;14;NO;
1147;Coche;0.3849;4;1767;19;1919;399;14;NO;
1147;Coche;0.2628;43;2;366;1117;1080;14;NO;
1148;Coche;0.3814;4;1767;18;1919;399;14;NO;
1148;Coche;0.2767;43;2;366;1118;1080;14;NO;
1149;Coche;0.3985;4;1767;19;1919;399;14;NO;
1149;Coche;0.2711;43;4;366;1119;1080;14;NO;
1150;Coche;0.4086;4;1767;19;1919;399;14;NO;
1150;Coche;0.2801;43;3;366;1119;1080;14;NO;
1151;Coche;0.4127;4;1767;19;1919;399;14;NO;
1151;Coche;0.2794;43;3;367;1118;1080;14;NO;
1152;Coche;0.413;4;1767;19;1919;399;14;NO;
1152;Coche;0.2798;43;4;367;1118;1080;14;NO;
1153;Coche;0.456;4;1767;18;1919;399;14;NO;
1153;Coche;0.3356;43;5;369;1117;1080;14;NO;
1154;Coche;0.4711;4;1767;18;1919;399;14;NO;
1154;Coche;0.3161;43;5;370;1117;1080;14;NO;
1155;Coche;0.4481;4;1767;18;1919;399;14;NO;
1155;Coche;0.3301;43;5;370;1116;1080;14;NO;
1156;Coche;0.4475;4;1767;18;1919;399;14;NO;
1156;Coche;0.3318;43;4;371;1114;1080;14;NO;
1157;Coche;0.4563;4;1767;18;1919;399;14;NO;
1157;Coche;0.3367;43;4;371;1114;1080;14;NO;
1158;Coche;0.4659;4;1767;18;1919;399;14;NO;
1158;Coche;0.3359;43;3;371;1114;1080;14;NO;
1159;Coche;0.447;4;1767;18;1919;399;14;NO;
1159;Coche;0.3453;43;3;371;1113;1080;14;NO;
1160;Coche;0.4563;4;1767;18;1919;399;14;NO;
1160;Coche;0.3462;43;2;371;1111;1080;14;NO;
1161;Coche;0.4537;4;1767;18;1918;399;14;NO;
1161;Coche;0.3341;43;2;370;1111;1080;14;NO;
1162;Coche;0.4516;4;1767;19;1918;399;14;NO;
1162;Coche;0.3154;43;2;369;1113;1080;14;NO;
1163;Coche;0.4581;4;1767;19;1918;399;14;NO;
1163;Coche;0.3313;43;1;369;1113;1080;14;NO;
1164;Coche;0.443;4;1767;19;1918;399;14;NO;
1164;Coche;0.3158;43;2;368;1114;1080;14;NO;
1165;Coche;0.4181;4;1767;19;1918;399;14;NO;
1165;Coche;0.2929;43;2;368;1115;1080;14;NO;
1166;Coche;0.4122;4;1767;20;1918;399;14;NO;
1166;Coche;0.2769;43;2;367;1115;1080;14;NO;
1167;Coche;0.398;4;1767;21;1918;399;14;NO;
1167;Coche;0.3022;43;2;369;1113;1080;14;NO;
1168;Coche;0.4014;4;1767;21;1918;399;14;NO;
1168;Coche;0.3182;43;3;370;1111;1080;14;NO;
1169;Coche;0.3863;4;1767;21;1918;399;14;NO;
1169;Coche;0.3065;43;4;371;1111;1080;14;NO;
1170;Coche;0.379;4;1767;21;1918;399;14;NO;
1170;Coche;0.3159;43;4;371;1111;1080;14;NO;
1171;Coche;0.3782;4;1766;21;1918;399;14;NO;
1171;Coche;0.3244;43;5;372;1112;1080;14;NO;
1172;Coche;0.3801;4;1767;21;1918;398;14;NO;
1172;Coche;0.3613;43;5;373;1110;1080;14;NO;
1173;Coche;0.3825;4;1766;21;1918;398;14;NO;
1173;Coche;0.3656;43;6;373;1110;1080;14;NO;
1174;Coche;0.3778;4;1766;20;1918;398;14;NO;
1174;Coche;0.3732;43;6;373;1111;1080;14;NO;
1175;Coche;0.397;4;1766;20;1918;398;14;NO;
1175;Coche;0.3606;43;6;373;1111;1080;14;NO;
1176;Coche;0.402;4;1766;20;1918;398;14;NO;
1176;Coche;0.3628;43;5;373;1111;1080;14;NO;
1177;Coche;0.3916;4;1766;20;1918;399;14;NO;
1177;Coche;0.338;43;4;372;1113;1080;14;NO;
1178;Coche;0.399;4;1766;20;1918;399;14;NO;
1178;Coche;0.3273;43;4;372;1114;1080;14;NO;
1179;Coche;0.4018;4;1766;20;1919;399;14;NO;
1179;Coche;0.3587;43;5;372;1114;1080;14;NO;
1180;Coche;0.3947;4;1766;19;1919;399;14;NO;
1180;Coche;0.3291;43;5;372;1115;1080;14;NO;
1181;Coche;0.4168;4;1766;20;1919;399;14;NO;
1181;Coche;0.3144;43;5;372;1115;1080;14;NO;
1182;Coche;0.4124;4;1766;20;1919;399;14;NO;
1182;Coche;0.3134;43;4;371;1116;1080;14;NO;
1183;Coche;0.3963;4;1766;19;1919;399;14;NO;
1183;Coche;0.3439;43;3;371;1115;1080;14;NO;
1184;Coche;0.4268;4;1766;19;1919;399;14;NO;
1184;Coche;0.2801;43;2;370;1115;1080;14;NO;
1185;Coche;0.4093;4;1766;19;1918;399;14;NO;
1185;Coche;0.2526;43;3;370;1116;1080;14;NO;
1186;Coche;0.4209;4;1766;19;1918;398;14;NO;
1186;Coche;0.225;43;4;369;1120;1080;14;NO;
1187;Coche;0.3853;4;1766;17;1920;401;14;NO;
1187;Coche;0.2363;43;5;368;1122;1080;14;NO;
1188;Coche;0.4114;4;1766;18;1919;400;14;NO;
1188;Coche;0.2718;43;6;369;1123;1080;14;NO;
1188;Coche;0.5121;78;4;222;115;527;15;NO;
1189;Coche;0.4132;4;1766;18;1919;399;15;NO;
1189;Coche;0.254;43;5;369;1122;1080;15;NO;
1189;Coche;0.7144;78;10;231;117;521;15;NO;
1190;Coche;0.4136;4;1766;18;1919;399;15;NO;
1190;Coche;0.2666;43;3;367;1122;1080;15;NO;
1190;Coche;0.5989;78;13;233;117;515;15;NO;
1191;Coche;0.4479;4;1766;19;1918;399;15;NO;
1191;Coche;0.2239;43;1;366;1122;1080;15;NO;
1191;Coche;0.7162;78;19;249;117;509;15;NO;
1192;Coche;0.4145;4;1766;19;1918;399;15;NO;
1192;Coche;0.2331;43;0;365;1121;1080;15;NO;
1193;Coche;0.4175;4;1766;19;1919;399;15;NO;
1193;Coche;0.2709;43;1;367;1120;1080;15;NO;
1193;Coche;0.4122;78;27;253;127;513;15;NO;
1194;Coche;0.4434;4;1766;20;1918;399;15;NO;
1194;Coche;0.2357;43;1;367;1119;1080;15;NO;
1194;Coche;0.6268;78;31;255;134;512;15;NO;
1195;Coche;0.4279;4;1766;20;1918;399;15;NO;
1195;Coche;0.2513;43;2;368;1118;1080;15;NO;
1195;Coche;0.6493;78;35;258;139;508;15;NO;
1196;Coche;0.4415;4;1766;21;1918;399;15;NO;
1196;Coche;0.2334;43;2;368;1118;1080;15;NO;
1196;Coche;0.4265;78;40;253;152;510;15;NO;
1197;Coche;0.4311;4;1766;21;1918;399;15;NO;
1197;Coche;0.2263;43;2;368;1118;1080;15;NO;
1197;Coche;0.598;78;41;262;154;512;15;NO;
1198;Coche;0.4124;4;1766;21;1918;399;15;NO;
1198;Coche;0.2498;43;2;368;1117;1080;15;NO;
1198;Coche;0.5378;78;35;256;153;508;15;NO;
1199;Coche;0.4274;4;1766;21;1918;399;15;NO;
1199;Coche;0.2649;43;3;370;1116;1080;15;NO;
1199;Coche;0.5011;78;49;256;172;514;15;NO;
1200;Coche;0.4026;4;1766;20;1918;399;15;NO;
1200;Coche;0.3;43;4;372;1114;1080;15;NO;
1201;Coche;0.3791;4;1766;23;1918;398;15;NO;
1201;Coche;0.3163;43;6;374;1113;1080;15;NO;
1202;Coche;0.3776;4;1767;24;1918;398;15;NO;
1202;Coche;0.3404;43;6;376;1111;1080;15;NO;
1203;Coche;0.3543;4;1767;24;1918;398;15;NO;
1203;Coche;0.2948;43;6;377;1111;1080;15;NO;
1204;Coche;0.3353;4;1767;24;1918;398;15;NO;
1204;Coche;0.2776;43;7;378;1110;1080;15;NO;
1205;Coche;0.3433;4;1767;24;1918;398;15;NO;
1205;Coche;0.255;43;7;379;1109;1080;15;NO;
1206;Coche;0.3484;4;1766;25;1918;398;15;NO;
1206;Coche;0.2511;43;9;381;1111;1080;15;NO;
1206;Coche;0.6182;78;40;228;186;514;15;NO;
1207;Coche;0.3327;4;1766;23;1918;398;15;NO;
1207;Coche;0.2561;43;9;381;1111;1080;15;NO;
1207;Coche;0.5683;78;38;235;191;513;15;NO;
1208;Coche;0.3382;4;1766;22;1918;398;15;NO;
1208;Coche;0.2483;43;8;381;1112;1080;15;NO;
1208;Coche;0.4269;78;42;256;195;513;15;NO;
1209;Coche;0.3377;4;1766;22;1918;398;15;NO;
1209;Coche;0.2649;43;9;381;1112;1080;15;NO;
1209;Coche;0.4795;78;35;242;203;512;15;NO;
1210;Coche;0.3343;4;1766;22;1919;398;15;NO;
1210;Coche;0.2447;43;9;381;1113;1080;15;NO;
1210;Coche;0.72;78;30;235;208;512;15;NO;
1211;Coche;0.3247;4;1766;22;1919;398;15;NO;
1211;Coche;0.2391;43;9;381;1114;1080;15;NO;
1211;Coche;0.6725;78;27;226;215;514;15;NO;
1212;Coche;0.3432;4;1766;21;1919;398;15;NO;
1212;Coche;0.2517;43;9;381;1116;1080;15;NO;
1212;Coche;0.208;78;31;257;209;518;15;NO;
1213;Coche;0.3534;4;1766;21;1919;398;15;NO;
1213;Coche;0.2594;43;7;381;1115;1080;15;NO;
1214;Coche;0.3486;4;1766;21;1919;398;15;NO;
1214;Coche;0.2427;43;5;380;1115;1080;15;NO;
1215;Coche;0.3532;4;1767;23;1919;398;15;NO;
1215;Coche;0.2214;43;3;379;1114;1080;15;NO;
1215;Coche;0.38;78;39;267;215;508;15;NO;
1216;Coche;0.3713;4;1767;23;1919;398;15;NO;
1216;Coche;0.2265;43;3;378;1114;1080;15;NO;
1216;Coche;0.3379;78;38;271;215;499;15;NO;
1217;Coche;0.3527;4;1767;24;1919;398;15;NO;
1217;Coche;0.2424;43;2;378;1114;1080;15;NO;
1218;Coche;0.3506;4;1767;24;1919;398;15;NO;
1218;Coche;0.2348;43;3;378;1115;1080;15;NO;
1219;Coche;0.3533;4;1767;24;1919;398;15;NO;
1219;Coche;0.2113;43;4;378;1115;1080;15;NO;
1220;Coche;0.3676;4;1767;24;1919;398;15;NO;
1220;Coche;0.2215;43;5;379;1114;1080;15;NO;
1220;Coche;0.3639;78;52;241;252;491;15;NO;
1221;Coche;0.3631;4;1767;24;1919;398;15;NO;
1221;Coche;0.227;43;4;380;1112;1080;15;NO;
1221;Coche;0.5021;78;60;235;267;490;15;NO;
1222;Coche;0.3506;4;1768;23;1919;398;15;NO;
1222;Coche;0.2734;43;6;381;1111;1080;15;NO;
1222;Coche;0.4109;78;40;231;260;493;15;NO;
1223;Coche;0.3464;4;1768;23;1919;398;15;NO;
1223;Coche;0.2358;43;6;382;1111;1080;15;NO;
1223;Coche;0.618;78;64;235;280;495;15;NO;
1224;Coche;0.3501;4;1768;22;1919;398;15;NO;
1224;Coche;0.1873;43;5;381;1112;1080;15;NO;
1224;Coche;0.4047;78;44;239;269;501;15;NO;
1225;Coche;0.3227;4;1768;21;1920;398;15;NO;
1225;Coche;0.2024;43;5;379;1115;1080;15;NO;
1225;Coche;0.1116;78;29;236;270;512;15;NO;
1226;Coche;0.3501;4;1769;23;1919;397;15;NO;
1226;Coche;0.2255;43;5;379;1114;1080;15;NO;
1227;Coche;0.3242;4;1769;25;1919;397;15;NO;
1227;Coche;0.2287;43;5;379;1115;1080;15;NO;
1228;Coche;0.2029;4;1769;25;1919;396;15;NO;
1228;Coche;0.1788;43;5;379;1115;1080;15;NO;
1229;Coche;0.1866;4;1769;23;1919;396;15;NO;
1229;Coche;0.1967;43;5;379;1115;1080;15;NO;
1230;Coche;0.2694;4;1768;23;1920;402;15;NO;
1230;Coche;0.2002;43;4;380;1113;1080;15;NO;
1231;Coche;0.1711;4;1767;43;1920;428;15;NO;
1231;Coche;0.1867;43;4;381;1112;1080;15;NO;
1231;Coche;0.4343;78;107;246;314;487;15;NO;
1232;Coche;0.1936;4;1766;53;1919;437;15;NO;
1232;Coche;0.1637;43;3;381;1112;1080;15;NO;
1232;Coche;0.6368;84;1763;393;1912;545;16;NO;
1232;Coche;0.3345;78;113;245;316;485;16;NO;
1233;Coche;0.2945;4;1768;35;1918;410;16;NO;
1233;Coche;0.1707;43;3;381;1112;1080;16;NO;
1233;Coche;0.6524;84;1757;398;1899;542;16;NO;
1233;Coche;0.1051;78;113;247;314;485;16;NO;
1234;Coche;0.4007;4;1768;27;1917;399;16;NO;
1234;Coche;0.1652;43;2;381;1110;1080;16;NO;
1234;Coche;0.6835;84;1741;392;1893;545;16;NO;
1234;Coche;0.4608;78;110;234;323;486;16;NO;
1235;Coche;0.3886;4;1768;23;1917;394;16;NO;
1235;Coche;0.1678;43;0;381;1108;1080;16;NO;
1235;Coche;0.6075;84;1721;375;1895;548;16;NO;
1235;Coche;0.3275;78;115;228;331;486;16;NO;
1236;Coche;0.2215;4;1765;16;1919;399;16;NO;
1236;Coche;0.1895;43;1;382;1107;1080;16;NO;
1236;Coche;0.7371;84;1712;368;1888;540;16;NO;
1236;Coche;0.2182;78;120;226;335;486;16;NO;
1237;Coche;0.1955;4;1761;12;1916;393;16;NO;
1237;Coche;0.1948;43;2;382;1108;1080;16;NO;
1237;Coche;0.7538;84;1697;344;1891;532;16;NO;
1237;Coche;0.1279;78;118;220;338;487;16;NO;
1238;Coche;0.1299;4;1758;11;1912;387;16;NO;
1238;Coche;0.1999;43;3;382;1109;1080;16;NO;
1238;Coche;0.827;84;1683;334;1887;528;16;NO;
1238;Coche;0.1675;78;120;225;336;487;16;NO;
1239;Coche;0.1635;4;1761;11;1915;386;16;NO;
1239;Coche;0.1971;43;5;382;1111;1080;16;NO;
1239;Coche;0.8293;84;1675;332;1880;521;16;NO;
1239;Coche;0.1643;78;136;249;332;485;16;NO;
1240;Coche;0.1082;4;1766;13;1917;380;16;NO;
1240;Coche;0.1946;43;5;383;1110;1080;16;NO;
1240;Coche;0.8139;84;1668;331;1875;515;16;NO;
1240;Coche;0.1084;78;135;233;340;483;16;NO;
1241;Coche;0.1708;4;1766;17;1918;387;16;NO;
1241;Coche;0.1724;43;4;383;1109;1080;16;NO;
1241;Coche;0.763;84;1710;331;1911;512;16;NO;
1241;Coche;0.1568;78;137;237;339;481;16;NO;
1242;Coche;0.1401;43;2;382;1110;1080;16;NO;
1242;Coche;0.8204;84;1677;332;1876;502;16;NO;
1243;Coche;0.1471;43;2;381;1110;1080;16;NO;
1243;Coche;0.8529;84;1656;333;1861;499;16;NO;
1244;Coche;0.1471;43;2;382;1109;1080;16;NO;
1244;Coche;0.7202;84;1641;336;1845;491;16;NO;
1245;Coche;0.1557;43;4;382;1112;1080;16;NO;
1245;Coche;0.6399;84;1627;337;1833;485;16;NO;
1246;Coche;0.1526;43;6;383;1112;1080;16;NO;
1246;Coche;0.4932;84;1610;339;1816;480;16;NO;
1247;Coche;0.1535;43;4;384;1109;1080;16;NO;
1247;Coche;0.3791;84;1589;342;1792;476;16;NO;
1247;Coche;0.26;4;1768;24;1920;392;16;NO;
1248;Coche;0.1527;43;2;383;1108;1080;16;NO;
1248;Coche;0.2309;84;1567;340;1780;477;16;NO;
1248;Coche;0.4181;4;1770;29;1919;393;16;NO;
1249;Coche;0.1407;43;2;382;1110;1080;16;NO;
1249;Coche;0.2718;84;1548;341;1763;476;16;NO;
1249;Coche;0.2965;4;1768;26;1919;394;16;NO;
1250;Coche;0.1364;43;3;381;1112;1080;16;NO;
1250;Coche;0.3313;4;1768;27;1919;396;16;NO;
1251;Coche;0.1579;43;3;382;1111;1080;16;NO;
1251;Coche;0.4697;4;1767;28;1919;399;16;NO;
1252;Coche;0.1543;43;3;382;1111;1080;16;NO;
1252;Coche;0.5269;4;1767;31;1919;400;16;NO;
1253;Coche;0.1575;43;3;383;1111;1080;16;NO;
1253;Coche;0.4872;4;1767;32;1918;401;16;NO;
1254;Coche;0.1196;43;4;382;1113;1080;16;NO;
1254;Coche;0.432;4;1767;30;1919;401;16;NO;
1255;Coche;0.1902;43;6;385;1111;1080;16;NO;
1255;Coche;0.3417;4;1767;27;1920;402;16;NO;
1256;Coche;0.1725;43;5;385;1110;1080;16;NO;
1256;Coche;0.3779;4;1767;27;1920;402;16;NO;
1257;Coche;0.2044;43;7;387;1110;1080;16;NO;
1257;Coche;0.3519;4;1767;27;1919;400;16;NO;
1258;Coche;0.2183;43;8;388;1111;1080;16;NO;
1258;Coche;0.3716;4;1767;27;1919;399;16;NO;
1259;Coche;0.2118;43;8;387;1113;1080;16;NO;
1259;Coche;0.3332;4;1767;26;1919;401;16;NO;
1260;Coche;0.2197;43;7;387;1113;1080;16;NO;
1260;Coche;0.3731;4;1767;28;1919;400;16;NO;
1261;Coche;0.1792;43;4;386;1113;1080;16;NO;
1261;Coche;0.4442;4;1768;27;1918;399;16;NO;
1262;Coche;0.13;43;2;384;1113;1080;16;NO;
1262;Coche;0.4038;4;1768;27;1918;398;16;NO;
1263;Coche;0.1627;43;1;384;1111;1080;16;NO;
1263;Coche;0.4352;4;1767;25;1919;397;16;NO;
1264;Coche;0.1732;43;0;385;1109;1080;16;NO;
1264;Coche;0.4033;4;1767;25;1919;397;16;NO;
1265;Coche;0.1725;43;0;385;1107;1080;16;NO;
1265;Coche;0.4018;4;1767;25;1919;397;16;NO;
1266;Coche;0.1428;43;0;384;1105;1080;16;NO;
1266;Coche;0.4199;4;1767;25;1919;397;16;NO;
1267;Coche;0.1167;43;0;382;1105;1080;16;NO;
1267;Coche;0.3833;4;1767;25;1918;396;16;NO;
1268;Coche;0.1051;43;0;381;1104;1080;16;NO;
1268;Coche;0.3658;4;1767;25;1918;396;16;NO;
1269;Coche;0.1519;43;0;383;1099;1080;16;NO;
1269;Coche;0.3719;4;1768;26;1918;396;16;NO;
1270;Coche;0.1692;43;0;385;1097;1080;16;NO;
1270;Coche;0.3426;4;1767;25;1919;397;16;NO;
1271;Coche;0.1673;43;0;385;1096;1080;16;NO;
1271;Coche;0.3761;4;1768;26;1919;397;16;NO;
1272;Coche;0.1769;43;0;386;1095;1080;16;NO;
1272;Coche;0.3523;4;1767;25;1919;397;16;NO;
1273;Coche;0.1621;43;0;384;1093;1080;16;NO;
1273;Coche;0.2885;4;1768;26;1919;398;16;NO;
1274;Coche;0.1797;43;0;384;1090;1080;16;NO;
1274;Coche;0.3254;4;1768;25;1919;398;16;NO;
1275;Coche;0.1804;43;0;382;1092;1080;16;NO;
1275;Coche;0.241;4;1768;25;1919;398;16;NO;
1276;Coche;0.1817;43;0;382;1090;1080;16;NO;
1276;Coche;0.3084;4;1768;25;1919;398;16;NO;
1277;Coche;0.1531;43;0;382;1086;1080;16;NO;
1277;Coche;0.3441;4;1768;25;1919;398;16;NO;
1278;Coche;0.222;43;0;384;1084;1080;16;NO;
1278;Coche;0.3705;4;1768;26;1919;398;16;NO;
1279;Coche;0.242;43;0;387;1080;1080;16;NO;
1279;Coche;0.403;4;1769;27;1919;397;16;NO;
1280;Coche;0.2056;43;0;386;1079;1080;16;NO;
1280;Coche;0.3735;4;1769;28;1918;397;16;NO;
1281;Coche;0.2389;43;0;388;1076;1080;16;NO;
1281;Coche;0.372;4;1768;27;1918;397;16;NO;
1282;Coche;0.2393;43;0;389;1075;1080;16;NO;
1282;Coche;0.3601;4;1768;27;1919;397;16;NO;
1282;Coche;0.5038;86;941;298;1144;433;17;NO;
1283;Coche;0.2469;43;0;389;1074;1080;17;NO;
1283;Coche;0.354;4;1768;27;1919;398;17;NO;
1283;Coche;0.4778;86;930;295;1144;438;17;NO;
1284;Coche;0.1915;43;0;389;1072;1080;17;NO;
1284;Coche;0.3122;4;1768;27;1919;398;17;NO;
1284;Coche;0.348;86;931;296;1150;441;17;NO;
1285;Coche;0.2207;43;0;390;1071;1080;17;NO;
1285;Coche;0.296;4;1768;24;1919;397;17;NO;
1285;Coche;0.5057;86;924;295;1148;444;17;NO;
1286;Coche;0.2053;43;0;389;1067;1080;17;NO;
1286;Coche;0.3146;4;1768;23;1919;397;17;NO;
1286;Coche;0.5984;86;912;294;1137;444;17;NO;
1287;Coche;0.2042;43;0;389;1062;1080;17;NO;
1287;Coche;0.3462;4;1768;22;1919;397;17;NO;
1287;Coche;0.7413;86;912;294;1144;447;17;NO;
1288;Coche;0.1609;43;0;389;1059;1080;17;NO;
1288;Coche;0.337;4;1768;21;1919;397;17;NO;
1288;Coche;0.7609;86;884;296;1124;454;17;NO;
1289;Coche;0.1746;43;0;389;1058;1080;17;NO;
1289;Coche;0.299;4;1768;21;1920;397;17;NO;
1289;Coche;0.7667;86;866;295;1112;459;17;NO;
1290;Coche;0.1969;43;0;389;1051;1080;17;NO;
1290;Coche;0.2941;4;1768;20;1920;397;17;NO;
1290;Coche;0.8261;86;852;296;1102;464;17;NO;
1291;Coche;0.1837;43;0;388;1045;1080;17;NO;
1291;Coche;0.2638;4;1768;21;1919;397;17;NO;
1291;Coche;0.8311;86;837;297;1091;468;17;NO;
1292;Coche;0.1754;43;0;387;1042;1080;17;NO;
1292;Coche;0.3149;4;1768;21;1919;397;17;NO;
1292;Coche;0.82;86;829;297;1087;472;17;NO;
1293;Coche;0.1234;43;0;388;1051;1080;17;NO;
1293;Coche;0.2671;4;1768;21;1919;397;17;NO;
1293;Coche;0.7682;86;818;292;1090;478;17;NO;
1294;Coche;0.1166;43;0;387;1058;1080;17;NO;
1294;Coche;0.28;4;1768;19;1920;400;17;NO;
1294;Coche;0.793;86;814;292;1093;481;17;NO;
1295;Coche;0.1013;43;0;384;1050;1080;17;NO;
1295;Coche;0.2604;4;1768;18;1920;401;17;NO;
1295;Coche;0.8675;86;801;293;1090;485;17;NO;
1296;Coche;0.2561;4;1768;18;1920;402;17;NO;
1296;Coche;0.819;86;794;291;1098;489;17;NO;
1297;Coche;0.1824;4;1768;17;1920;402;17;NO;
1297;Coche;0.8171;86;753;293;1066;499;17;NO;
1298;Coche;0.186;4;1768;16;1920;402;17;NO;
1298;Coche;0.8872;86;740;295;1066;508;17;NO;
1299;Coche;0.163;4;1768;16;1920;403;17;NO;
1299;Coche;0.9113;86;709;297;1044;515;17;NO;
1300;Coche;0.2102;4;1768;17;1920;402;17;NO;
1300;Coche;0.9429;86;689;299;1035;523;17;NO;
1301;Coche;0.1923;4;1769;18;1920;402;17;NO;
1301;Coche;0.8978;86;663;297;1027;531;17;NO;
1302;Coche;0.2196;4;1769;18;1920;402;17;NO;
1302;Coche;0.9291;86;635;296;1023;543;17;NO;
1303;Coche;0.1047;4;1769;18;1920;403;17;NO;
1303;Coche;0.8393;86;598;294;1012;556;17;NO;
1304;Coche;0.1063;4;1769;19;1919;403;17;NO;
1304;Coche;0.8303;86;568;294;989;559;17;NO;
1305;Coche;0.8418;86;529;293;966;566;17;NO;
1306;Coche;0.8588;86;485;291;957;583;17;NO;
1307;Coche;0.8755;86;428;287;943;604;17;NO;
1308;Coche;0.8682;86;375;283;926;619;17;NO;
1309;Coche;0.8157;86;316;278;914;642;17;NO;
1310;Coche;0.8897;86;247;274;888;661;17;NO;
1311;Coche;0.8666;86;165;269;866;688;17;NO;
1312;Coche;0.8908;86;76;267;841;721;17;NO;
1313;Coche;0.9137;86;9;265;845;762;17;NO;
1314;Coche;0.9235;86;0;263;860;812;17;NO;
1315;Coche;0.9145;86;0;258;893;884;17;NO;
1316;Coche;0.8954;86;0;257;913;943;17;NO;
1317;Coche;0.9016;86;0;255;931;1013;17;NO;
1318;Coche;0.9158;86;0;251;873;985;17;NO;
1319;Coche;0.8988;86;0;243;841;989;17;NO;
1320;Coche;0.9063;86;0;236;794;988;17;NO;
1321;Coche;0.8814;86;0;233;743;988;17;NO;
1322;Coche;0.1152;86;0;244;750;1003;17;NO;
1323;Coche;0.1001;86;0;268;826;1031;17;NO;
1323;Coche;0.2585;4;1770;26;1916;397;17;NO;
1324;Coche;0.2887;4;1770;26;1917;397;17;NO;
1325;Coche;0.2759;4;1770;27;1917;397;17;NO;
1326;Coche;0.2805;4;1769;25;1918;397;17;NO;
1327;Coche;0.2838;4;1769;24;1918;397;17;NO;
1328;Coche;0.2691;4;1768;22;1918;397;17;NO;
1329;Coche;0.2707;4;1768;22;1918;397;17;NO;
1330;Coche;0.2557;4;1768;22;1918;397;17;NO;
1331;Coche;0.2479;4;1768;21;1918;397;17;NO;
1332;Coche;0.2485;4;1768;20;1918;397;17;NO;
1333;Coche;0.2503;4;1768;20;1918;397;17;NO;
1334;Coche;0.2673;4;1768;20;1918;397;17;NO;
1335;Coche;0.2977;4;1768;22;1918;396;17;NO;
1336;Coche;0.3048;4;1768;23;1918;396;17;NO;
1337;Coche;0.3246;4;1768;22;1918;396;17;NO;
1338;Coche;0.2917;4;1768;22;1918;396;17;NO;
1339;Coche;0.277;4;1768;22;1919;396;17;NO;
1340;Coche;0.2861;4;1768;22;1919;396;17;NO;
1341;Coche;0.3077;4;1768;22;1919;396;17;NO;
1342;Coche;0.2821;4;1768;21;1919;396;17;NO;
1342;Coche;0.5346;92;925;296;1146;441;18;NO;
1343;Coche;0.3277;4;1768;20;1919;397;18;NO;
1343;Coche;0.603;92;918;295;1147;445;18;NO;
1344;Coche;0.3009;4;1768;21;1919;397;18;NO;
1344;Coche;0.5988;92;911;297;1136;444;18;NO;
1345;Coche;0.3242;4;1767;20;1919;398;18;NO;
1345;Coche;0.7295;92;893;294;1128;448;18;NO;
1346;Coche;0.2955;4;1767;19;1919;398;18;NO;
1346;Coche;0.7796;92;878;294;1122;455;18;NO;
1347;Coche;0.2833;4;1767;19;1919;399;18;NO;
1347;Coche;0.7986;92;864;292;1114;459;18;NO;
1348;Coche;0.3045;4;1766;19;1919;399;18;NO;
1348;Coche;0.7795;92;849;292;1108;465;18;NO;
1349;Coche;0.2936;4;1767;19;1919;399;18;NO;
1349;Coche;0.8139;92;841;294;1102;470;18;NO;
1350;Coche;0.2924;4;1767;19;1919;399;18;NO;
1350;Coche;0.781;92;833;292;1096;470;18;NO;
1351;Coche;0.2731;4;1767;19;1919;399;18;NO;
1351;Coche;0.7865;92;829;293;1099;474;18;NO;
1352;Coche;0.2153;4;1767;19;1919;399;18;NO;
1352;Coche;0.7471;92;815;292;1090;477;18;NO;
1353;Coche;0.2196;4;1767;18;1919;399;18;NO;
1353;Coche;0.7661;92;803;294;1085;483;18;NO;
1354;Coche;0.233;4;1767;19;1919;399;18;NO;
1354;Coche;0.8312;92;771;294;1057;488;18;NO;
1355;Coche;0.2099;4;1767;19;1919;399;18;NO;
1355;Coche;0.7623;92;768;294;1059;491;18;NO;
1356;Coche;0.2412;4;1767;20;1919;399;18;NO;
1356;Coche;0.8012;92;751;296;1053;500;18;NO;
1357;Coche;0.1937;4;1767;19;1919;399;18;NO;
1357;Coche;0.8276;92;733;296;1049;507;18;NO;
1358;Coche;0.1938;4;1767;20;1919;399;18;NO;
1358;Coche;0.878;92;718;295;1050;515;18;NO;
1359;Coche;0.1878;4;1767;18;1920;401;18;NO;
1359;Coche;0.9217;92;699;296;1039;520;18;NO;
1360;Coche;0.2101;4;1768;17;1920;402;18;NO;
1360;Coche;0.8726;92;677;297;1028;525;18;NO;
1361;Coche;0.1808;4;1768;16;1920;402;18;NO;
1361;Coche;0.9121;92;658;297;1025;531;18;NO;
1362;Coche;0.1441;4;1768;16;1920;402;18;NO;
1362;Coche;0.9235;92;630;295;1018;539;18;NO;
1362;Matricula;0.749;95;672;442;755;496;6;SÍ;G
1363;Coche;0.1321;4;1768;16;1920;402;18;NO;
1363;Coche;0.9229;92;621;295;1043;553;18;NO;
1364;Coche;0.1407;4;1769;16;1920;402;18;NO;
1364;Coche;0.8956;92;597;293;1051;563;18;NO;
1365;Coche;0.8144;92;532;293;994;567;18;NO;
1366;Coche;0.8668;92;481;292;968;580;18;NO;
1367;Coche;0.8475;92;428;290;952;599;18;NO;
1368;Coche;0.8816;92;385;288;938;611;18;NO;
1369;Coche;0.8346;92;337;286;923;626;18;NO;
1370;Coche;0.8618;92;270;280;906;648;18;NO;
1371;Coche;0.8831;92;203;274;888;668;18;NO;
1372;Coche;0.8364;92;124;268;866;692;18;NO;
1373;Coche;0.8472;92;48;267;849;723;18;NO;
1374;Coche;0.9012;92;0;261;856;756;18;NO;
1375;Coche;0.8941;92;0;262;862;796;18;NO;
1376;Coche;0.8789;92;0;257;877;834;18;NO;
1377;Coche;0.8896;92;0;258;907;904;18;NO;
1378;Coche;0.8845;92;0;257;922;963;18;NO;
1379;Coche;0.8934;92;0;254;932;1023;18;NO;
1380;Coche;0.8928;92;0;250;876;993;18;NO;
1381;Coche;0.8949;92;0;247;826;975;18;NO;
1382;Coche;0.9035;92;0;240;781;967;18;NO;
1383;Coche;0.8712;92;0;238;732;964;18;NO;
1384;Coche;0.8028;92;0;250;676;968;18;NO;
1384;Coche;0.2825;4;1769;20;1918;398;18;NO;
1385;Coche;0.5778;92;0;279;597;958;18;NO;
1385;Coche;0.2419;4;1769;21;1918;398;18;NO;
1386;Coche;0.2655;4;1769;19;1919;401;18;NO;
1387;Coche;0.2856;4;1768;19;1918;400;18;NO;
1388;Coche;0.278;4;1768;19;1918;399;18;NO;
1389;Coche;0.2674;4;1768;20;1918;399;18;NO;
1390;Coche;0.2985;4;1768;20;1918;398;18;NO;
1391;Coche;0.3035;4;1768;22;1917;397;18;NO;
1392;Coche;0.2237;4;1768;22;1918;398;18;NO;
1396;Coche;0.4261;112;990;273;1112;408;19;NO;
1397;Coche;0.6347;112;965;268;1100;416;19;NO;
1397;Coche;0.7042;113;1767;360;1915;544;20;NO;
1398;Coche;0.7181;112;974;263;1121;422;20;NO;
1398;Coche;0.816;113;1745;328;1920;547;20;NO;
1399;Coche;0.7245;112;979;265;1130;429;20;NO;
1399;Coche;0.9404;113;1739;322;1915;539;20;NO;
1399;Coche;0.3464;4;1763;16;1920;418;20;NO;
1400;Coche;0.6487;112;981;268;1136;434;20;NO;
1400;Coche;0.9478;113;1728;325;1907;546;20;NO;
1400;Coche;0.369;4;1761;14;1920;427;20;NO;
1401;Coche;0.6307;112;986;277;1141;439;20;NO;
1401;Coche;0.9684;113;1715;325;1903;553;20;NO;
1401;Coche;0.216;4;1761;12;1920;423;20;NO;
1402;Coche;0.8735;112;969;279;1126;441;20;NO;
1402;Coche;0.9458;113;1709;325;1894;546;20;NO;
1402;Coche;0.1853;4;1763;11;1918;406;20;NO;
1403;Coche;0.7925;112;948;280;1106;442;20;NO;
1403;Coche;0.9452;113;1702;324;1887;540;20;NO;
1404;Coche;0.7685;112;945;275;1113;442;20;NO;
1404;Coche;0.9085;113;1697;323;1882;534;20;NO;
1405;Coche;0.8533;112;936;274;1111;446;20;NO;
1405;Coche;0.91;113;1690;323;1879;531;20;NO;
1406;Coche;0.8922;112;933;272;1120;451;20;NO;
1406;Coche;0.9049;113;1686;323;1879;529;20;NO;
1407;Coche;0.8531;112;921;271;1116;453;20;NO;
1407;Coche;0.8893;113;1677;324;1872;524;20;NO;
1408;Coche;0.854;112;919;273;1126;461;20;NO;
1408;Coche;0.876;113;1665;324;1867;520;20;NO;
1409;Coche;0.9034;112;910;276;1125;465;20;NO;
1409;Coche;0.8886;113;1656;324;1866;519;20;NO;
1410;Coche;0.9298;112;886;274;1112;472;20;NO;
1410;Coche;0.8862;113;1651;325;1866;515;20;NO;
1411;Coche;0.8851;112;869;276;1097;475;20;NO;
1411;Coche;0.9122;113;1642;325;1863;512;20;NO;
1412;Coche;0.886;112;857;278;1087;478;20;NO;
1412;Coche;0.7894;113;1634;326;1853;502;20;NO;
1413;Coche;0.9119;112;846;277;1083;481;20;NO;
1413;Coche;0.8538;113;1621;327;1840;496;20;NO;
1414;Coche;0.8695;112;855;273;1118;492;20;NO;
1414;Coche;0.7824;113;1611;327;1830;490;20;NO;
1415;Coche;0.9056;112;830;272;1101;493;20;NO;
1415;Coche;0.6497;113;1594;328;1815;487;20;NO;
1416;Coche;0.9582;112;807;275;1080;495;20;NO;
1416;Coche;0.7698;113;1576;328;1804;488;20;NO;
1416;Coche;0.3251;4;1774;20;1920;394;20;NO;
1417;Coche;0.9259;112;793;271;1086;504;20;NO;
1417;Coche;0.7385;113;1561;328;1790;487;20;NO;
1417;Coche;0.2658;4;1774;26;1919;395;20;NO;
1418;Coche;0.9215;112;795;270;1109;510;20;NO;
1418;Coche;0.7133;113;1552;327;1780;483;20;NO;
1418;Coche;0.1543;4;1773;25;1919;397;20;NO;
1419;Coche;0.9489;112;754;273;1071;515;20;NO;
1419;Coche;0.7192;113;1536;324;1768;482;20;NO;
1419;Coche;0.1283;4;1771;25;1919;402;20;NO;
1420;Coche;0.8465;112;732;274;1054;519;20;NO;
1420;Coche;0.6443;113;1524;323;1760;482;20;NO;
1420;Coche;0.222;4;1772;27;1918;397;20;NO;
1421;Coche;0.9417;112;717;274;1058;527;20;NO;
1421;Coche;0.3327;113;1544;322;1772;481;20;NO;
1421;Coche;0.3086;4;1772;27;1917;396;20;NO;
1422;Coche;0.8732;112;700;269;1068;536;20;NO;
1422;Coche;0.4891;113;1553;322;1769;478;20;NO;
1422;Coche;0.3987;4;1771;28;1917;398;20;NO;
1423;Coche;0.8241;112;658;264;1042;540;20;NO;
1423;Coche;0.355;113;1546;318;1755;473;20;NO;
1423;Coche;0.3194;4;1771;26;1918;399;20;NO;
1424;Coche;0.7511;112;622;260;1022;546;20;NO;
1424;Coche;0.1222;113;1530;316;1740;472;20;NO;
1424;Coche;0.2114;4;1770;25;1918;399;20;NO;
1425;Coche;0.8511;112;592;259;1006;554;20;NO;
1426;Coche;0.8879;112;552;257;989;568;20;NO;
1427;Coche;0.8757;112;511;255;972;581;20;NO;
1428;Coche;0.877;112;469;253;964;601;20;NO;
1429;Coche;0.8533;112;423;252;954;621;20;NO;
1430;Coche;0.882;112;377;252;933;634;20;NO;
1431;Coche;0.8759;112;328;249;915;647;20;NO;
1432;Coche;0.8653;112;262;244;908;678;20;NO;
1433;Coche;0.8789;112;177;240;878;706;20;NO;
1434;Coche;0.8858;112;83;235;861;746;20;NO;
1435;Coche;0.9135;112;18;231;860;785;20;NO;
1436;Coche;0.8951;112;0;226;906;875;20;NO;
1437;Coche;0.9031;112;0;223;920;926;20;NO;
1438;Coche;0.9065;112;0;211;931;970;20;NO;
1439;Coche;0.8554;112;0;201;945;1027;20;NO;
1440;Coche;0.8701;112;0;193;940;1057;20;NO;
1441;Coche;0.8568;112;0;177;918;1044;20;NO;
1442;Coche;0.846;112;0;164;870;1034;20;NO;
1443;Coche;0.8751;112;0;158;813;1026;20;NO;
1444;Coche;0.8111;112;0;148;760;1024;20;NO;
1445;Coche;0.589;112;0;143;697;1018;20;NO;
1450;Coche;0.7223;128;1204;306;1363;453;21;NO;
1451;Coche;0.6852;128;1204;306;1366;456;21;NO;
1452;Coche;0.785;128;1205;304;1376;462;21;NO;
1453;Coche;0.8066;128;1203;298;1387;468;21;NO;
1454;Coche;0.839;128;1204;297;1393;473;21;NO;
1455;Coche;0.8872;128;1204;295;1398;475;21;NO;
1456;Coche;0.8296;128;1213;296;1411;479;21;NO;
1457;Coche;0.8578;128;1217;295;1419;481;21;NO;
1458;Coche;0.9039;128;1223;293;1429;482;21;NO;
1459;Coche;0.9132;128;1222;290;1434;485;21;NO;
1460;Coche;0.9499;128;1227;288;1443;487;21;NO;
1461;Coche;0.9482;128;1234;289;1458;494;21;NO;
1462;Coche;0.9514;128;1240;289;1469;498;21;NO;
1463;Coche;0.939;128;1246;289;1487;508;21;NO;
1464;Coche;0.9551;128;1253;290;1502;515;21;NO;
1465;Coche;0.9582;128;1262;290;1515;519;21;NO;
1466;Coche;0.9629;128;1265;292;1529;529;21;NO;
1466;Matricula;0.4413;136;1371;440;1468;479;7;SÍ;BS
1467;Coche;0.9664;128;1280;291;1551;534;21;NO;
1467;Matricula;0.5836;136;1385;447;1491;490;7;SÍ;EET
1468;Coche;0.9736;128;1293;292;1575;544;21;NO;
1468;Matricula;0.5793;136;1396;454;1504;498;7;SÍ;
1469;Coche;0.9812;128;1304;294;1596;554;21;NO;
1469;Matricula;0.5545;136;1417;461;1527;505;7;SÍ;S
1470;Coche;0.9569;128;1320;293;1622;561;21;NO;
1470;Matricula;0.8031;136;1452;468;1555;509;7;SÍ;SS
1471;Coche;0.9466;128;1315;290;1634;569;21;NO;
1471;Matricula;0.6661;136;1481;477;1586;519;7;SÍ;SD
1472;Coche;0.9566;128;1342;289;1675;579;21;NO;
1472;Matricula;0.6428;136;1512;486;1617;528;7;SÍ;
1473;Coche;0.9111;128;1360;289;1714;594;21;NO;
1473;Matricula;0.7593;136;1537;493;1652;539;7;SÍ;
1474;Coche;0.8898;128;1345;291;1721;605;21;NO;
1474;Matricula;0.6528;136;1572;504;1690;552;7;SÍ;
1475;Coche;0.8755;128;1349;292;1753;619;21;NO;
1475;Matricula;0.7559;136;1610;516;1732;565;7;SÍ;
1476;Coche;0.8643;128;1360;289;1807;638;21;NO;
1476;Matricula;0.7418;136;1649;529;1783;583;7;SÍ;
1477;Coche;0.8563;128;1363;285;1845;652;21;NO;
1477;Matricula;0.6573;136;1700;542;1835;596;7;SÍ;
1478;Coche;0.8963;128;1357;285;1872;670;21;NO;
1479;Coche;0.8939;128;1354;284;1896;686;21;NO;
1480;Coche;0.8717;128;1344;282;1920;714;21;NO;
1481;Coche;0.861;128;1329;281;1920;756;21;NO;
1482;Coche;0.8868;128;1319;281;1920;793;21;NO;
1483;Coche;0.8847;128;1317;279;1920;818;21;NO;
1484;Coche;0.8245;128;1329;278;1920;840;21;NO;
1485;Coche;0.8633;128;1369;282;1920;818;21;NO;
1486;Coche;0.8;128;1410;285;1920;803;21;NO;
1487;Coche;0.7534;128;1445;289;1920;799;21;NO;
1488;Coche;0.7598;128;1479;291;1920;788;21;NO;
1489;Coche;0.578;128;1509;287;1920;802;21;NO;
1494;Coche;0.3458;144;1768;24;1918;397;22;NO;
1495;Coche;0.3627;144;1768;25;1918;396;22;NO;
1496;Coche;0.3815;144;1768;26;1918;396;22;NO;
1497;Coche;0.4184;144;1768;26;1918;396;22;NO;
1498;Coche;0.4264;144;1768;27;1918;397;22;NO;
1499;Coche;0.4034;144;1768;26;1918;397;22;NO;
1500;Coche;0.4029;144;1769;28;1918;397;22;NO;
1501;Coche;0.3369;144;1768;26;1918;397;22;NO;
1502;Coche;0.3147;144;1768;25;1918;397;22;NO;
1503;Coche;0.2726;144;1768;25;1919;397;22;NO;
1504;Coche;0.278;144;1768;25;1918;397;22;NO;
1505;Coche;0.2933;144;1768;25;1918;397;22;NO;
1506;Coche;0.2842;144;1768;25;1918;396;22;NO;
1507;Coche;0.2538;144;1768;24;1919;396;22;NO;
1508;Coche;0.2746;144;1768;23;1919;396;22;NO;
1509;Coche;0.2815;144;1767;22;1919;396;22;NO;
1510;Coche;0.2914;144;1767;21;1919;396;22;NO;
1511;Coche;0.2944;144;1767;22;1919;396;22;NO;
1512;Coche;0.3119;144;1767;21;1919;396;22;NO;
1513;Coche;0.3839;144;1767;22;1919;396;22;NO;
1514;Coche;0.3759;144;1767;22;1919;396;22;NO;
1515;Coche;0.3694;144;1767;22;1919;396;22;NO;
1516;Coche;0.359;144;1768;23;1919;396;22;NO;
1517;Coche;0.3751;144;1768;23;1919;396;22;NO;
1518;Coche;0.3799;144;1768;23;1918;395;22;NO;
1519;Coche;0.3674;144;1768;25;1918;396;22;NO;
1520;Coche;0.4018;144;1768;29;1918;398;22;NO;
1521;Coche;0.3592;144;1769;30;1917;394;22;NO;
1522;Coche;0.2862;144;1769;27;1917;393;22;NO;
1523;Coche;0.3367;144;1769;27;1918;391;22;NO;
1524;Coche;0.4559;144;1770;27;1917;388;22;NO;
1525;Coche;0.3898;144;1768;22;1918;388;22;NO;
1525;Coche;0.6379;160;1767;350;1920;510;23;NO;
1526;Coche;0.2593;144;1759;21;1920;430;23;NO;
1526;Coche;0.6727;160;1755;337;1917;500;23;NO;
1527;Coche;0.1003;144;1763;25;1920;415;23;NO;
1527;Coche;0.4611;160;1746;327;1909;492;23;NO;
1528;Coche;0.2148;144;1760;81;1916;466;23;NO;
1528;Coche;0.2403;160;1721;278;1920;488;23;NO;
1529;Coche;0.1386;144;1766;132;1905;464;23;NO;
1530;Coche;0.1394;144;1777;119;1911;437;23;NO;
1531;Coche;0.1128;144;1775;141;1905;440;23;NO;
1532;Coche;0.12;144;1768;63;1917;408;23;NO;
1533;Coche;0.1361;144;1767;41;1920;397;23;NO;
1534;Coche;0.1565;144;1765;29;1920;397;23;NO;
1535;Coche;0.3718;144;1767;37;1920;394;23;NO;
1536;Coche;0.3187;144;1767;34;1920;394;23;NO;
1537;Coche;0.1575;144;1765;25;1920;396;23;NO;
1538;Coche;0.145;144;1765;22;1920;399;23;NO;
1539;Coche;0.1349;144;1765;20;1920;399;23;NO;
1540;Coche;0.1456;144;1765;19;1920;399;23;NO;
1541;Coche;0.2053;144;1765;18;1920;401;23;NO;
1542;Coche;0.1726;144;1766;18;1920;401;23;NO;
1543;Coche;0.1736;144;1766;18;1920;401;23;NO;
1544;Coche;0.2103;144;1766;18;1920;401;23;NO;
1545;Coche;0.2007;144;1767;19;1920;401;23;NO;
1546;Coche;0.229;144;1767;19;1920;402;23;NO;
1547;Coche;0.2241;144;1767;18;1920;401;23;NO;
1548;Coche;0.2047;144;1767;18;1920;401;23;NO;
1548;Coche;0.3303;173;4;376;1119;1080;24;NO;
1549;Coche;0.1983;144;1767;16;1920;401;24;NO;
1549;Coche;0.3378;173;1;376;1117;1080;24;NO;
1550;Coche;0.1997;144;1767;16;1920;401;24;NO;
1550;Coche;0.2964;173;0;373;1121;1080;24;NO;
1551;Coche;0.2379;144;1767;16;1920;401;24;NO;
1551;Coche;0.3206;173;4;376;1120;1080;24;NO;
1552;Coche;0.2713;144;1768;17;1919;397;24;NO;
1552;Coche;0.3539;173;3;379;1115;1080;24;NO;
1552;Coche;0.4668;176;1212;308;1385;468;25;NO;
1553;Coche;0.2946;144;1768;19;1918;395;25;NO;
1553;Coche;0.3738;173;2;380;1111;1080;25;NO;
1553;Coche;0.6427;176;1214;307;1389;468;25;NO;
1554;Coche;0.2934;144;1768;19;1918;395;25;NO;
1554;Coche;0.3588;173;2;379;1112;1080;25;NO;
1554;Coche;0.6613;176;1218;307;1393;468;25;NO;
1555;Coche;0.2706;144;1768;20;1918;395;25;NO;
1555;Coche;0.3274;173;4;378;1115;1080;25;NO;
1555;Coche;0.6974;176;1220;305;1398;469;25;NO;
1556;Coche;0.2501;144;1768;21;1918;395;25;NO;
1556;Coche;0.3127;173;4;377;1117;1080;25;NO;
1556;Coche;0.8004;176;1222;305;1404;473;25;NO;
1557;Coche;0.2715;144;1768;22;1917;395;25;NO;
1557;Coche;0.319;173;3;377;1116;1080;25;NO;
1557;Coche;0.875;176;1224;301;1412;474;25;NO;
1558;Coche;0.2913;144;1768;22;1918;395;25;NO;
1558;Coche;0.3018;173;3;377;1116;1080;25;NO;
1558;Coche;0.8496;176;1223;299;1416;477;25;NO;
1559;Coche;0.2907;144;1768;23;1918;395;25;NO;
1559;Coche;0.3037;173;3;377;1115;1080;25;NO;
1559;Coche;0.8952;176;1229;298;1428;481;25;NO;
1560;Coche;0.2844;144;1768;23;1918;395;25;NO;
1560;Coche;0.2886;173;4;378;1116;1080;25;NO;
1560;Coche;0.903;176;1233;296;1437;483;25;NO;
1561;Coche;0.2719;144;1768;24;1918;395;25;NO;
1561;Coche;0.2742;173;4;378;1115;1080;25;NO;
1561;Coche;0.9234;176;1240;295;1446;484;25;NO;
1562;Coche;0.2217;144;1768;26;1917;395;25;NO;
1562;Coche;0.2426;173;5;379;1116;1080;25;NO;
1562;Coche;0.9275;176;1245;295;1457;489;25;NO;
1563;Coche;0.2299;144;1768;26;1918;396;25;NO;
1563;Coche;0.2246;173;3;379;1113;1080;25;NO;
1563;Coche;0.9308;176;1248;292;1467;491;25;NO;
1564;Coche;0.224;144;1768;25;1918;396;25;NO;
1564;Coche;0.2381;173;3;380;1111;1080;25;NO;
1564;Coche;0.931;176;1252;291;1486;505;25;NO;
1565;Coche;0.1772;144;1768;24;1918;397;25;NO;
1565;Coche;0.2605;173;5;382;1110;1080;25;NO;
1565;Coche;0.9687;176;1259;291;1501;513;25;NO;
1566;Coche;0.1962;144;1768;24;1918;397;25;NO;
1566;Coche;0.2488;173;7;382;1112;1080;25;NO;
1566;Coche;0.9596;176;1268;293;1512;517;25;NO;
1567;Coche;0.1349;144;1768;27;1918;397;25;NO;
1567;Coche;0.2524;173;7;383;1112;1080;25;NO;
1567;Coche;0.9363;176;1278;294;1528;523;25;NO;
1568;Coche;0.2091;144;1768;27;1918;397;25;NO;
1568;Coche;0.2575;173;7;384;1112;1080;25;NO;
1568;Coche;0.926;176;1285;294;1541;529;25;NO;
1569;Coche;0.1988;144;1768;29;1918;397;25;NO;
1569;Coche;0.2202;173;9;383;1116;1080;25;NO;
1569;Coche;0.9701;176;1298;296;1558;534;25;NO;
1570;Coche;0.2109;144;1769;37;1916;398;25;NO;
1570;Coche;0.2333;173;7;383;1114;1080;25;NO;
1570;Coche;0.9786;176;1305;299;1573;542;25;NO;
1571;Coche;0.1836;144;1770;43;1916;398;25;NO;
1571;Coche;0.2346;173;5;383;1111;1080;25;NO;
1571;Coche;0.9779;176;1323;301;1596;547;25;NO;
1572;Coche;0.1848;144;1770;46;1915;399;25;NO;
1572;Coche;0.2375;173;4;384;1110;1080;25;NO;
1572;Coche;0.9649;176;1334;301;1619;557;25;NO;
1573;Coche;0.1493;144;1769;42;1916;401;25;NO;
1573;Coche;0.2097;173;5;383;1112;1080;25;NO;
1573;Coche;0.9762;176;1350;299;1646;564;25;NO;
1574;Coche;0.1851;173;7;384;1114;1080;25;NO;
1574;Coche;0.9349;176;1340;296;1656;575;25;NO;
1575;Coche;0.152;173;7;384;1113;1080;25;NO;
1575;Coche;0.9416;176;1348;291;1687;585;25;NO;
1576;Coche;0.1513;173;6;383;1116;1080;25;NO;
1576;Coche;0.9049;176;1380;288;1733;596;25;NO;
1577;Coche;0.1368;173;7;382;1118;1080;25;NO;
1577;Coche;0.877;176;1372;292;1740;604;25;NO;
1578;Coche;0.1713;173;7;383;1119;1080;25;NO;
1578;Coche;0.8699;176;1371;293;1764;616;25;NO;
1579;Coche;0.1318;173;6;383;1118;1080;25;NO;
1579;Coche;0.844;176;1385;291;1818;636;25;NO;
1580;Coche;0.8549;176;1391;290;1849;645;25;NO;
1581;Coche;0.8706;176;1390;291;1871;656;25;NO;
1582;Coche;0.8467;176;1388;290;1892;669;25;NO;
1583;Coche;0.8497;176;1385;290;1917;691;25;NO;
1584;Coche;0.8769;176;1378;290;1920;716;25;NO;
1585;Coche;0.8613;176;1372;289;1920;747;25;NO;
1586;Coche;0.8605;176;1378;291;1920;763;25;NO;
1587;Coche;0.8238;176;1380;292;1920;786;25;NO;
1588;Coche;0.8232;176;1376;292;1920;819;25;NO;
1589;Coche;0.7902;176;1402;294;1920;806;25;NO;
1590;Coche;0.7892;176;1445;296;1920;788;25;NO;
1591;Coche;0.8364;176;1476;297;1920;782;25;NO;
1592;Coche;0.8275;176;1510;299;1920;777;25;NO;
1593;Coche;0.7614;176;1537;296;1920;773;25;NO;
1594;Coche;0.8683;176;1578;297;1920;760;25;NO;
1595;Coche;0.6123;176;1595;276;1920;778;25;NO;
1595;Coche;0.255;173;2;385;1110;1080;25;NO;
1596;Coche;0.2671;173;3;386;1111;1080;25;NO;
1597;Coche;0.271;173;3;385;1112;1080;25;NO;
1598;Coche;0.2929;173;3;385;1112;1080;25;NO;
1598;Coche;0.4223;144;1767;26;1920;399;25;NO;
1599;Coche;0.3195;173;3;386;1110;1080;25;NO;
1599;Coche;0.4254;144;1768;26;1920;398;25;NO;
1600;Coche;0.3226;173;2;386;1108;1080;25;NO;
1600;Coche;0.4036;144;1768;26;1919;398;25;NO;
1601;Coche;0.3151;173;2;387;1107;1080;25;NO;
1601;Coche;0.413;144;1768;26;1919;398;25;NO;
1602;Coche;0.3218;173;1;386;1106;1080;25;NO;
1602;Coche;0.3913;144;1768;25;1919;398;25;NO;
1603;Coche;0.3529;173;0;386;1104;1080;25;NO;
1603;Coche;0.3524;144;1768;25;1919;398;25;NO;
1604;Coche;0.332;173;1;387;1104;1080;25;NO;
1604;Coche;0.3446;144;1768;25;1919;397;25;NO;
1605;Coche;0.3326;173;1;387;1104;1080;25;NO;
1605;Coche;0.3214;144;1768;25;1919;398;25;NO;
1606;Coche;0.3205;173;0;386;1103;1080;25;NO;
1606;Coche;0.2951;144;1768;23;1919;398;25;NO;
1607;Coche;0.2922;173;1;385;1105;1080;25;NO;
1607;Coche;0.2761;144;1768;23;1919;398;25;NO;
1608;Coche;0.3047;173;0;384;1104;1080;25;NO;
1608;Coche;0.2687;144;1768;23;1919;398;25;NO;
1609;Coche;0.3132;173;0;386;1102;1080;25;NO;
1609;Coche;0.2603;144;1768;25;1918;397;25;NO;
1610;Coche;0.3074;173;0;387;1099;1080;25;NO;
1610;Coche;0.2663;144;1768;24;1918;396;25;NO;
1611;Coche;0.313;173;0;387;1097;1080;25;NO;
1611;Coche;0.232;144;1768;24;1918;397;25;NO;
1612;Coche;0.2994;173;0;388;1097;1080;25;NO;
1612;Coche;0.2622;144;1768;25;1918;396;25;NO;
1613;Coche;0.2823;173;1;387;1098;1080;25;NO;
1613;Coche;0.2305;144;1768;25;1918;396;25;NO;
1614;Coche;0.2591;173;0;386;1098;1080;25;NO;
1614;Coche;0.2294;144;1768;27;1918;396;25;NO;
1615;Coche;0.2933;173;0;385;1097;1080;25;NO;
1615;Coche;0.2763;144;1769;28;1918;396;25;NO;
1616;Coche;0.2903;173;0;385;1095;1080;25;NO;
1616;Coche;0.2691;144;1768;28;1918;397;25;NO;
1617;Coche;0.3075;173;0;386;1094;1080;25;NO;
1617;Coche;0.2658;144;1768;26;1918;397;25;NO;
1618;Coche;0.3151;173;0;386;1092;1080;25;NO;
1618;Coche;0.3059;144;1767;26;1918;398;25;NO;
1619;Coche;0.3237;173;0;386;1091;1080;25;NO;
1619;Coche;0.3776;144;1767;26;1918;398;25;NO;
1620;Coche;0.3232;173;0;386;1088;1080;25;NO;
1620;Coche;0.3878;144;1768;28;1918;397;25;NO;
1621;Coche;0.3168;173;0;386;1088;1080;25;NO;
1621;Coche;0.4469;144;1767;26;1918;397;25;NO;
1622;Coche;0.3256;173;0;385;1085;1080;25;NO;
1622;Coche;0.3909;144;1767;26;1918;397;25;NO;
1623;Coche;0.3301;173;0;385;1083;1080;25;NO;
1623;Coche;0.3685;144;1767;25;1919;398;25;NO;
1624;Coche;0.3368;173;0;385;1080;1080;25;NO;
1624;Coche;0.3699;144;1767;24;1919;398;25;NO;
1625;Coche;0.3474;173;0;386;1078;1080;25;NO;
1625;Coche;0.326;144;1767;22;1920;399;25;NO;
1626;Coche;0.3697;173;0;387;1076;1080;25;NO;
1626;Coche;0.3564;144;1767;22;1919;399;25;NO;
1627;Coche;0.3934;173;0;386;1075;1080;25;NO;
1627;Coche;0.3444;144;1767;23;1919;400;25;NO;
1628;Coche;0.3766;173;0;386;1074;1080;25;NO;
1628;Coche;0.3434;144;1767;23;1919;400;25;NO;
1629;Coche;0.3577;173;0;386;1072;1080;25;NO;
1629;Coche;0.3553;144;1767;24;1919;399;25;NO;
1630;Coche;0.3797;173;0;386;1071;1080;25;NO;
1630;Coche;0.3087;144;1767;23;1919;399;25;NO;
1631;Coche;0.3556;173;0;386;1071;1080;25;NO;
1631;Coche;0.3519;144;1767;23;1919;398;25;NO;
1632;Coche;0.401;173;0;385;1067;1080;25;NO;
1632;Coche;0.3509;144;1767;24;1918;397;25;NO;
1632;Coche;0.4265;191;911;286;1119;439;26;NO;
1633;Coche;0.3873;173;0;384;1064;1080;26;NO;
1633;Coche;0.2852;144;1768;27;1918;397;26;NO;
1633;Coche;0.6222;191;897;282;1115;444;26;NO;
1634;Coche;0.4064;173;0;384;1060;1080;26;NO;
1634;Coche;0.2912;144;1768;26;1918;397;26;NO;
1634;Coche;0.7712;191;883;275;1118;450;26;NO;
1635;Coche;0.4013;173;0;383;1058;1080;26;NO;
1635;Coche;0.3034;144;1768;26;1918;397;26;NO;
1635;Coche;0.737;191;870;279;1113;460;26;NO;
1636;Coche;0.3817;173;0;382;1057;1080;26;NO;
1636;Coche;0.3004;144;1768;27;1918;397;26;NO;
1636;Coche;0.7805;191;865;284;1104;463;26;NO;
1637;Coche;0.3699;173;0;383;1052;1080;26;NO;
1637;Coche;0.336;144;1768;28;1918;398;26;NO;
1637;Coche;0.7576;191;851;285;1097;471;26;NO;
1638;Coche;0.3636;173;0;383;1049;1080;26;NO;
1638;Coche;0.3177;144;1768;29;1918;398;26;NO;
1638;Coche;0.8296;191;846;284;1096;473;26;NO;
1639;Coche;0.3268;173;0;383;1048;1080;26;NO;
1639;Coche;0.334;144;1767;28;1918;399;26;NO;
1639;Coche;0.8769;191;839;283;1095;476;26;NO;
1640;Coche;0.3167;173;0;383;1056;1080;26;NO;
1640;Coche;0.367;144;1767;27;1919;400;26;NO;
1640;Coche;0.79;191;829;285;1088;479;26;NO;
1641;Coche;0.3125;173;1;382;1059;1080;26;NO;
1641;Coche;0.3814;144;1767;27;1919;400;26;NO;
1641;Coche;0.7796;191;801;288;1059;483;26;NO;
1642;Coche;0.3104;173;0;382;1053;1080;26;NO;
1642;Coche;0.3559;144;1767;27;1919;401;26;NO;
1642;Coche;0.834;191;796;288;1063;487;26;NO;
1643;Coche;0.2809;173;0;381;1051;1080;26;NO;
1643;Coche;0.3621;144;1767;29;1919;402;26;NO;
1643;Coche;0.7257;191;776;288;1048;491;26;NO;
1644;Coche;0.2607;173;0;380;1054;1080;26;NO;
1644;Coche;0.3641;144;1768;30;1919;403;26;NO;
1644;Coche;0.8355;191;756;288;1039;499;26;NO;
1645;Coche;0.1596;173;3;375;1066;1080;26;NO;
1645;Coche;0.3878;144;1768;30;1918;402;26;NO;
1645;Coche;0.735;191;729;290;1020;507;26;NO;
1646;Coche;0.342;144;1768;32;1918;401;26;NO;
1646;Coche;0.7533;191;712;289;1019;515;26;NO;
1647;Coche;0.3032;144;1768;33;1918;402;26;NO;
1647;Coche;0.9163;191;692;290;1015;525;26;NO;
1648;Coche;0.3932;144;1768;33;1918;401;26;NO;
1648;Coche;0.8783;191;665;284;1004;530;26;NO;
1649;Coche;0.3004;144;1768;34;1918;401;26;NO;
1649;Coche;0.892;191;646;281;1012;542;26;NO;
1650;Coche;0.2415;144;1769;34;1918;400;26;NO;
1650;Coche;0.8617;191;629;280;1029;556;26;NO;
1651;Coche;0.196;144;1768;32;1918;400;26;NO;
1651;Coche;0.8724;191;577;277;986;557;26;NO;
1652;Coche;0.2327;144;1768;31;1918;401;26;NO;
1652;Coche;0.8456;191;530;277;959;568;26;NO;
1653;Coche;0.2618;144;1768;30;1919;401;26;NO;
1653;Coche;0.8932;191;478;274;945;588;26;NO;
1654;Coche;0.2371;144;1768;29;1919;402;26;NO;
1654;Coche;0.8785;191;425;270;929;608;26;NO;
1655;Coche;0.1709;144;1767;24;1920;404;26;NO;
1655;Coche;0.8986;191;366;270;903;625;26;NO;
1656;Coche;0.1796;144;1767;22;1920;405;26;NO;
1656;Coche;0.9087;191;297;260;885;646;26;NO;
1657;Coche;0.1791;144;1767;24;1920;402;26;NO;
1657;Coche;0.8999;191;223;259;861;673;26;NO;
1657;Coche;0.6155;194;1240;299;1402;463;27;NO;
1658;Coche;0.1761;144;1767;26;1919;401;27;NO;
1658;Coche;0.9086;191;141;259;829;700;27;NO;
1658;Coche;0.7213;194;1241;298;1404;463;27;NO;
1659;Coche;0.9249;191;57;257;817;740;27;NO;
1659;Coche;0.6641;194;1240;296;1411;469;27;NO;
1660;Coche;0.9074;191;0;250;823;788;27;NO;
1660;Coche;0.6211;194;1241;294;1418;473;27;NO;
1661;Coche;0.9083;191;0;245;843;852;27;NO;
1661;Coche;0.658;194;1242;293;1422;474;27;NO;
1662;Coche;0.9036;191;0;242;871;927;27;NO;
1662;Coche;0.7072;194;1244;290;1429;476;27;NO;
1663;Coche;0.9006;191;0;230;895;1006;27;NO;
1663;Coche;0.8033;194;1244;287;1434;478;27;NO;
1664;Coche;0.8991;191;0;227;849;993;27;NO;
1664;Coche;0.8628;194;1244;285;1438;480;27;NO;
1665;Coche;0.9033;191;0;224;808;991;27;NO;
1665;Coche;0.9329;194;1246;284;1444;482;27;NO;
1666;Coche;0.8891;191;0;225;753;994;27;NO;
1666;Coche;0.9615;194;1248;281;1451;484;27;NO;
1667;Coche;0.9664;194;1252;281;1459;486;27;NO;
1667;Coche;0.3471;144;1768;27;1919;401;27;NO;
1668;Coche;0.9651;194;1255;279;1465;487;27;NO;
1668;Coche;0.2885;144;1768;25;1919;400;27;NO;
1669;Coche;0.949;194;1256;280;1472;492;27;NO;
1669;Coche;0.2834;144;1768;22;1919;399;27;NO;
1670;Coche;0.9664;194;1255;281;1485;505;27;NO;
1670;Coche;0.2848;144;1768;22;1919;398;27;NO;
1670;Coche;0.4301;173;26;371;1112;1079;27;NO;
1671;Coche;0.9746;194;1259;281;1496;511;27;NO;
1671;Coche;0.2143;144;1768;25;1918;401;27;NO;
1671;Coche;0.3623;173;20;371;1116;1079;27;NO;
1672;Coche;0.9737;194;1261;281;1505;515;27;NO;
1672;Coche;0.189;144;1768;31;1917;402;27;NO;
1672;Coche;0.3855;173;17;372;1117;1079;27;NO;
1672;Matricula;0.4469;196;1363;432;1459;473;8;SÍ;I
1672;Matricula;0.439;197;1339;435;1458;477;9;SÍ;S
1673;Coche;0.9826;194;1266;282;1517;520;27;NO;
1673;Coche;0.2096;144;1768;37;1916;402;27;NO;
1673;Coche;0.3354;173;13;371;1117;1080;27;NO;
1673;Matricula;0.5;196;1377;434;1479;477;9;SÍ;
1674;Coche;0.9805;194;1271;282;1530;525;27;NO;
1674;Coche;0.3343;173;11;372;1117;1080;27;NO;
1674;Matricula;0.2791;196;1374;436;1481;481;9;SÍ;
1675;Coche;0.9779;194;1279;282;1544;529;27;NO;
1675;Coche;0.3272;173;7;372;1114;1080;27;NO;
1675;Matricula;0.4161;196;1401;442;1502;485;9;SÍ;M
1676;Coche;0.9844;194;1289;282;1565;536;27;NO;
1676;Coche;0.3086;173;3;372;1108;1080;27;NO;
1676;Matricula;0.6622;196;1420;448;1521;491;9;SÍ;D
1677;Coche;0.9813;194;1295;283;1579;544;27;NO;
1677;Coche;0.2607;173;0;373;1103;1080;27;NO;
1677;Matricula;0.6286;196;1435;454;1539;498;9;SÍ;2
1678;Coche;0.9822;194;1298;283;1591;549;27;NO;
1678;Coche;0.2673;173;0;373;1102;1080;27;NO;
1678;Matricula;0.5354;196;1453;458;1556;502;9;SÍ;
1679;Coche;0.9838;194;1299;281;1608;560;27;NO;
1679;Coche;0.2558;173;0;372;1102;1080;27;NO;
1679;Matricula;0.7336;196;1468;464;1571;509;9;SÍ;B
1680;Coche;0.9734;194;1324;281;1640;566;27;NO;
1680;Coche;0.2529;173;0;372;1100;1080;27;NO;
1680;Matricula;0.6455;196;1491;473;1592;517;9;SÍ;P
1681;Coche;0.9783;194;1333;282;1658;573;27;NO;
1681;Coche;0.3004;173;0;374;1095;1080;27;NO;
1681;Matricula;0.681;196;1509;478;1617;525;9;SÍ;
1682;Coche;0.9727;194;1335;280;1677;581;27;NO;
1682;Coche;0.2099;173;0;374;1095;1080;27;NO;
1682;Matricula;0.6747;196;1530;485;1639;533;9;SÍ;P
1683;Coche;0.9206;194;1342;277;1702;588;27;NO;
1683;Coche;0.1877;173;0;374;1091;1080;27;NO;
1683;Matricula;0.729;196;1556;495;1661;541;9;SÍ;S350
1684;Coche;0.9194;194;1382;275;1771;595;27;NO;
1684;Coche;0.2055;173;0;374;1090;1080;27;NO;
1684;Matricula;0.6999;196;1584;503;1690;549;9;SÍ;T
1685;Coche;0.8933;194;1372;274;1781;607;27;NO;
1685;Coche;0.2317;173;0;373;1091;1080;27;NO;
1685;Matricula;0.8026;196;1610;512;1723;561;9;SÍ;
1686;Coche;0.869;194;1377;272;1806;616;27;NO;
1686;Coche;0.1403;173;0;372;1090;1080;27;NO;
1686;Matricula;0.7035;196;1638;521;1760;574;9;SÍ;
1687;Coche;0.8805;194;1392;271;1850;631;27;NO;
1687;Coche;0.15;173;0;372;1087;1080;27;NO;
1687;Matricula;0.8101;196;1671;531;1798;587;9;SÍ;3
1688;Coche;0.8983;194;1393;269;1879;647;27;NO;
1688;Coche;0.1209;173;0;372;1086;1080;27;NO;
1688;Matricula;0.6628;196;1712;543;1837;597;9;SÍ;EE
1689;Coche;0.8979;194;1392;269;1898;658;27;NO;
1689;Matricula;0.7339;196;1756;557;1887;612;9;SÍ;B
1690;Coche;0.9057;194;1392;269;1918;674;27;NO;
1690;Matricula;0.55;196;1794;572;1920;627;9;SÍ;
1691;Coche;0.8926;194;1387;267;1920;695;27;NO;
1692;Coche;0.8715;194;1382;265;1920;723;27;NO;
1693;Coche;0.8456;194;1377;266;1920;755;27;NO;
1694;Coche;0.8493;194;1377;263;1920;779;27;NO;
1695;Coche;0.8621;194;1376;261;1920;807;27;NO;
1696;Coche;0.8565;194;1377;260;1920;833;27;NO;
1697;Coche;0.8398;194;1406;255;1920;832;27;NO;
1698;Coche;0.8037;194;1441;259;1920;819;27;NO;
1699;Coche;0.8655;194;1471;258;1920;808;27;NO;
1700;Coche;0.8121;194;1504;256;1920;799;27;NO;
1700;Coche;0.7054;206;922;271;1114;444;28;NO;
1701;Coche;0.7637;194;1541;266;1920;793;28;NO;
1701;Coche;0.8611;206;912;274;1104;445;28;NO;
1702;Coche;0.8221;194;1574;264;1920;784;28;NO;
1702;Coche;0.8016;206;903;275;1098;449;28;NO;
1703;Coche;0.524;194;1587;227;1920;798;28;NO;
1703;Coche;0.6769;206;892;282;1081;450;28;NO;
1704;Coche;0.817;206;881;284;1076;457;28;NO;
1705;Coche;0.8535;206;874;283;1077;463;28;NO;
1705;Coche;0.2633;173;0;369;1065;1079;28;NO;
1706;Coche;0.878;206;862;283;1072;467;28;NO;
1706;Coche;0.2779;173;0;368;1061;1079;28;NO;
1707;Coche;0.9038;206;850;281;1071;472;28;NO;
1707;Coche;0.2353;173;0;368;1067;1079;28;NO;
1707;Coche;0.4833;208;1767;34;1919;404;29;NO;
1708;Coche;0.9354;206;840;278;1072;477;29;NO;
1708;Coche;0.1972;173;0;369;1070;1079;29;NO;
1708;Coche;0.4742;208;1768;34;1919;404;29;NO;
1709;Coche;0.9162;206;830;280;1069;481;29;NO;
1709;Coche;0.2209;173;0;371;1068;1079;29;NO;
1709;Coche;0.5344;208;1767;34;1919;404;29;NO;
1710;Coche;0.9121;206;818;282;1067;487;29;NO;
1710;Coche;0.2055;173;0;370;1067;1079;29;NO;
1710;Coche;0.5559;208;1768;34;1920;407;29;NO;
1711;Coche;0.8836;206;802;283;1061;492;29;NO;
1711;Coche;0.1343;173;0;368;1070;1079;29;NO;
1711;Coche;0.5854;208;1768;35;1920;408;29;NO;
1712;Coche;0.909;206;785;281;1064;502;29;NO;
1712;Coche;0.1617;173;0;369;1068;1079;29;NO;
1712;Coche;0.6785;208;1768;38;1920;410;29;NO;
1713;Coche;0.9339;206;766;282;1055;505;29;NO;
1713;Coche;0.6883;208;1769;42;1920;410;29;NO;
1714;Coche;0.9025;206;735;282;1036;513;29;NO;
1714;Coche;0.7039;208;1769;41;1920;410;29;NO;
1715;Coche;0.9499;206;706;281;1021;522;29;NO;
1715;Coche;0.6229;208;1769;40;1919;409;29;NO;
1716;Coche;0.9134;206;679;280;1004;527;29;NO;
1716;Coche;0.6527;208;1768;39;1919;410;29;NO;
1717;Coche;0.9291;206;655;279;998;536;29;NO;
1717;Coche;0.703;208;1767;37;1920;411;29;NO;
1718;Coche;0.9213;206;631;279;991;544;29;NO;
1718;Coche;0.7592;208;1768;40;1919;411;29;NO;
1719;Coche;0.8985;206;609;276;996;556;29;NO;
1719;Coche;0.7073;208;1768;42;1918;411;29;NO;
1720;Coche;0.8426;206;563;276;963;562;29;NO;
1720;Coche;0.672;208;1769;43;1918;411;29;NO;
1721;Coche;0.8368;206;517;275;942;578;29;NO;
1721;Coche;0.6942;208;1769;45;1918;412;29;NO;
1722;Coche;0.8899;206;466;270;934;600;29;NO;
1722;Coche;0.6657;208;1769;44;1918;411;29;NO;
1723;Coche;0.8914;206;415;265;916;615;29;NO;
1723;Coche;0.6809;208;1770;45;1918;407;29;NO;
1724;Coche;0.8991;206;353;261;894;637;29;NO;
1724;Coche;0.588;208;1770;49;1917;408;29;NO;
1725;Coche;0.9038;206;289;254;875;658;29;NO;
1725;Coche;0.5287;208;1770;48;1918;409;29;NO;
1726;Coche;0.8922;206;216;252;852;686;29;NO;
1726;Coche;0.5221;208;1770;51;1917;410;29;NO;
1727;Coche;0.8807;206;147;250;829;711;29;NO;
1727;Coche;0.562;208;1771;52;1918;411;29;NO;
1728;Coche;0.8991;206;52;247;814;761;29;NO;
1728;Coche;0.526;208;1770;50;1918;412;29;NO;
1729;Coche;0.8932;206;0;245;811;806;29;NO;
1729;Coche;0.5502;208;1770;50;1918;413;29;NO;
1730;Coche;0.9101;206;0;239;850;896;29;NO;
1730;Coche;0.3601;208;1770;50;1919;413;29;NO;
1731;Coche;0.9288;206;0;230;859;947;29;NO;
1731;Coche;0.3084;208;1770;48;1919;413;29;NO;
1732;Coche;0.8816;206;0;225;863;1006;29;NO;
1732;Coche;0.4958;208;1770;48;1919;413;29;NO;
1733;Coche;0.9159;206;0;218;812;981;29;NO;
1733;Coche;0.5233;208;1770;48;1919;413;29;NO;
1734;Coche;0.9321;206;0;208;765;967;29;NO;
1734;Coche;0.5992;208;1771;48;1918;411;29;NO;
1735;Coche;0.9076;206;0;198;710;954;29;NO;
1735;Coche;0.6944;208;1771;49;1918;411;29;NO;
1736;Coche;0.8824;206;0;193;650;957;29;NO;
1736;Coche;0.6704;208;1771;49;1918;410;29;NO;
1737;Coche;0.7188;208;1771;49;1918;409;29;NO;
1738;Coche;0.6709;208;1769;47;1918;411;29;NO;
1739;Coche;0.7252;208;1769;44;1919;413;29;NO;
1739;Coche;0.3683;173;25;369;1104;1076;29;NO;
1740;Coche;0.7258;208;1768;44;1919;414;29;NO;
1740;Coche;0.2558;173;19;368;1110;1078;29;NO;
1741;Coche;0.7152;208;1769;44;1919;413;29;NO;
1741;Coche;0.274;173;14;367;1112;1079;29;NO;
1742;Coche;0.6969;208;1768;42;1919;415;29;NO;
1742;Coche;0.2566;173;10;366;1111;1079;29;NO;
1743;Coche;0.7276;208;1768;42;1919;416;29;NO;
1743;Coche;0.2795;173;9;367;1113;1080;29;NO;
1744;Coche;0.6924;208;1768;40;1920;417;29;NO;
1744;Coche;0.2687;173;9;367;1113;1080;29;NO;
1745;Coche;0.6629;208;1768;37;1920;417;29;NO;
1745;Coche;0.2362;173;7;366;1115;1080;29;NO;
1746;Coche;0.6454;208;1768;37;1920;416;29;NO;
1746;Coche;0.2863;173;6;367;1112;1080;29;NO;
1747;Coche;0.6091;208;1768;35;1920;413;29;NO;
1747;Coche;0.2693;173;5;367;1113;1080;29;NO;
1748;Coche;0.6446;208;1769;37;1919;412;29;NO;
1748;Coche;0.2699;173;6;366;1115;1080;29;NO;
1749;Coche;0.6552;208;1769;37;1919;412;29;NO;
1749;Coche;0.2305;173;7;365;1119;1080;29;NO;
1750;Coche;0.6819;208;1769;37;1919;412;29;NO;
1750;Coche;0.2955;173;5;365;1117;1080;29;NO;
1751;Coche;0.6461;208;1771;40;1917;407;29;NO;
1751;Coche;0.2794;173;6;365;1119;1080;29;NO;
1752;Coche;0.6042;208;1773;43;1915;396;29;NO;
1752;Coche;0.29;173;7;366;1121;1080;29;NO;
1753;Coche;0.5902;208;1773;44;1915;395;29;NO;
1753;Coche;0.2877;173;6;366;1119;1080;29;NO;
1754;Coche;0.6211;208;1772;44;1915;396;29;NO;
1754;Coche;0.3052;173;3;367;1114;1080;29;NO;
1755;Coche;0.6673;208;1772;45;1916;399;29;NO;
1755;Coche;0.3189;173;2;369;1110;1080;29;NO;
1756;Coche;0.6463;208;1772;46;1916;399;29;NO;
1756;Coche;0.3396;173;1;370;1106;1080;29;NO;
1757;Coche;0.6677;208;1771;46;1916;402;29;NO;
1757;Coche;0.3417;173;0;370;1103;1080;29;NO;
1758;Coche;0.6723;208;1771;46;1916;400;29;NO;
1758;Coche;0.3441;173;0;371;1101;1080;29;NO;
1759;Coche;0.6774;208;1772;47;1916;400;29;NO;
1759;Coche;0.308;173;0;370;1103;1080;29;NO;
1760;Coche;0.6852;208;1771;48;1917;403;29;NO;
1760;Coche;0.315;173;0;369;1103;1080;29;NO;
1761;Coche;0.6904;208;1771;46;1918;404;29;NO;
1761;Coche;0.3368;173;0;369;1099;1080;29;NO;
1762;Coche;0.7213;208;1771;45;1919;403;29;NO;
1762;Coche;0.3603;173;0;369;1096;1080;29;NO;
1763;Coche;0.6927;208;1771;43;1919;406;29;NO;
1763;Coche;0.3476;173;0;370;1093;1080;29;NO;
1764;Coche;0.6738;208;1770;42;1920;407;29;NO;
1764;Coche;0.3466;173;0;370;1091;1080;29;NO;
1765;Coche;0.6461;208;1770;39;1920;408;29;NO;
1765;Coche;0.3286;173;0;369;1089;1080;29;NO;
1766;Coche;0.6573;208;1770;38;1920;408;29;NO;
1766;Coche;0.3583;173;0;369;1087;1080;29;NO;
1767;Coche;0.5992;208;1769;38;1920;410;29;NO;
1767;Coche;0.3164;173;0;369;1085;1080;29;NO;
1768;Coche;0.5411;208;1769;39;1920;413;29;NO;
1768;Coche;0.3344;173;0;370;1083;1080;29;NO;
1769;Coche;0.568;208;1768;38;1920;413;29;NO;
1769;Coche;0.3504;173;0;371;1080;1080;29;NO;
1770;Coche;0.5315;208;1769;39;1919;412;29;NO;
1770;Coche;0.358;173;0;371;1079;1080;29;NO;
1771;Coche;0.5024;208;1769;39;1919;411;29;NO;
1771;Coche;0.3285;173;0;370;1080;1080;29;NO;
1771;Coche;0.4825;228;986;286;1149;436;30;NO;
1772;Coche;0.4409;208;1769;39;1918;407;30;NO;
1772;Coche;0.3202;173;0;371;1079;1080;30;NO;
1772;Coche;0.8274;228;978;280;1150;438;30;NO;
1773;Coche;0.4817;208;1769;40;1918;408;30;NO;
1773;Coche;0.2764;173;0;369;1080;1080;30;NO;
1773;Coche;0.7811;228;969;277;1147;441;30;NO;
1774;Coche;0.4011;208;1770;43;1918;408;30;NO;
1774;Coche;0.2666;173;0;368;1079;1080;30;NO;
1774;Coche;0.7567;228;971;277;1152;441;30;NO;
1775;Coche;0.3576;208;1770;45;1917;406;30;NO;
1775;Coche;0.2427;173;0;367;1078;1080;30;NO;
1775;Coche;0.8279;228;961;277;1148;444;30;NO;
1776;Coche;0.3421;208;1770;45;1916;404;30;NO;
1776;Coche;0.2504;173;0;366;1078;1080;30;NO;
1776;Coche;0.7709;228;934;276;1123;445;30;NO;
1777;Coche;0.4283;208;1770;45;1917;407;30;NO;
1777;Coche;0.2391;173;0;368;1074;1080;30;NO;
1777;Coche;0.8817;228;923;276;1115;448;30;NO;
1778;Coche;0.4445;208;1769;44;1918;409;30;NO;
1778;Coche;0.2489;173;0;368;1073;1080;30;NO;
1778;Coche;0.9107;228;915;278;1111;454;30;NO;
1779;Coche;0.4433;208;1770;45;1918;408;30;NO;
1779;Coche;0.2155;173;0;367;1069;1080;30;NO;
1779;Coche;0.9084;228;912;278;1112;456;30;NO;
1780;Coche;0.4186;208;1770;45;1917;408;30;NO;
1780;Coche;0.2162;173;0;366;1067;1080;30;NO;
1780;Coche;0.9219;228;899;277;1105;461;30;NO;
1781;Coche;0.3912;208;1770;48;1917;408;30;NO;
1781;Coche;0.1789;173;0;365;1067;1080;30;NO;
1781;Coche;0.9194;228;889;275;1102;465;30;NO;
1782;Coche;0.3722;208;1771;50;1916;404;30;NO;
1782;Coche;0.1916;173;0;366;1062;1080;30;NO;
1782;Coche;0.9063;228;880;275;1097;468;30;NO;
1783;Coche;0.3905;208;1771;51;1916;405;30;NO;
1783;Coche;0.2465;173;0;368;1057;1080;30;NO;
1783;Coche;0.9304;228;873;278;1093;471;30;NO;
1784;Coche;0.4013;208;1771;52;1916;404;30;NO;
1784;Coche;0.2265;173;0;369;1060;1080;30;NO;
1784;Coche;0.9606;228;859;277;1084;474;30;NO;
1785;Coche;0.4044;208;1771;52;1916;404;30;NO;
1785;Coche;0.2091;173;0;368;1062;1080;30;NO;
1785;Coche;0.9578;228;849;277;1082;481;30;NO;
1786;Coche;0.3355;208;1771;53;1916;402;30;NO;
1786;Coche;0.1803;173;0;368;1063;1080;30;NO;
1786;Coche;0.928;228;840;278;1081;485;30;NO;
1787;Coche;0.316;208;1772;54;1915;399;30;NO;
1787;Coche;0.17;173;1;370;1060;1080;30;NO;
1787;Coche;0.9428;228;829;278;1075;488;30;NO;
1788;Coche;0.3262;208;1771;55;1916;401;30;NO;
1788;Coche;0.1948;173;0;372;1052;1080;30;NO;
1788;Coche;0.9633;228;815;277;1066;489;30;NO;
1789;Coche;0.2875;208;1770;49;1917;401;30;NO;
1789;Coche;0.145;173;0;368;1055;1080;30;NO;
1789;Coche;0.9462;228;801;278;1060;496;30;NO;
1790;Coche;0.246;208;1770;47;1917;398;30;NO;
1790;Coche;0.1079;173;2;365;1065;1080;30;NO;
1790;Coche;0.912;228;786;279;1055;502;30;NO;
1791;Coche;0.269;208;1769;42;1918;398;30;NO;
1791;Coche;0.9373;228;765;278;1046;510;30;NO;
1791;Matricula;0.7301;232;815;426;905;465;10;SÍ;
1792;Coche;0.221;208;1769;42;1918;397;30;NO;
1792;Coche;0.9294;228;748;276;1040;515;30;NO;
1792;Matricula;0.76;232;798;427;891;467;10;SÍ;BSG
1793;Coche;0.2633;208;1769;41;1918;396;30;NO;
1793;Coche;0.9169;228;735;277;1035;519;30;NO;
1793;Matricula;0.7169;232;778;432;873;472;10;SÍ;S
1794;Coche;0.2275;208;1769;41;1918;397;30;NO;
1794;Coche;0.9414;228;723;276;1039;527;30;NO;
1794;Matricula;0.3944;232;765;440;851;477;10;SÍ;HH
1795;Coche;0.1588;208;1770;43;1917;394;30;NO;
1795;Coche;0.9288;228;699;276;1028;535;30;NO;
1795;Matricula;0.7366;232;743;447;836;486;10;SÍ;
1796;Coche;0.1292;208;1771;47;1916;392;30;NO;
1796;Coche;0.9329;228;679;275;1022;541;30;NO;
1796;Matricula;0.7696;232;720;451;814;491;10;SÍ;
1797;Coche;0.1398;208;1771;49;1916;392;30;NO;
1797;Coche;0.9361;228;663;270;1033;551;30;NO;
1797;Matricula;0.7614;232;696;456;793;498;10;SÍ;ER
1798;Coche;0.1321;208;1771;47;1917;392;30;NO;
1798;Coche;0.8847;228;632;267;1023;560;30;NO;
1798;Matricula;0.7847;232;670;463;771;506;10;SÍ;J
1799;Coche;0.1214;208;1768;35;1920;396;30;NO;
1799;Coche;0.832;228;610;267;1012;562;30;NO;
1799;Matricula;0.8132;232;643;469;742;511;10;SÍ;
1800;Coche;0.8864;228;591;270;1008;569;30;NO;
1800;Matricula;0.736;232;612;475;716;519;10;SÍ;
1801;Coche;0.8537;228;542;267;994;586;30;NO;
1801;Matricula;0.7149;232;577;484;689;531;10;SÍ;TE
1802;Coche;0.8788;228;490;266;974;605;30;NO;
1802;Matricula;0.7751;232;545;492;654;538;10;SÍ;
1803;Coche;0.9036;228;450;262;957;613;30;NO;
1803;Matricula;0.7497;232;501;501;620;550;10;SÍ;
1804;Coche;0.8835;228;401;258;943;630;30;NO;
1804;Matricula;0.729;232;459;513;577;562;10;SÍ;SE
1805;Coche;0.8867;228;351;256;930;649;30;NO;
1805;Matricula;0.7203;232;405;525;534;578;10;SÍ;
1806;Coche;0.8977;228;299;255;916;669;30;NO;
1806;Matricula;0.7398;232;347;539;483;594;10;SÍ;
1807;Coche;0.8681;228;237;247;905;691;30;NO;
1807;Matricula;0.6671;232;281;555;424;613;10;SÍ;
1808;Coche;0.881;228;162;247;877;717;30;NO;
1808;Matricula;0.7056;232;202;572;361;636;10;SÍ;
1809;Coche;0.8935;228;80;242;854;745;30;NO;
1810;Coche;0.9064;228;24;243;853;780;30;NO;
1811;Coche;0.9135;228;0;241;867;821;30;NO;
1812;Coche;0.9194;228;0;236;895;884;30;NO;
1813;Coche;0.9314;228;0;229;919;946;30;NO;
1814;Coche;0.8526;228;0;226;925;990;30;NO;
1815;Coche;0.8863;228;0;222;887;964;30;NO;
1816;Coche;0.8838;228;0;216;892;1012;30;NO;
1817;Coche;0.8726;228;0;208;877;1033;30;NO;
1818;Coche;0.8857;228;0;196;853;1038;30;NO;
1819;Coche;0.8696;228;0;182;816;1035;30;NO;
1820;Coche;0.8089;228;0;169;778;1038;30;NO;
1820;Coche;0.2985;208;1768;41;1920;403;30;NO;
1821;Coche;0.5597;228;0;167;727;1044;30;NO;
1821;Coche;0.2878;208;1769;41;1919;402;30;NO;
1822;Coche;0.3895;208;1769;42;1919;401;30;NO;
1823;Coche;0.3841;208;1770;42;1918;400;30;NO;
1824;Coche;0.4006;208;1770;44;1918;399;30;NO;
1825;Coche;0.41;208;1769;40;1919;400;30;NO;
1826;Coche;0.4123;208;1769;37;1919;398;30;NO;
1827;Coche;0.4277;208;1769;36;1919;399;30;NO;
1828;Coche;0.4067;208;1769;36;1920;400;30;NO;
1829;Coche;0.4002;208;1769;36;1919;400;30;NO;
1830;Coche;0.3912;208;1769;36;1920;401;30;NO;
1831;Coche;0.3719;208;1770;36;1919;402;30;NO;
1832;Coche;0.4066;208;1770;37;1919;401;30;NO;
1833;Coche;0.3814;208;1770;39;1919;402;30;NO;
1834;Coche;0.3703;208;1771;41;1918;402;30;NO;
1835;Coche;0.3835;208;1771;44;1918;401;30;NO;
1836;Coche;0.3853;208;1771;45;1917;399;30;NO;
1837;Coche;0.3715;208;1770;39;1918;398;30;NO;
1838;Coche;0.364;208;1770;37;1918;398;30;NO;
1839;Coche;0.3234;208;1769;33;1919;398;30;NO;
1840;Coche;0.3471;208;1769;32;1919;399;30;NO;
1841;Coche;0.3339;208;1769;33;1919;399;30;NO;
1842;Coche;0.3599;208;1769;34;1919;400;30;NO;
1843;Coche;0.37;208;1769;33;1919;400;30;NO;
1844;Coche;0.3904;208;1769;31;1919;400;30;NO;
1845;Coche;0.3876;208;1769;32;1919;399;30;NO;
1846;Coche;0.3897;208;1769;32;1919;399;30;NO;
1847;Coche;0.3723;208;1769;32;1919;399;30;NO;
1848;Coche;0.3599;208;1768;30;1919;400;30;NO;
1849;Coche;0.3719;208;1769;34;1918;400;30;NO;
1850;Coche;0.3749;208;1769;36;1918;401;30;NO;
1851;Coche;0.3756;208;1769;36;1918;401;30;NO;
1852;Coche;0.3914;208;1769;36;1918;401;30;NO;
1853;Coche;0.3854;208;1769;36;1918;401;30;NO;
1854;Coche;0.4;208;1769;36;1918;401;30;NO;
1855;Coche;0.3998;208;1769;36;1918;401;30;NO;
1855;Coche;0.3012;248;4;371;1104;1080;31;NO;
1856;Coche;0.3988;208;1769;37;1918;400;31;NO;
1856;Coche;0.3011;248;5;371;1105;1080;31;NO;
1857;Coche;0.3821;208;1769;38;1918;400;31;NO;
1857;Coche;0.3116;248;5;372;1104;1080;31;NO;
1858;Coche;0.3592;208;1770;38;1918;399;31;NO;
1858;Coche;0.2942;248;4;372;1104;1080;31;NO;
1859;Coche;0.3615;208;1770;39;1917;399;31;NO;
1859;Coche;0.2546;248;4;371;1105;1080;31;NO;
1860;Coche;0.3958;208;1770;38;1917;397;31;NO;
1860;Coche;0.2713;248;3;370;1104;1080;31;NO;
1861;Coche;0.4026;208;1769;35;1918;396;31;NO;
1861;Coche;0.2541;248;0;369;1102;1080;31;NO;
1862;Coche;0.3883;208;1769;34;1918;395;31;NO;
1862;Coche;0.2211;248;1;368;1105;1080;31;NO;
1863;Coche;0.3627;208;1769;32;1918;395;31;NO;
1863;Coche;0.2295;248;4;368;1107;1080;31;NO;
1864;Coche;0.348;208;1769;31;1919;395;31;NO;
1864;Coche;0.2187;248;5;368;1109;1080;31;NO;
1865;Coche;0.3578;208;1769;30;1919;395;31;NO;
1865;Coche;0.2453;248;4;369;1109;1080;31;NO;
1866;Coche;0.376;208;1769;30;1919;395;31;NO;
1866;Coche;0.271;248;4;370;1107;1080;31;NO;
1867;Coche;0.3774;208;1769;31;1919;395;31;NO;
1867;Coche;0.2493;248;4;370;1106;1080;31;NO;
1868;Coche;0.3701;208;1769;30;1919;396;31;NO;
1868;Coche;0.2467;248;4;370;1107;1080;31;NO;
1869;Coche;0.3907;208;1769;29;1919;397;31;NO;
1869;Coche;0.2586;248;4;370;1107;1080;31;NO;
1870;Coche;0.4151;208;1769;29;1919;396;31;NO;
1870;Coche;0.2194;248;3;369;1107;1080;31;NO;
1871;Coche;0.4264;208;1769;28;1919;395;31;NO;
1871;Coche;0.2399;248;1;370;1104;1080;31;NO;
1872;Coche;0.4243;208;1769;28;1919;395;31;NO;
1872;Coche;0.2747;248;0;371;1098;1080;31;NO;
1873;Coche;0.4495;208;1769;32;1918;395;31;NO;
1873;Coche;0.2243;248;0;368;1102;1080;31;NO;
1874;Coche;0.436;208;1770;33;1918;396;31;NO;
1874;Coche;0.2328;248;0;367;1102;1080;31;NO;
1875;Coche;0.4082;208;1770;34;1918;395;31;NO;
1875;Coche;0.2347;248;0;367;1102;1080;31;NO;
1876;Coche;0.3985;208;1770;34;1918;395;31;NO;
1876;Coche;0.2092;248;0;367;1101;1080;31;NO;
1877;Coche;0.4119;208;1770;35;1917;394;31;NO;
1877;Coche;0.2195;248;0;367;1101;1080;31;NO;
1878;Coche;0.4291;208;1769;34;1918;395;31;NO;
1878;Coche;0.2106;248;1;366;1103;1080;31;NO;
1879;Coche;0.3902;208;1769;34;1918;396;31;NO;
1879;Coche;0.1901;248;2;366;1105;1080;31;NO;
1880;Coche;0.4178;208;1769;34;1918;395;31;NO;
1880;Coche;0.2243;248;4;366;1107;1080;31;NO;
1881;Coche;0.4303;208;1769;34;1918;395;31;NO;
1881;Coche;0.2312;248;4;367;1106;1080;31;NO;
1882;Coche;0.4228;208;1769;32;1918;394;31;NO;
1882;Coche;0.2301;248;3;367;1104;1080;31;NO;
1883;Coche;0.4094;208;1769;33;1918;394;31;NO;
1883;Coche;0.1954;248;4;366;1107;1080;31;NO;
1884;Coche;0.4195;208;1769;33;1918;394;31;NO;
1884;Coche;0.2265;248;4;367;1107;1080;31;NO;
1885;Coche;0.4014;208;1768;30;1918;394;31;NO;
1885;Coche;0.2308;248;4;366;1107;1080;31;NO;
1886;Coche;0.4126;208;1768;29;1919;394;31;NO;
1886;Coche;0.2485;248;0;367;1100;1080;31;NO;
1887;Coche;0.3977;208;1768;26;1919;395;31;NO;
1887;Coche;0.2545;248;0;368;1092;1080;31;NO;
1888;Coche;0.3577;208;1767;25;1919;395;31;NO;
1888;Coche;0.201;248;0;367;1093;1080;31;NO;
1889;Coche;0.3581;208;1767;25;1919;395;31;NO;
1889;Coche;0.2161;248;0;366;1093;1080;31;NO;
1890;Coche;0.3259;208;1768;26;1919;394;31;NO;
1890;Coche;0.2504;248;0;367;1089;1080;31;NO;
1891;Coche;0.2832;208;1768;27;1919;395;31;NO;
1891;Coche;0.2562;248;0;369;1086;1080;31;NO;
1892;Coche;0.2905;208;1768;26;1919;395;31;NO;
1892;Coche;0.2182;248;0;368;1084;1080;31;NO;
1893;Coche;0.2027;208;1768;26;1919;396;31;NO;
1893;Coche;0.254;248;0;369;1082;1080;31;NO;
1894;Coche;0.1949;208;1768;25;1919;397;31;NO;
1894;Coche;0.2638;248;0;370;1081;1080;31;NO;
1895;Coche;0.401;208;1769;30;1918;396;31;NO;
1895;Coche;0.2264;248;0;370;1081;1080;31;NO;
1895;Coche;0.5152;249;1796;399;1908;551;32;NO;
1896;Coche;0.3793;208;1779;89;1909;397;32;NO;
1896;Coche;0.2476;248;0;369;1080;1080;32;NO;
1896;Coche;0.6889;249;1786;401;1900;554;32;NO;
1897;Coche;0.4069;208;1782;115;1904;396;32;NO;
1897;Coche;0.2041;248;0;369;1079;1080;32;NO;
1897;Coche;0.7405;249;1775;396;1891;550;32;NO;
1898;Coche;0.439;208;1774;74;1911;390;32;NO;
1898;Coche;0.2303;248;0;370;1078;1080;32;NO;
1898;Coche;0.7798;249;1768;396;1885;549;32;NO;
1899;Coche;0.1896;208;1768;46;1917;389;32;NO;
1899;Coche;0.2382;248;0;371;1077;1080;32;NO;
1899;Coche;0.8937;249;1741;344;1895;543;32;NO;
1900;Coche;0.2389;248;0;370;1076;1080;32;NO;
1900;Coche;0.6058;249;1729;345;1887;544;32;NO;
1900;Coche;0.5554;251;1013;274;1186;419;33;NO;
1901;Coche;0.2342;248;0;370;1076;1080;33;NO;
1901;Coche;0.7056;249;1715;334;1887;545;33;NO;
1901;Coche;0.5345;251;1006;274;1182;422;33;NO;
1902;Coche;0.2652;248;0;370;1075;1080;33;NO;
1902;Coche;0.7258;249;1707;325;1883;535;33;NO;
1902;Coche;0.4987;251;1006;275;1185;425;33;NO;
1903;Coche;0.2399;248;0;370;1074;1080;33;NO;
1903;Coche;0.5897;249;1710;323;1889;532;33;NO;
1903;Coche;0.654;251;993;274;1179;429;33;NO;
1904;Coche;0.2616;248;0;371;1073;1080;33;NO;
1904;Coche;0.6509;249;1698;321;1879;523;33;NO;
1904;Coche;0.681;251;984;272;1177;433;33;NO;
1905;Coche;0.2682;248;0;372;1070;1080;33;NO;
1905;Coche;0.7744;249;1683;319;1872;522;33;NO;
1905;Coche;0.6137;251;978;271;1175;435;33;NO;
1906;Coche;0.2784;248;0;373;1069;1080;33;NO;
1906;Coche;0.6273;249;1683;320;1879;523;33;NO;
1906;Coche;0.7425;251;975;268;1174;434;33;NO;
1907;Coche;0.229;248;0;371;1068;1080;33;NO;
1907;Coche;0.756;249;1698;322;1890;517;33;NO;
1907;Coche;0.7906;251;966;267;1169;435;33;NO;
1908;Coche;0.244;248;0;369;1069;1080;33;NO;
1908;Coche;0.9108;249;1669;321;1869;514;33;NO;
1908;Coche;0.8442;251;956;265;1163;437;33;NO;
1909;Coche;0.2445;248;0;368;1069;1080;33;NO;
1909;Coche;0.7937;249;1648;323;1854;511;33;NO;
1909;Coche;0.8607;251;948;263;1162;441;33;NO;
1910;Coche;0.1588;248;0;364;1071;1080;33;NO;
1910;Coche;0.6776;249;1633;322;1836;498;33;NO;
1910;Coche;0.8996;251;937;262;1156;444;33;NO;
1911;Coche;0.1855;248;0;364;1068;1080;33;NO;
1911;Coche;0.4991;249;1618;323;1819;490;33;NO;
1911;Coche;0.9235;251;923;262;1144;446;33;NO;
1912;Coche;0.1744;248;0;364;1064;1080;33;NO;
1912;Coche;0.5727;249;1598;324;1800;486;33;NO;
1912;Coche;0.9316;251;912;261;1137;450;33;NO;
1913;Coche;0.1593;248;0;362;1063;1080;33;NO;
1913;Coche;0.3671;249;1583;325;1788;485;33;NO;
1913;Coche;0.95;251;896;260;1129;457;33;NO;
1914;Coche;0.12;248;0;360;1062;1080;33;NO;
1914;Coche;0.2937;249;1588;325;1786;483;33;NO;
1914;Coche;0.9558;251;887;258;1127;462;33;NO;
1915;Coche;0.1106;248;0;358;1061;1080;33;NO;
1915;Coche;0.4697;249;1569;323;1770;482;33;NO;
1915;Coche;0.9611;251;873;259;1114;466;33;NO;
1916;Coche;0.1571;248;0;359;1059;1080;33;NO;
1916;Coche;0.4604;249;1575;323;1771;480;33;NO;
1916;Coche;0.9623;251;866;259;1109;468;33;NO;
1917;Coche;0.1771;248;0;361;1055;1080;33;NO;
1917;Coche;0.2802;249;1573;322;1761;475;33;NO;
1917;Coche;0.975;251;854;260;1101;472;33;NO;
1917;Coche;0.3071;208;1768;45;1919;395;33;NO;
1918;Coche;0.1212;248;0;362;1062;1080;33;NO;
1918;Coche;0.224;249;1572;320;1751;468;33;NO;
1918;Coche;0.9821;251;843;258;1098;477;33;NO;
1918;Coche;0.2869;208;1768;45;1920;398;33;NO;
1919;Coche;0.1266;248;6;362;1070;1080;33;NO;
1919;Coche;0.9839;251;826;257;1088;481;33;NO;
1919;Coche;0.315;208;1768;44;1919;398;33;NO;
1920;Coche;0.1101;248;9;361;1076;1080;33;NO;
1920;Coche;0.9765;251;814;256;1087;487;33;NO;
1920;Coche;0.1845;208;1768;41;1920;399;33;NO;
1921;Coche;0.9768;251;800;254;1083;490;33;NO;
1921;Coche;0.1496;208;1767;35;1920;400;33;NO;
1922;Coche;0.9811;251;782;252;1082;502;33;NO;
1922;Coche;0.1167;208;1767;32;1920;400;33;NO;
1923;Coche;0.9596;251;764;249;1081;510;33;NO;
1923;Coche;0.1072;208;1766;30;1920;401;33;NO;
1924;Coche;0.9592;251;739;243;1073;516;33;NO;
1924;Coche;0.1072;208;1765;27;1920;402;33;NO;
1925;Coche;0.9079;251;715;236;1067;521;33;NO;
1926;Coche;0.8587;251;690;233;1055;527;33;NO;
1927;Coche;0.8841;251;662;224;1049;534;33;NO;
1928;Coche;0.8639;251;630;219;1043;547;33;NO;
1929;Coche;0.8467;251;605;218;1034;556;33;NO;
1930;Coche;0.892;251;571;216;1023;567;33;NO;
1931;Coche;0.8832;251;530;213;1015;585;33;NO;
1932;Coche;0.8811;251;480;207;1003;603;33;NO;
1933;Coche;0.8692;251;437;204;992;618;33;NO;
1934;Coche;0.902;251;368;201;967;642;33;NO;
1935;Coche;0.9072;251;311;197;968;671;33;NO;
1936;Coche;0.9108;251;226;187;943;699;33;NO;
1937;Coche;0.9126;251;124;178;909;729;33;NO;
1938;Coche;0.911;251;59;169;925;771;33;NO;
1939;Coche;0.921;251;0;159;932;818;33;NO;
1940;Coche;0.9192;251;0;149;958;884;33;NO;
1941;Coche;0.8936;251;0;135;990;962;33;NO;
1942;Coche;0.8874;251;0;113;1019;1031;33;NO;
1943;Coche;0.9071;251;0;93;1002;1048;33;NO;
1944;Coche;0.9139;251;0;50;992;1060;33;NO;
1945;Coche;0.8832;251;0;28;956;1061;33;NO;
1946;Coche;0.8573;251;0;15;925;1055;33;NO;
1947;Coche;0.8138;251;0;4;880;1048;33;NO;
1948;Coche;0.8078;251;0;0;804;1044;33;NO;
1949;Coche;0.1624;251;0;0;886;1057;33;NO;
1951;Coche;0.2731;208;1768;41;1917;396;33;NO;
1952;Coche;0.2341;208;1769;44;1917;396;33;NO;
1953;Coche;0.2602;208;1769;45;1917;396;33;NO;
1954;Coche;0.259;208;1769;48;1916;396;33;NO;
1955;Coche;0.2468;208;1769;50;1916;396;33;NO;
1956;Coche;0.2729;208;1769;53;1916;396;33;NO;
1957;Coche;0.2815;208;1769;54;1916;396;33;NO;
1958;Coche;0.2847;208;1769;52;1917;396;33;NO;
1959;Coche;0.2727;208;1769;54;1917;396;33;NO;
1960;Coche;0.2531;208;1769;56;1916;396;33;NO;
1961;Coche;0.2454;208;1769;54;1917;396;33;NO;
1962;Coche;0.2409;208;1769;56;1917;397;33;NO;
1963;Coche;0.2505;208;1769;54;1917;397;33;NO;
1964;Coche;0.2507;208;1768;53;1918;397;33;NO;
1965;Coche;0.2354;208;1769;53;1918;396;33;NO;
1966;Coche;0.2647;208;1768;49;1919;396;33;NO;
1967;Coche;0.2736;208;1767;47;1919;396;33;NO;
1968;Coche;0.2399;208;1767;44;1919;396;33;NO;
1969;Coche;0.2463;208;1767;45;1919;397;33;NO;
1970;Coche;0.2736;208;1767;44;1919;397;33;NO;
1971;Coche;0.2765;208;1767;44;1919;397;33;NO;
1972;Coche;0.2625;208;1767;44;1919;397;33;NO;
1973;Coche;0.2798;208;1768;45;1919;397;33;NO;
1974;Coche;0.3017;208;1768;45;1919;397;33;NO;
1975;Coche;0.27;208;1768;46;1919;397;33;NO;
1976;Coche;0.2788;208;1768;47;1918;397;33;NO;
1977;Coche;0.2729;208;1768;48;1918;397;33;NO;
1978;Coche;0.2855;208;1768;49;1918;397;33;NO;
1979;Coche;0.2813;208;1769;51;1917;397;33;NO;
1980;Coche;0.2629;208;1769;54;1917;397;33;NO;
1981;Coche;0.2751;208;1769;53;1917;396;33;NO;
1982;Coche;0.2669;208;1769;53;1917;396;33;NO;
1983;Coche;0.2885;208;1768;49;1918;396;33;NO;
1984;Coche;0.2706;208;1768;47;1918;396;33;NO;
1985;Coche;0.245;208;1768;48;1918;396;33;NO;
1986;Coche;0.2434;208;1768;49;1918;396;33;NO;
1987;Coche;0.227;208;1769;55;1917;395;33;NO;
1988;Coche;0.2203;208;1770;59;1916;395;33;NO;
1989;Coche;0.2021;208;1770;59;1916;395;33;NO;
1990;Coche;0.1979;208;1770;60;1916;396;33;NO;
1991;Coche;0.2327;208;1770;61;1916;396;33;NO;
1992;Coche;0.237;208;1770;61;1916;396;33;NO;
1993;Coche;0.2339;208;1770;64;1916;396;33;NO;
1994;Coche;0.2171;208;1770;63;1917;397;33;NO;
1995;Coche;0.2203;208;1770;63;1917;397;33;NO;
1996;Coche;0.2142;208;1770;62;1917;398;33;NO;
1997;Coche;0.1955;208;1769;62;1918;398;33;NO;
1998;Coche;0.2016;208;1770;62;1918;397;33;NO;
1999;Coche;0.2002;208;1769;62;1918;397;33;NO;
2000;Coche;0.2255;208;1769;62;1918;397;33;NO;
2001;Coche;0.2429;208;1769;62;1918;397;33;NO;
2002;Coche;0.2138;208;1770;64;1917;397;33;NO;
2003;Coche;0.2446;208;1770;66;1917;397;33;NO;
2004;Coche;0.2504;208;1770;66;1917;397;33;NO;
2005;Coche;0.2478;208;1768;60;1918;396;33;NO;
2006;Coche;0.2466;208;1768;57;1919;396;33;NO;
2007;Coche;0.2529;208;1767;55;1919;396;33;NO;
2008;Coche;0.256;208;1768;57;1918;396;33;NO;
2009;Coche;0.2721;208;1768;57;1918;395;33;NO;
2010;Coche;0.2503;208;1767;57;1918;396;33;NO;
2010;Coche;0.4769;289;606;317;789;565;34;NO;
2011;Coche;0.3116;208;1767;55;1919;396;34;NO;
2011;Coche;0.6966;289;543;276;764;577;34;NO;
2012;Coche;0.2983;208;1767;54;1919;396;34;NO;
2012;Coche;0.7523;289;501;286;731;601;34;NO;
2013;Coche;0.3461;208;1767;55;1918;396;34;NO;
2013;Coche;0.7867;289;459;287;703;621;34;NO;
2014;Coche;0.3667;208;1767;56;1918;396;34;NO;
2014;Coche;0.7308;289;394;267;669;644;34;NO;
2015;Coche;0.2893;208;1767;54;1919;396;34;NO;
2015;Coche;0.8118;289;318;231;633;668;34;NO;
2016;Coche;0.26;208;1767;55;1919;396;34;NO;
2016;Coche;0.813;289;259;255;577;695;34;NO;
2017;Coche;0.2887;208;1767;55;1919;397;34;NO;
2017;Coche;0.5297;289;191;278;513;723;34;NO;
2018;Coche;0.27;208;1767;55;1919;398;34;NO;
2018;Coche;0.7023;289;92;285;446;763;34;NO;
2019;Coche;0.2485;208;1767;54;1919;398;34;NO;
2019;Coche;0.7454;289;21;292;403;803;34;NO;
2020;Coche;0.2791;208;1767;56;1919;398;34;NO;
2020;Coche;0.7291;289;0;291;353;798;34;NO;
2021;Coche;0.3302;208;1768;58;1918;398;34;NO;
2021;Coche;0.1553;289;0;279;312;816;34;NO;
2022;Coche;0.3422;208;1768;59;1918;398;34;NO;
2023;Coche;0.3129;208;1768;60;1918;398;34;NO;
2024;Coche;0.2874;208;1769;61;1918;397;34;NO;
2025;Coche;0.2727;208;1768;59;1918;397;34;NO;
2026;Coche;0.2093;208;1768;54;1919;397;34;NO;
2027;Coche;0.1943;208;1767;51;1920;397;34;NO;
2028;Coche;0.2063;208;1767;49;1920;398;34;NO;
2029;Coche;0.1515;208;1768;50;1920;398;34;NO;
2030;Coche;0.1862;208;1767;48;1920;398;34;NO;
2031;Coche;0.2037;208;1768;49;1920;398;34;NO;
2032;Coche;0.16;208;1768;49;1920;399;34;NO;
2033;Coche;0.1769;208;1769;53;1919;399;34;NO;
2034;Coche;0.1096;208;1769;52;1919;399;34;NO;
2035;Coche;0.1017;208;1769;52;1919;399;34;NO;
2036;Coche;0.1226;208;1768;50;1919;398;34;NO;
2037;Coche;0.1296;208;1769;52;1918;397;34;NO;
2038;Coche;0.1444;208;1769;55;1918;397;34;NO;
2039;Coche;0.1306;208;1770;57;1917;397;34;NO;
2040;Coche;0.1317;208;1769;55;1918;397;34;NO;
2041;Coche;0.1594;208;1769;52;1919;398;34;NO;
2042;Coche;0.1626;208;1769;50;1919;398;34;NO;
2043;Coche;0.1599;208;1769;50;1919;398;34;NO;
2044;Coche;0.1266;208;1769;52;1919;398;34;NO;
2045;Coche;0.1216;208;1769;52;1919;398;34;NO;
2046;Coche;0.1136;208;1769;53;1918;398;34;NO;
2047;Coche;0.1228;208;1769;52;1919;398;34;NO;
2048;Coche;0.1114;208;1769;49;1919;399;34;NO;
2049;Coche;0.1002;208;1768;48;1920;399;34;NO;
2050;Coche;0.1051;208;1768;47;1920;400;34;NO;
2057;Coche;0.3853;293;0;376;1102;1080;35;NO;
2058;Coche;0.4301;293;1;377;1101;1080;35;NO;
2059;Coche;0.4565;293;5;380;1101;1080;35;NO;
2060;Coche;0.456;293;10;380;1107;1080;35;NO;
2061;Coche;0.4577;293;12;379;1110;1080;35;NO;
2062;Coche;0.4368;293;10;376;1113;1080;35;NO;
2063;Coche;0.432;293;9;375;1116;1080;35;NO;
2064;Coche;0.4337;293;6;374;1114;1080;35;NO;
2065;Coche;0.4508;293;3;374;1110;1080;35;NO;
2066;Coche;0.4716;293;0;375;1105;1080;35;NO;
2067;Coche;0.4581;293;0;374;1106;1080;35;NO;
2068;Coche;0.479;293;0;374;1101;1080;35;NO;
2069;Coche;0.4625;293;0;374;1102;1080;35;NO;
2070;Coche;0.4715;293;0;375;1098;1080;35;NO;
2071;Coche;0.4774;293;0;375;1096;1080;35;NO;
2072;Coche;0.4802;293;0;374;1096;1080;35;NO;
2073;Coche;0.4843;293;0;375;1089;1080;35;NO;
2074;Coche;0.4762;293;0;375;1084;1080;35;NO;
2075;Coche;0.4869;293;0;375;1080;1080;35;NO;
2076;Coche;0.4823;293;0;375;1078;1080;35;NO;
2077;Coche;0.4945;293;0;374;1076;1080;35;NO;
2078;Coche;0.4809;293;0;374;1075;1080;35;NO;
2079;Coche;0.5003;293;0;375;1073;1080;35;NO;
2080;Coche;0.496;293;0;375;1071;1080;35;NO;
2081;Coche;0.4999;293;0;374;1070;1080;35;NO;
2082;Coche;0.4848;293;0;374;1071;1080;35;NO;
2083;Coche;0.5;293;0;374;1069;1080;35;NO;
2084;Coche;0.4915;293;0;374;1068;1080;35;NO;
2085;Coche;0.481;293;0;373;1069;1080;35;NO;
2086;Coche;0.4912;293;0;374;1068;1080;35;NO;
2087;Coche;0.4947;293;0;374;1068;1080;35;NO;
2088;Coche;0.5009;293;0;374;1068;1080;35;NO;
2089;Coche;0.5142;293;0;376;1066;1080;35;NO;
2090;Coche;0.501;293;1;376;1066;1080;35;NO;
2091;Coche;0.5053;293;1;376;1067;1080;35;NO;
2092;Coche;0.5112;293;1;375;1067;1080;35;NO;
2093;Coche;0.5052;293;2;374;1069;1080;35;NO;
2094;Coche;0.5033;293;1;374;1068;1080;35;NO;
2095;Coche;0.5005;293;0;373;1068;1080;35;NO;
2096;Coche;0.5072;293;0;373;1067;1080;35;NO;
2097;Coche;0.4932;293;0;373;1066;1080;35;NO;
2098;Coche;0.4901;293;0;374;1065;1080;35;NO;
2099;Coche;0.4971;293;0;374;1064;1080;35;NO;
2100;Coche;0.4867;293;0;374;1063;1080;35;NO;
2101;Coche;0.4578;293;0;373;1064;1080;35;NO;
2102;Coche;0.4537;293;1;372;1067;1080;35;NO;
2102;Coche;0.5656;295;917;287;1163;438;36;NO;
2103;Coche;0.4417;293;0;372;1064;1080;36;NO;
2103;Coche;0.4769;295;911;287;1157;439;36;NO;
2104;Coche;0.4554;293;0;373;1062;1080;36;NO;
2104;Coche;0.4553;295;927;287;1177;441;36;NO;
2105;Coche;0.4524;293;0;374;1060;1080;36;NO;
2105;Coche;0.3982;295;924;287;1174;441;36;NO;
2106;Coche;0.4573;293;0;374;1057;1080;36;NO;
2106;Coche;0.5556;295;924;285;1181;442;36;NO;
2107;Coche;0.4517;293;0;374;1054;1080;36;NO;
2107;Coche;0.5142;295;909;280;1176;444;36;NO;
2108;Coche;0.4261;293;0;373;1051;1080;36;NO;
2108;Coche;0.7231;295;919;281;1195;449;36;NO;
2109;Coche;0.4105;293;0;373;1051;1080;36;NO;
2109;Coche;0.8791;295;913;281;1198;453;36;NO;
2110;Coche;0.4419;293;0;373;1050;1080;36;NO;
2110;Coche;0.8467;295;878;280;1170;458;36;NO;
2111;Coche;0.4136;293;0;372;1051;1080;36;NO;
2111;Coche;0.8786;295;883;281;1182;463;36;NO;
2112;Coche;0.4083;293;0;373;1052;1080;36;NO;
2112;Coche;0.9002;295;873;281;1202;481;36;NO;
2113;Coche;0.4095;293;0;371;1052;1080;36;NO;
2113;Coche;0.8068;295;865;281;1198;484;36;NO;
2114;Coche;0.4197;293;0;370;1055;1080;36;NO;
2114;Coche;0.8923;295;827;279;1156;484;36;NO;
2115;Coche;0.4238;293;0;371;1054;1080;36;NO;
2115;Coche;0.9368;295;811;278;1131;482;36;NO;
2116;Coche;0.4033;293;0;371;1053;1080;36;NO;
2116;Coche;0.9321;295;809;278;1127;483;36;NO;
2117;Coche;0.3499;293;3;371;1057;1080;36;NO;
2117;Coche;0.8942;295;799;275;1130;492;36;NO;
2118;Coche;0.3781;293;9;371;1065;1080;36;NO;
2118;Coche;0.7697;295;793;275;1144;507;36;NO;
2119;Coche;0.3879;293;10;372;1065;1080;36;NO;
2119;Coche;0.7884;295;790;274;1134;504;36;NO;
2120;Coche;0.3671;293;7;371;1065;1080;36;NO;
2120;Coche;0.9174;295;772;275;1115;506;36;NO;
2121;Coche;0.4098;293;6;370;1065;1080;36;NO;
2121;Coche;0.8599;295;765;277;1101;504;36;NO;
2122;Coche;0.2945;293;6;367;1071;1080;36;NO;
2122;Coche;0.8323;295;757;277;1097;509;36;NO;
2123;Coche;0.3051;293;2;369;1062;1080;36;NO;
2123;Coche;0.8372;295;745;276;1087;510;36;NO;
2124;Coche;0.328;293;5;367;1068;1080;36;NO;
2124;Coche;0.7776;295;725;276;1078;520;36;NO;
2125;Coche;0.1441;293;0;353;1081;1080;36;NO;
2125;Coche;0.7809;295;711;275;1076;531;36;NO;
2126;Coche;0.9008;295;702;276;1064;529;36;NO;
2127;Coche;0.8942;295;691;275;1056;530;36;NO;
2128;Coche;0.8861;295;679;275;1058;540;36;NO;
2129;Coche;0.9144;295;671;274;1056;540;36;NO;
2130;Coche;0.895;295;647;273;1043;546;36;NO;
2131;Coche;0.8527;295;629;268;1038;550;36;NO;
2132;Coche;0.7695;295;611;266;1028;552;36;NO;
2133;Coche;0.8095;295;595;265;1023;556;36;NO;
2133;Matricula;0.6889;299;644;448;761;492;11;SÍ;1770W
2134;Coche;0.8548;295;573;262;1019;562;36;NO;
2134;Matricula;0.6916;299;623;451;747;496;11;SÍ;F5770375
2135;Coche;0.8714;295;551;261;1025;578;36;NO;
2135;Matricula;0.6774;299;597;457;726;505;11;SÍ;177036
2136;Coche;0.8813;295;515;258;1005;585;36;NO;
2136;Matricula;0.6966;299;580;465;701;510;11;SÍ;1770J6
2136;Coche;0.5216;300;1757;389;1916;539;37;NO;
2137;Coche;0.8932;295;479;257;989;596;37;NO;
2137;Matricula;0.6476;299;551;470;680;518;11;SÍ;F770SVG
2137;Coche;0.6391;300;1748;385;1910;537;37;NO;
2138;Coche;0.8533;295;448;254;985;611;37;NO;
2138;Matricula;0.6604;299;520;474;655;525;11;SÍ;F7705G
2138;Coche;0.8559;300;1707;322;1920;537;37;NO;
2139;Coche;0.8728;295;415;252;974;623;37;NO;
2139;Matricula;0.7474;299;497;484;624;531;11;SÍ;11770JYG
2139;Coche;0.9;300;1689;307;1920;543;37;NO;
2140;Coche;0.8792;295;377;251;961;637;37;NO;
2140;Matricula;0.6175;299;459;492;598;543;11;SÍ;1770JYG
2140;Coche;0.6904;300;1686;310;1920;537;37;NO;
2141;Coche;0.9054;295;344;250;947;649;37;NO;
2141;Matricula;0.6941;299;422;499;562;551;11;SÍ;11770JY6
2141;Coche;0.5798;300;1692;331;1909;535;37;NO;
2142;Coche;0.882;295;313;249;937;658;37;NO;
2142;Matricula;0.7249;299;383;509;523;561;11;SÍ;1770JYG
2142;Coche;0.2316;300;1694;350;1890;529;37;NO;
2143;Coche;0.8752;295;270;248;926;675;37;NO;
2143;Matricula;0.6846;299;343;521;486;574;11;SÍ;1770JVG
2144;Coche;0.8612;295;230;248;917;693;37;NO;
2144;Matricula;0.7566;299;290;532;442;589;11;SÍ;1770JYG
2145;Coche;0.8797;295;167;243;890;707;37;NO;
2145;Matricula;0.6547;299;238;546;391;603;11;SÍ;
2145;Coche;0.4511;300;1673;343;1882;527;37;NO;
2146;Coche;0.8942;295;110;240;874;727;37;NO;
2146;Matricula;0.6892;299;178;563;332;619;11;SÍ;F2
2146;Coche;0.142;300;1661;330;1884;522;37;NO;
2147;Coche;0.8927;295;48;235;864;751;37;NO;
2147;Matricula;0.674;299;105;577;274;639;11;SÍ;
2147;Coche;0.1488;300;1655;331;1878;516;37;NO;
2148;Coche;0.8958;295;2;232;870;783;37;NO;
2148;Coche;0.3361;300;1645;325;1879;512;37;NO;
2149;Coche;0.9159;295;0;230;877;808;37;NO;
2149;Coche;0.2361;300;1639;324;1877;508;37;NO;
2150;Coche;0.9167;295;0;229;900;854;37;NO;
2150;Coche;0.4873;300;1633;324;1879;508;37;NO;
2151;Coche;0.9102;295;0;223;918;904;37;NO;
2151;Coche;0.3761;300;1631;324;1875;501;37;NO;
2152;Coche;0.9381;295;0;218;919;927;37;NO;
2152;Coche;0.3277;300;1624;321;1871;493;37;NO;
2153;Coche;0.8998;295;0;211;928;969;37;NO;
2153;Coche;0.3163;300;1619;322;1871;490;37;NO;
2154;Coche;0.8711;295;0;204;941;1019;37;NO;
2155;Coche;0.8766;295;0;198;935;1051;37;NO;
2156;Coche;0.8904;295;0;192;914;1062;37;NO;
2156;Coche;0.4167;300;1586;318;1844;485;37;NO;
2157;Coche;0.9149;295;0;180;867;1028;37;NO;
2157;Coche;0.1165;300;1569;324;1818;483;37;NO;
2158;Coche;0.8906;295;0;171;832;1011;37;NO;
2158;Coche;0.1241;300;1592;323;1829;477;37;NO;
2159;Coche;0.9072;295;0;164;793;1000;37;NO;
2160;Coche;0.9122;295;0;155;754;987;37;NO;
2160;Coche;0.3198;300;1542;318;1784;473;37;NO;
2161;Coche;0.8829;295;0;153;718;991;37;NO;
2161;Coche;0.1784;300;1560;319;1790;469;37;NO;
2162;Coche;0.8732;295;0;143;677;989;37;NO;
2162;Coche;0.1494;300;1552;317;1770;461;37;NO;
2163;Coche;0.749;295;0;147;629;1001;37;NO;
2163;Coche;0.2292;300;1536;315;1758;462;37;NO;
2164;Coche;0.1153;300;1526;311;1748;460;37;NO;
2165;Coche;0.1261;300;1491;310;1716;456;37;NO;
2167;Coche;0.3723;307;15;372;1114;1077;38;NO;
2168;Coche;0.4748;307;4;372;1107;1079;38;NO;
2169;Coche;0.4041;307;0;371;1106;1080;38;NO;
2170;Coche;0.4452;307;0;370;1105;1080;38;NO;
2171;Coche;0.4528;307;0;370;1105;1080;38;NO;
2172;Coche;0.4523;307;0;370;1105;1080;38;NO;
2173;Coche;0.4189;307;0;370;1106;1080;38;NO;
2174;Coche;0.4491;307;0;371;1105;1080;38;NO;
2175;Coche;0.4287;307;1;373;1103;1080;38;NO;
2176;Coche;0.441;307;1;374;1102;1080;38;NO;
2177;Coche;0.4536;307;1;374;1100;1080;38;NO;
2178;Coche;0.4592;307;0;374;1098;1080;38;NO;
2179;Coche;0.4549;307;0;374;1097;1080;38;NO;
2180;Coche;0.4507;307;1;374;1098;1080;38;NO;
2181;Coche;0.4483;307;1;374;1098;1080;38;NO;
2182;Coche;0.457;307;2;374;1098;1080;38;NO;
2183;Coche;0.4623;307;1;374;1098;1080;38;NO;
2184;Coche;0.4542;307;1;374;1097;1080;38;NO;
2185;Coche;0.4256;307;0;372;1100;1080;38;NO;
2186;Coche;0.4228;307;1;371;1100;1080;38;NO;
2187;Coche;0.4187;307;1;371;1101;1080;38;NO;
2188;Coche;0.4198;307;1;370;1102;1080;38;NO;
2189;Coche;0.4097;307;1;370;1102;1080;38;NO;
2190;Coche;0.4159;307;2;369;1103;1080;38;NO;
2191;Coche;0.4342;307;2;370;1102;1080;38;NO;
2192;Coche;0.4378;307;3;371;1101;1080;38;NO;
2193;Coche;0.4329;307;2;371;1100;1080;38;NO;
2194;Coche;0.4503;307;2;372;1099;1080;38;NO;
2195;Coche;0.4601;307;2;373;1098;1080;38;NO;
2196;Coche;0.4508;307;3;373;1098;1080;38;NO;
2197;Coche;0.4264;307;2;371;1099;1080;38;NO;
2198;Coche;0.4252;307;2;371;1099;1080;38;NO;
2199;Coche;0.3839;307;3;369;1103;1080;38;NO;
2200;Coche;0.3812;307;3;369;1104;1080;38;NO;
2201;Coche;0.3916;307;3;368;1105;1080;38;NO;
2202;Coche;0.4066;307;3;369;1105;1080;38;NO;
2203;Coche;0.418;307;3;369;1104;1080;38;NO;
2204;Coche;0.4085;307;3;369;1104;1080;38;NO;
2205;Coche;0.415;307;3;369;1104;1080;38;NO;
2206;Coche;0.4272;307;3;370;1103;1080;38;NO;
2207;Coche;0.427;307;4;370;1104;1080;38;NO;
2208;Coche;0.416;307;4;369;1105;1080;38;NO;
2209;Coche;0.4426;307;3;369;1104;1080;38;NO;
2210;Coche;0.411;307;2;368;1104;1080;38;NO;
2211;Coche;0.4351;307;2;369;1103;1080;38;NO;
2212;Coche;0.4253;307;2;369;1103;1080;38;NO;
2213;Coche;0.4169;307;3;368;1104;1080;38;NO;
2214;Coche;0.4333;307;4;369;1104;1080;38;NO;
2215;Coche;0.4325;307;4;369;1104;1080;38;NO;
2216;Coche;0.4347;307;5;369;1105;1080;38;NO;
2217;Coche;0.4355;307;6;369;1107;1080;38;NO;
2218;Coche;0.4422;307;6;370;1107;1080;38;NO;
2219;Coche;0.4249;307;7;370;1108;1080;38;NO;
2220;Coche;0.4149;307;6;370;1108;1080;38;NO;
2221;Coche;0.4154;307;5;370;1107;1080;38;NO;
2222;Coche;0.4171;307;4;370;1107;1080;38;NO;
2223;Coche;0.4225;307;5;370;1107;1080;38;NO;
2224;Coche;0.4339;307;5;371;1106;1080;38;NO;
2225;Coche;0.4347;307;5;371;1106;1080;38;NO;
2226;Coche;0.4354;307;5;370;1108;1080;38;NO;
2227;Coche;0.4457;307;5;371;1108;1080;38;NO;
2228;Coche;0.4308;307;4;371;1107;1080;38;NO;
2229;Coche;0.4305;307;4;371;1107;1080;38;NO;
2230;Coche;0.4489;307;4;372;1105;1080;38;NO;
2231;Coche;0.4429;307;4;372;1105;1080;38;NO;
2232;Coche;0.445;307;4;373;1105;1080;38;NO;
2233;Coche;0.3714;307;2;371;1104;1080;38;NO;
2234;Coche;0.3881;307;1;371;1104;1080;38;NO;
2235;Coche;0.3742;307;1;370;1104;1080;38;NO;
2236;Coche;0.3747;307;2;370;1104;1080;38;NO;
2237;Coche;0.3704;307;1;370;1103;1080;38;NO;
2238;Coche;0.3726;307;2;371;1103;1080;38;NO;
2239;Coche;0.3782;307;3;371;1104;1080;38;NO;
2240;Coche;0.3886;307;3;371;1103;1080;38;NO;
2241;Coche;0.3756;307;4;371;1105;1080;38;NO;
2242;Coche;0.3832;307;3;370;1105;1080;38;NO;
2243;Coche;0.3822;307;3;370;1105;1080;38;NO;
2244;Coche;0.3878;307;3;371;1104;1080;38;NO;
2245;Coche;0.3414;307;2;369;1106;1080;38;NO;
2246;Coche;0.3331;307;1;368;1106;1080;38;NO;
2247;Coche;0.3426;307;2;367;1108;1080;38;NO;
2248;Coche;0.3623;307;2;368;1107;1080;38;NO;
2249;Coche;0.3353;307;2;367;1108;1080;38;NO;
2250;Coche;0.3292;307;3;367;1109;1080;38;NO;
2251;Coche;0.3558;307;2;367;1107;1080;38;NO;
2252;Coche;0.3585;307;2;367;1106;1080;38;NO;
2253;Coche;0.3765;307;2;368;1105;1080;38;NO;
2254;Coche;0.3522;307;0;367;1104;1080;38;NO;
2255;Coche;0.3627;307;0;367;1104;1080;38;NO;
2256;Coche;0.3517;307;2;366;1105;1080;38;NO;
2257;Coche;0.3313;307;3;366;1107;1080;38;NO;
2258;Coche;0.3122;307;3;366;1108;1080;38;NO;
2259;Coche;0.3149;307;3;365;1109;1080;38;NO;
2260;Coche;0.3076;307;3;366;1108;1080;38;NO;
2261;Coche;0.3249;307;2;365;1107;1080;38;NO;
2262;Coche;0.3256;307;1;365;1107;1080;38;NO;
2263;Coche;0.3026;307;0;364;1106;1080;38;NO;
2264;Coche;0.3036;307;0;364;1106;1080;38;NO;
2265;Coche;0.3195;307;1;364;1105;1080;38;NO;
2266;Coche;0.3257;307;1;365;1105;1080;38;NO;
2267;Coche;0.3263;307;1;365;1105;1080;38;NO;
2268;Coche;0.3422;307;2;365;1104;1080;38;NO;
2269;Coche;0.3053;307;1;365;1103;1080;38;NO;
2270;Coche;0.3323;307;1;366;1102;1080;38;NO;
2271;Coche;0.3668;307;2;369;1098;1080;38;NO;
2272;Coche;0.363;307;3;370;1097;1080;38;NO;
2273;Coche;0.3694;307;3;370;1096;1080;38;NO;
2274;Coche;0.3637;307;3;370;1096;1080;38;NO;
2275;Coche;0.3639;307;2;370;1095;1080;38;NO;
2276;Coche;0.3518;307;2;369;1096;1080;38;NO;
2277;Coche;0.3402;307;3;368;1097;1080;38;NO;
2278;Coche;0.3468;307;3;369;1097;1080;38;NO;
2279;Coche;0.3505;307;3;369;1096;1080;38;NO;
2280;Coche;0.3638;307;3;369;1096;1080;38;NO;
2281;Coche;0.3526;307;4;369;1098;1080;38;NO;
2282;Coche;0.3477;307;5;369;1100;1080;38;NO;
2283;Coche;0.3593;307;5;369;1101;1080;38;NO;
2284;Coche;0.3502;307;6;369;1102;1080;38;NO;
2285;Coche;0.365;307;7;370;1101;1080;38;NO;
2286;Coche;0.3812;307;5;370;1099;1080;38;NO;
2287;Coche;0.4049;307;4;371;1097;1080;38;NO;
2288;Coche;0.4114;307;2;371;1093;1080;38;NO;
2289;Coche;0.4116;307;0;371;1091;1080;38;NO;
2290;Coche;0.3995;307;1;371;1092;1080;38;NO;
2291;Coche;0.4153;307;1;371;1090;1080;38;NO;
2292;Coche;0.435;307;0;372;1087;1080;38;NO;
2293;Coche;0.394;307;0;372;1085;1080;38;NO;
2294;Coche;0.3888;307;0;371;1085;1080;38;NO;
2295;Coche;0.3554;307;0;369;1085;1080;38;NO;
2296;Coche;0.3634;307;0;368;1084;1080;38;NO;
2297;Coche;0.3611;307;0;367;1083;1080;38;NO;
2298;Coche;0.3669;307;0;367;1083;1080;38;NO;
2299;Coche;0.3649;307;0;368;1081;1080;38;NO;
2300;Coche;0.3769;307;0;367;1080;1080;38;NO;
2301;Coche;0.3591;307;0;367;1080;1080;38;NO;
2302;Coche;0.3832;307;0;367;1079;1080;38;NO;
2303;Coche;0.385;307;0;367;1079;1080;38;NO;
2304;Coche;0.3881;307;0;368;1077;1080;38;NO;
2305;Coche;0.4035;307;0;367;1077;1080;38;NO;
2306;Coche;0.3901;307;0;366;1077;1080;38;NO;
2307;Coche;0.3935;307;0;366;1077;1080;38;NO;
2308;Coche;0.3801;307;0;366;1077;1080;38;NO;
2309;Coche;0.39;307;0;366;1075;1080;38;NO;
2310;Coche;0.3955;307;0;367;1073;1080;38;NO;
2311;Coche;0.4138;307;0;368;1070;1080;38;NO;
2312;Coche;0.4286;307;0;368;1068;1080;38;NO;
2313;Coche;0.4321;307;0;369;1067;1080;38;NO;
2314;Coche;0.437;307;0;369;1065;1080;38;NO;
2315;Coche;0.4244;307;0;370;1065;1080;38;NO;
2316;Coche;0.4269;307;1;370;1065;1080;38;NO;
2317;Coche;0.3874;307;1;368;1067;1080;38;NO;
2318;Coche;0.3781;307;2;368;1069;1080;38;NO;
2319;Coche;0.3714;307;3;369;1068;1080;38;NO;
2320;Coche;0.3784;307;2;369;1066;1080;38;NO;
2321;Coche;0.4031;307;0;370;1062;1080;38;NO;
2322;Coche;0.3764;307;0;368;1063;1080;38;NO;
2323;Coche;0.2985;307;0;365;1065;1080;38;NO;
2324;Coche;0.3311;307;0;363;1065;1080;38;NO;
2325;Coche;0.3457;307;0;364;1064;1080;38;NO;
2326;Coche;0.2925;307;0;363;1063;1080;38;NO;
2327;Coche;0.3084;307;0;363;1061;1080;38;NO;
2328;Coche;0.3898;307;0;367;1058;1080;38;NO;
2328;Coche;0.5;308;864;285;1078;440;39;NO;
2329;Coche;0.3395;307;0;365;1056;1080;39;NO;
2329;Coche;0.4232;308;857;289;1065;439;39;NO;
2330;Coche;0.3533;307;0;365;1055;1080;39;NO;
2330;Coche;0.5406;308;851;289;1060;441;39;NO;
2331;Coche;0.3253;307;0;365;1057;1080;39;NO;
2331;Coche;0.6908;308;841;288;1059;446;39;NO;
2332;Coche;0.3683;307;2;365;1059;1080;39;NO;
2332;Coche;0.5016;308;832;290;1056;452;39;NO;
2333;Coche;0.35;307;8;367;1063;1080;39;NO;
2333;Coche;0.2681;308;826;292;1051;455;39;NO;
2334;Coche;0.3612;307;10;369;1065;1080;39;NO;
2334;Coche;0.4877;308;816;291;1047;459;39;NO;
2335;Coche;0.3723;307;8;370;1062;1080;39;NO;
2335;Coche;0.5701;308;804;288;1043;462;39;NO;
2336;Coche;0.3862;307;5;369;1062;1080;39;NO;
2336;Coche;0.6785;308;790;289;1035;467;39;NO;
2337;Coche;0.3496;307;3;366;1063;1080;39;NO;
2337;Coche;0.6003;308;782;293;1031;473;39;NO;
2338;Coche;0.3279;307;0;363;1063;1080;39;NO;
2338;Coche;0.4962;308;766;294;1020;478;39;NO;
2339;Coche;0.3571;307;1;366;1059;1080;39;NO;
2339;Coche;0.6175;308;753;293;1012;481;39;NO;
2340;Coche;0.3172;307;0;365;1055;1080;39;NO;
2340;Coche;0.6653;308;740;295;1002;484;39;NO;
2341;Coche;0.1489;307;0;352;1067;1080;39;NO;
2341;Coche;0.2082;308;736;297;998;484;39;NO;
2342;Coche;0.6798;308;716;292;990;487;39;NO;
2343;Coche;0.7364;308;704;291;985;489;39;NO;
2344;Coche;0.7627;308;686;291;980;497;39;NO;
2345;Coche;0.7691;308;663;292;964;502;39;NO;
2346;Coche;0.7001;308;642;290;953;506;39;NO;
2347;Coche;0.7697;308;621;287;947;513;39;NO;
2348;Coche;0.852;308;605;285;944;517;39;NO;
2349;Coche;0.7641;308;576;281;936;527;39;NO;
2350;Coche;0.8172;308;570;281;949;534;39;NO;
2351;Coche;0.7561;308;525;282;913;540;39;NO;
2352;Coche;0.8108;308;517;283;932;550;39;NO;
2353;Coche;0.8537;308;467;281;894;554;39;NO;
2354;Coche;0.8438;308;428;281;872;564;39;NO;
2355;Coche;0.8921;308;384;283;856;582;39;NO;
2356;Coche;0.8773;308;337;281;841;599;39;NO;
2357;Coche;0.9022;308;293;277;824;610;39;NO;
2358;Coche;0.8566;308;235;272;809;631;39;NO;
2359;Coche;0.8909;308;178;269;790;650;39;NO;
2360;Coche;0.8799;308;114;267;765;670;39;NO;
2361;Coche;0.8706;308;45;260;751;696;39;NO;
2362;Coche;0.9126;308;4;255;744;714;39;NO;
2363;Coche;0.8935;308;0;262;739;742;39;NO;
2364;Coche;0.9142;308;0;264;740;777;39;NO;
2365;Coche;0.9078;308;0;258;740;802;39;NO;
2366;Coche;0.8753;308;0;255;751;856;39;NO;
2367;Coche;0.8725;308;0;254;740;888;39;NO;
2368;Coche;0.9007;308;0;250;684;853;39;NO;
2369;Coche;0.8704;308;0;248;640;838;39;NO;
2370;Coche;0.8702;308;0;239;603;839;39;NO;
2371;Coche;0.8275;308;0;237;558;839;39;NO;
2372;Coche;0.798;308;0;244;501;837;39;NO;
2399;Coche;0.3093;330;4;364;1106;1080;40;NO;
2400;Coche;0.2929;330;5;363;1108;1080;40;NO;
2401;Coche;0.2342;330;5;363;1109;1080;40;NO;
2402;Coche;0.2163;330;6;363;1110;1080;40;NO;
2403;Coche;0.2196;330;5;363;1110;1080;40;NO;
2404;Coche;0.1958;330;3;360;1112;1080;40;NO;
2405;Coche;0.1932;330;3;360;1112;1080;40;NO;
2406;Coche;0.1896;330;2;359;1111;1080;40;NO;
2407;Coche;0.1962;330;1;359;1111;1080;40;NO;
2408;Coche;0.1995;330;2;359;1110;1080;40;NO;
2409;Coche;0.1844;330;1;359;1111;1080;40;NO;
2410;Coche;0.2183;330;2;361;1108;1080;40;NO;
2411;Coche;0.1991;330;2;360;1109;1080;40;NO;
2412;Coche;0.2267;330;3;361;1108;1080;40;NO;
2413;Coche;0.258;330;3;362;1106;1080;40;NO;
2414;Coche;0.2569;330;4;363;1106;1080;40;NO;
2415;Coche;0.3453;330;7;367;1103;1080;40;NO;
2416;Coche;0.3409;330;7;368;1103;1080;40;NO;
2417;Coche;0.3546;330;7;369;1102;1080;40;NO;
2418;Coche;0.3584;330;8;370;1102;1080;40;NO;
2419;Coche;0.3631;330;7;369;1103;1080;40;NO;
2420;Coche;0.367;330;7;370;1103;1080;40;NO;
2421;Coche;0.3707;330;6;369;1104;1080;40;NO;
2422;Coche;0.3814;330;5;369;1103;1080;40;NO;
2423;Coche;0.3636;330;5;369;1104;1080;40;NO;
2424;Coche;0.3709;330;4;368;1104;1080;40;NO;
2425;Coche;0.2745;330;3;366;1105;1080;40;NO;
2426;Coche;0.2742;330;2;366;1105;1080;40;NO;
2427;Coche;0.2612;330;2;365;1105;1080;40;NO;
2428;Coche;0.2583;330;2;364;1106;1080;40;NO;
2429;Coche;0.2663;330;1;364;1105;1080;40;NO;
2430;Coche;0.2605;330;2;364;1105;1080;40;NO;
2431;Coche;0.2871;330;2;365;1105;1080;40;NO;
2432;Coche;0.2764;330;3;365;1105;1080;40;NO;
2433;Coche;0.2969;330;2;365;1104;1080;40;NO;
2434;Coche;0.292;330;3;365;1105;1080;40;NO;
2435;Coche;0.3081;330;3;365;1104;1080;40;NO;
2436;Coche;0.3117;330;3;365;1104;1080;40;NO;
2437;Coche;0.3059;330;2;365;1103;1080;40;NO;
2438;Coche;0.3184;330;3;367;1102;1080;40;NO;
2439;Coche;0.3221;330;5;367;1103;1080;40;NO;
2440;Coche;0.3254;330;6;368;1103;1080;40;NO;
2441;Coche;0.3363;330;6;368;1103;1080;40;NO;
2442;Coche;0.3217;330;5;368;1103;1080;40;NO;
2443;Coche;0.314;330;5;368;1103;1080;40;NO;
2444;Coche;0.2962;330;5;367;1103;1080;40;NO;
2445;Coche;0.3061;330;5;368;1103;1080;40;NO;
2446;Coche;0.3225;330;4;368;1101;1080;40;NO;
2447;Coche;0.3078;330;4;369;1101;1080;40;NO;
2448;Coche;0.2989;330;3;368;1101;1080;40;NO;
2448;Coche;0.6849;331;1661;348;1902;589;41;NO;
2449;Coche;0.2864;330;4;368;1102;1080;41;NO;
2449;Coche;0.2429;331;1652;349;1896;592;41;NO;
2450;Coche;0.2904;330;4;367;1103;1080;41;NO;
2451;Coche;0.3103;330;4;367;1103;1080;41;NO;
2452;Coche;0.3263;330;4;368;1102;1080;41;NO;
2453;Coche;0.3259;330;5;368;1102;1080;41;NO;
2454;Coche;0.3159;330;5;369;1103;1080;41;NO;
2455;Coche;0.3146;330;5;369;1103;1080;41;NO;
2455;Coche;0.489;331;1700;334;1917;551;41;NO;
2456;Coche;0.323;330;5;369;1104;1080;41;NO;
2456;Coche;0.1926;331;1684;330;1910;554;41;NO;
2457;Coche;0.328;330;5;369;1103;1080;41;NO;
2457;Coche;0.4464;331;1671;332;1891;542;41;NO;
2458;Coche;0.3109;330;4;369;1103;1080;41;NO;
2458;Coche;0.5268;331;1671;333;1882;528;41;NO;
2459;Coche;0.2912;330;4;368;1104;1080;41;NO;
2459;Coche;0.3451;331;1668;333;1878;521;41;NO;
2460;Coche;0.3065;330;4;368;1105;1080;41;NO;
2460;Coche;0.3491;331;1652;331;1866;515;41;NO;
2461;Coche;0.2359;330;1;365;1106;1080;41;NO;
2461;Coche;0.1238;331;1634;331;1853;513;41;NO;
2462;Coche;0.2478;330;1;364;1106;1080;41;NO;
2462;Coche;0.1789;331;1617;335;1838;509;41;NO;
2463;Coche;0.2446;330;0;363;1106;1080;41;NO;
2463;Coche;0.116;331;1591;333;1811;504;41;NO;
2464;Coche;0.2038;330;1;362;1106;1080;41;NO;
2464;Coche;0.2041;331;1540;332;1767;500;41;NO;
2465;Coche;0.2156;330;0;362;1106;1080;41;NO;
2465;Coche;0.2047;331;1507;329;1742;497;41;NO;
2466;Coche;0.216;330;1;362;1106;1080;41;NO;
2467;Coche;0.2269;330;1;362;1107;1080;41;NO;
2468;Coche;0.2272;330;3;362;1108;1080;41;NO;
2469;Coche;0.2376;330;2;362;1107;1080;41;NO;
2470;Coche;0.2399;330;3;362;1108;1080;41;NO;
2471;Coche;0.2405;330;3;363;1107;1080;41;NO;
2472;Coche;0.265;330;4;363;1108;1080;41;NO;
2473;Coche;0.2745;330;4;364;1106;1080;41;NO;
2474;Coche;0.2596;330;3;363;1106;1080;41;NO;
2475;Coche;0.2897;330;4;364;1106;1080;41;NO;
2476;Coche;0.2555;330;3;363;1106;1080;41;NO;
2477;Coche;0.2525;330;4;363;1107;1080;41;NO;
2478;Coche;0.2577;330;4;363;1108;1080;41;NO;
2479;Coche;0.2428;330;4;363;1109;1080;41;NO;
2480;Coche;0.2334;330;5;363;1109;1080;41;NO;
2481;Coche;0.2261;330;4;362;1111;1080;41;NO;
2482;Coche;0.2717;330;4;362;1109;1080;41;NO;
2483;Coche;0.2757;330;4;363;1109;1080;41;NO;
2484;Coche;0.2965;330;4;364;1106;1080;41;NO;
2485;Coche;0.319;330;3;363;1106;1080;41;NO;
2486;Coche;0.2884;330;2;362;1107;1080;41;NO;
2487;Coche;0.3077;330;5;365;1106;1080;41;NO;
2488;Coche;0.3322;330;6;367;1106;1080;41;NO;
2489;Coche;0.3399;330;7;368;1106;1080;41;NO;
2490;Coche;0.3209;330;7;368;1107;1080;41;NO;
2491;Coche;0.2965;330;6;367;1108;1080;41;NO;
2491;Coche;0.6017;334;1769;367;1915;537;42;NO;
2492;Coche;0.3021;330;6;367;1108;1080;42;NO;
2492;Coche;0.6389;334;1754;354;1914;540;42;NO;
2493;Coche;0.2715;330;5;366;1109;1080;42;NO;
2493;Coche;0.6759;334;1751;364;1901;537;42;NO;
2494;Coche;0.2835;330;5;365;1111;1080;42;NO;
2494;Coche;0.7837;334;1743;366;1893;538;42;NO;
2495;Coche;0.2961;330;5;365;1111;1080;42;NO;
2495;Coche;0.6972;334;1720;335;1897;535;42;NO;
2496;Coche;0.2852;330;5;365;1112;1080;42;NO;
2496;Coche;0.6953;334;1711;324;1894;528;42;NO;
2497;Coche;0.2217;330;2;363;1111;1080;42;NO;
2497;Coche;0.8555;334;1702;318;1894;528;42;NO;
2498;Coche;0.2284;330;1;363;1109;1080;42;NO;
2498;Coche;0.8087;334;1694;317;1887;524;42;NO;
2499;Coche;0.2219;330;0;362;1110;1080;42;NO;
2499;Coche;0.7997;334;1685;314;1884;521;42;NO;
2500;Coche;0.2185;330;2;363;1108;1080;42;NO;
2500;Coche;0.8619;334;1681;315;1879;515;42;NO;
2501;Coche;0.1991;330;2;364;1108;1080;42;NO;
2501;Coche;0.8193;334;1675;314;1878;512;42;NO;
2502;Coche;0.2189;330;4;365;1108;1080;42;NO;
2502;Coche;0.7459;334;1665;316;1877;515;42;NO;
2503;Coche;0.2199;330;4;365;1108;1080;42;NO;
2503;Coche;0.7497;334;1659;318;1871;507;42;NO;
2504;Coche;0.2153;330;4;365;1107;1080;42;NO;
2504;Coche;0.8558;334;1655;320;1868;501;42;NO;
2505;Coche;0.2272;330;3;365;1107;1080;42;NO;
2505;Coche;0.8911;334;1650;319;1868;498;42;NO;
2506;Coche;0.2333;330;3;365;1107;1080;42;NO;
2506;Coche;0.9137;334;1643;321;1866;495;42;NO;
2507;Coche;0.2134;330;3;365;1106;1080;42;NO;
2507;Coche;0.8337;334;1638;321;1861;487;42;NO;
2508;Coche;0.2093;330;3;365;1107;1080;42;NO;
2508;Coche;0.8471;334;1621;319;1857;490;42;NO;
2509;Coche;0.2461;330;3;365;1106;1080;42;NO;
2509;Coche;0.7414;334;1620;320;1857;483;42;NO;
2510;Coche;0.2277;330;3;365;1106;1080;42;NO;
2510;Coche;0.4831;334;1616;321;1861;483;42;NO;
2511;Coche;0.2659;330;4;366;1106;1080;42;NO;
2511;Coche;0.5814;334;1577;320;1826;482;42;NO;
2512;Coche;0.2367;330;3;365;1106;1080;42;NO;
2512;Coche;0.3705;334;1562;320;1814;482;42;NO;
2513;Coche;0.2264;330;2;364;1106;1080;42;NO;
2513;Coche;0.3545;334;1552;322;1795;476;42;NO;
2514;Coche;0.2419;330;2;364;1106;1080;42;NO;
2514;Coche;0.2641;334;1536;319;1780;474;42;NO;
2515;Coche;0.2632;330;2;364;1106;1080;42;NO;
2515;Coche;0.3197;334;1530;317;1769;468;42;NO;
2516;Coche;0.2355;330;3;364;1106;1080;42;NO;
2516;Coche;0.1134;334;1548;315;1768;456;42;NO;
2517;Coche;0.2166;330;3;363;1108;1080;42;NO;
2517;Coche;0.1833;334;1537;316;1752;455;42;NO;
2518;Coche;0.2432;330;4;364;1108;1080;42;NO;
2519;Coche;0.2479;330;4;364;1108;1080;42;NO;
2520;Coche;0.2468;330;4;363;1109;1080;42;NO;
2521;Coche;0.2316;330;3;362;1110;1080;42;NO;
2522;Coche;0.2229;330;2;361;1111;1080;42;NO;
2523;Coche;0.2433;330;3;362;1110;1080;42;NO;
2524;Coche;0.253;330;4;363;1109;1080;42;NO;
2525;Coche;0.2852;330;6;366;1107;1080;42;NO;
2526;Coche;0.2917;330;6;366;1107;1080;42;NO;
2527;Coche;0.2756;330;5;366;1107;1080;42;NO;
2528;Coche;0.2676;330;5;366;1107;1080;42;NO;
2529;Coche;0.2184;330;5;365;1109;1080;42;NO;
2530;Coche;0.2343;330;4;364;1109;1080;42;NO;
2531;Coche;0.2527;330;4;365;1108;1080;42;NO;
2532;Coche;0.2698;330;4;365;1108;1080;42;NO;
2533;Coche;0.2489;330;4;365;1108;1080;42;NO;
2534;Coche;0.2377;330;3;364;1109;1080;42;NO;
2535;Coche;0.3206;330;6;367;1108;1080;42;NO;
2536;Coche;0.2438;330;5;366;1110;1080;42;NO;
2537;Coche;0.2999;330;5;365;1112;1080;42;NO;
2538;Coche;0.3293;330;7;367;1111;1080;42;NO;
2539;Coche;0.3419;330;7;369;1110;1080;42;NO;
2540;Coche;0.3356;330;6;369;1110;1080;42;NO;
2541;Coche;0.2739;330;4;366;1112;1080;42;NO;
2542;Coche;0.2257;330;3;365;1114;1080;42;NO;
2543;Coche;0.1786;330;1;361;1116;1080;42;NO;
2544;Coche;0.1638;330;0;359;1118;1080;42;NO;
2545;Coche;0.3383;330;3;365;1111;1080;42;NO;
2546;Coche;0.3629;330;4;369;1107;1080;42;NO;
2547;Coche;0.3704;330;5;371;1106;1080;42;NO;
2548;Coche;0.3014;330;4;370;1107;1080;42;NO;
2549;Coche;0.368;330;6;371;1106;1080;42;NO;
2550;Coche;0.3175;330;5;370;1108;1080;42;NO;
2551;Coche;0.334;330;4;369;1108;1080;42;NO;
2552;Coche;0.3105;330;3;368;1110;1080;42;NO;
2553;Coche;0.3249;330;3;367;1112;1080;42;NO;
2554;Coche;0.293;330;6;369;1112;1080;42;NO;
2555;Coche;0.2716;330;7;370;1111;1080;42;NO;
2556;Coche;0.2711;330;7;372;1110;1080;42;NO;
2557;Coche;0.2538;330;6;370;1111;1080;42;NO;
2558;Coche;0.2897;330;7;371;1111;1080;42;NO;
2559;Coche;0.3448;330;9;373;1112;1080;42;NO;
2560;Coche;0.2889;330;8;372;1114;1080;42;NO;
2561;Coche;0.2716;330;6;369;1116;1080;42;NO;
2562;Coche;0.1943;330;5;366;1119;1080;42;NO;
2563;Coche;0.2006;330;3;365;1119;1080;42;NO;
2564;Coche;0.2214;330;6;369;1117;1080;42;NO;
2565;Coche;0.2451;330;9;371;1117;1080;42;NO;
2566;Coche;0.2502;330;10;374;1116;1080;42;NO;
2567;Coche;0.2803;330;10;374;1117;1080;42;NO;
2568;Coche;0.3021;330;11;376;1116;1080;42;NO;
2569;Coche;0.248;330;9;376;1113;1080;42;NO;
2570;Coche;0.2418;330;7;376;1113;1080;42;NO;
2571;Coche;0.2465;330;7;376;1112;1080;42;NO;
2572;Coche;0.2409;330;7;377;1112;1080;42;NO;
2573;Coche;0.1934;330;6;376;1113;1080;42;NO;
2574;Coche;0.2459;330;8;378;1112;1080;42;NO;
2575;Coche;0.25;330;9;380;1111;1080;42;NO;
2576;Coche;0.2266;330;10;381;1111;1080;42;NO;
2577;Coche;0.2573;330;9;382;1109;1080;42;NO;
2578;Coche;0.2397;330;8;382;1110;1080;42;NO;
2579;Coche;0.248;330;6;382;1109;1080;42;NO;
2580;Coche;0.2422;330;6;382;1109;1080;42;NO;
2581;Coche;0.2304;330;5;381;1109;1080;42;NO;
2582;Coche;0.2377;330;4;380;1110;1080;42;NO;
2583;Coche;0.2071;330;6;380;1112;1080;42;NO;
2584;Coche;0.1977;330;6;380;1113;1080;42;NO;
2585;Coche;0.1857;330;5;379;1113;1080;42;NO;
2586;Coche;0.1947;330;6;381;1112;1080;42;NO;
2587;Coche;0.2208;330;7;382;1112;1080;42;NO;
2588;Coche;0.2331;330;7;383;1111;1080;42;NO;
2589;Coche;0.2514;330;7;383;1111;1080;42;NO;
2590;Coche;0.272;330;7;383;1111;1080;42;NO;
2591;Coche;0.2622;330;6;384;1111;1080;42;NO;
2592;Coche;0.2543;330;7;383;1113;1080;42;NO;
2593;Coche;0.2624;330;4;383;1110;1080;42;NO;
2594;Coche;0.217;330;5;383;1110;1080;42;NO;
2595;Coche;0.2318;330;5;384;1109;1080;42;NO;
2596;Coche;0.2866;330;3;383;1108;1080;42;NO;
2597;Coche;0.2743;330;3;383;1108;1080;42;NO;
2598;Coche;0.2936;330;3;384;1107;1080;42;NO;
2599;Coche;0.2919;330;2;384;1106;1080;42;NO;
2600;Coche;0.2876;330;3;384;1106;1080;42;NO;
2601;Coche;0.2799;330;2;384;1105;1080;42;NO;
2602;Coche;0.2627;330;3;385;1104;1080;42;NO;
2603;Coche;0.2664;330;3;385;1105;1080;42;NO;
2604;Coche;0.2789;330;4;384;1108;1080;42;NO;
2605;Coche;0.3243;330;4;384;1107;1080;42;NO;
2606;Coche;0.245;330;2;383;1107;1080;42;NO;
2607;Coche;0.2579;330;2;382;1107;1080;42;NO;
2607;Coche;0.6627;335;1749;348;1920;554;43;NO;
2607;Coche;0.6537;336;1212;321;1399;507;44;NO;
2608;Coche;0.2516;330;4;383;1109;1080;44;NO;
2608;Coche;0.763;335;1731;317;1920;549;44;NO;
2608;Coche;0.7814;336;1214;320;1401;507;44;NO;
2609;Coche;0.2499;330;4;383;1109;1080;44;NO;
2609;Coche;0.7467;335;1713;298;1920;551;44;NO;
2609;Coche;0.7908;336;1216;320;1404;507;44;NO;
2610;Coche;0.2411;330;3;382;1108;1080;44;NO;
2610;Coche;0.7712;335;1706;294;1919;549;44;NO;
2610;Coche;0.8454;336;1218;322;1405;506;44;NO;
2611;Coche;0.2025;330;2;381;1110;1080;44;NO;
2611;Coche;0.8939;335;1696;298;1913;556;44;NO;
2611;Coche;0.8096;336;1224;323;1406;501;44;NO;
2612;Coche;0.206;330;5;380;1114;1080;44;NO;
2612;Coche;0.7934;335;1693;310;1903;556;44;NO;
2612;Coche;0.8623;336;1226;323;1412;502;44;NO;
2613;Coche;0.2136;330;8;381;1117;1080;44;NO;
2613;Coche;0.7879;335;1689;315;1893;550;44;NO;
2613;Coche;0.8943;336;1226;320;1419;505;44;NO;
2614;Coche;0.2343;330;7;382;1115;1080;44;NO;
2614;Coche;0.6259;335;1686;314;1891;547;44;NO;
2614;Coche;0.9019;336;1226;321;1423;508;44;NO;
2615;Coche;0.2008;330;8;382;1117;1080;44;NO;
2615;Coche;0.7322;335;1680;313;1884;538;44;NO;
2615;Coche;0.9381;336;1226;321;1430;511;44;NO;
2616;Coche;0.1636;330;6;381;1118;1080;44;NO;
2616;Coche;0.8188;335;1672;314;1878;533;44;NO;
2616;Coche;0.9274;336;1230;320;1441;515;44;NO;
2617;Coche;0.1489;330;8;379;1124;1080;44;NO;
2617;Coche;0.5454;335;1666;314;1874;528;44;NO;
2617;Coche;0.9412;336;1232;321;1448;517;44;NO;
2618;Coche;0.1439;330;6;378;1123;1080;44;NO;
2618;Coche;0.6521;335;1664;315;1872;520;44;NO;
2618;Coche;0.9585;336;1232;320;1453;518;44;NO;
2618;Matricula;0.6108;339;1316;467;1390;499;12;SÍ;SIS6SKEP
2619;Coche;0.1157;330;5;377;1124;1080;44;NO;
2619;Coche;0.6629;335;1658;317;1869;517;44;NO;
2619;Coche;0.9659;336;1232;321;1461;523;44;NO;
2619;Matricula;0.3685;339;1324;471;1398;502;12;SÍ;17385KBP
2620;Coche;0.1329;330;2;376;1123;1080;44;NO;
2620;Coche;0.7242;335;1648;318;1868;517;44;NO;
2620;Coche;0.9709;336;1232;321;1470;528;44;NO;
2620;Matricula;0.6606;339;1319;474;1404;510;12;SÍ;SES
2621;Coche;0.105;330;1;376;1121;1080;44;NO;
2621;Coche;0.7191;335;1645;318;1871;515;44;NO;
2621;Coche;0.9695;336;1234;322;1480;532;44;NO;
2621;Matricula;0.6598;339;1327;477;1419;517;12;SÍ;B
2622;Coche;0.1346;330;1;377;1119;1080;44;NO;
2622;Coche;0.5606;335;1638;318;1869;510;44;NO;
2622;Coche;0.9695;336;1243;322;1495;536;44;NO;
2622;Matricula;0.7024;339;1337;481;1431;522;12;SÍ;SEBS
2623;Coche;0.1146;330;2;377;1120;1080;44;NO;
2623;Coche;0.7031;335;1635;319;1864;501;44;NO;
2623;Coche;0.9597;336;1240;323;1507;546;44;NO;
2623;Matricula;0.7188;339;1352;488;1444;527;12;SÍ;51965NEPY
2624;Coche;0.1389;330;1;378;1117;1080;44;NO;
2624;Coche;0.8566;335;1628;321;1863;499;44;NO;
2624;Coche;0.9439;336;1238;323;1518;555;44;NO;
2624;Matricula;0.6497;339;1361;495;1450;533;12;SÍ;B1365KOP
2625;Coche;0.1234;330;3;378;1118;1080;44;NO;
2625;Coche;0.7958;335;1627;318;1868;495;44;NO;
2625;Coche;0.9555;336;1239;323;1532;562;44;NO;
2625;Matricula;0.6957;339;1371;500;1466;540;12;SÍ;N1365KEP
2626;Coche;0.113;330;2;378;1117;1080;44;NO;
2626;Coche;0.8336;335;1614;319;1855;489;44;NO;
2626;Coche;0.9455;336;1244;321;1548;567;44;NO;
2626;Matricula;0.694;339;1382;506;1480;547;12;SÍ;SERED
2627;Coche;0.1197;330;3;378;1118;1080;44;NO;
2627;Coche;0.7276;335;1631;321;1867;483;44;NO;
2627;Coche;0.973;336;1247;321;1565;576;44;NO;
2627;Matricula;0.7563;339;1397;516;1494;557;12;SÍ;T955KEP
2628;Coche;0.1161;330;4;379;1118;1080;44;NO;
2628;Coche;0.6578;335;1639;321;1877;482;44;NO;
2628;Coche;0.9645;336;1248;321;1582;585;44;NO;
2628;Matricula;0.6662;339;1411;524;1511;566;12;SÍ;H1965KBF
2629;Coche;0.3929;335;1631;321;1864;480;44;NO;
2629;Coche;0.9671;336;1255;320;1609;596;44;NO;
2629;Matricula;0.7379;339;1428;531;1532;574;12;SÍ;H65KP
2630;Coche;0.4619;335;1616;321;1846;480;44;NO;
2630;Coche;0.9535;336;1275;320;1655;606;44;NO;
2630;Matricula;0.7512;339;1446;540;1553;584;12;SÍ;W198SKEP
2631;Coche;0.4042;335;1602;317;1823;472;44;NO;
2631;Coche;0.9342;336;1280;320;1681;614;44;NO;
2631;Matricula;0.7389;339;1467;549;1576;593;12;SÍ;N1985KBF
2632;Coche;0.1071;335;1615;315;1826;463;44;NO;
2632;Coche;0.9094;336;1280;320;1699;620;44;NO;
2632;Matricula;0.7584;339;1490;561;1599;605;12;SÍ;38545
2633;Coche;0.8628;336;1281;322;1716;630;44;NO;
2633;Matricula;0.667;339;1513;570;1629;617;12;SÍ;GSS
2634;Coche;0.8997;336;1284;323;1741;644;44;NO;
2634;Matricula;0.7616;339;1539;584;1659;632;12;SÍ;BETES
2635;Coche;0.8757;336;1290;322;1771;656;44;NO;
2635;Matricula;0.698;339;1568;597;1695;647;12;SÍ;
2636;Coche;0.84;336;1298;322;1807;671;44;NO;
2636;Matricula;0.6928;339;1604;612;1735;663;12;SÍ;GE
2637;Coche;0.8535;336;1306;323;1854;692;44;NO;
2637;Matricula;0.7674;339;1637;627;1779;683;12;SÍ;
2638;Coche;0.8718;336;1304;322;1885;711;44;NO;
2638;Matricula;0.6836;339;1678;643;1829;701;12;SÍ;BEE
2639;Coche;0.8856;336;1295;321;1907;732;44;NO;
2639;Matricula;0.7456;339;1727;664;1883;724;12;SÍ;EE
2640;Coche;0.9024;336;1284;320;1920;759;44;NO;
2640;Matricula;0.6361;339;1771;687;1919;744;12;SÍ;
2641;Coche;0.8964;336;1273;320;1920;786;44;NO;
2642;Coche;0.8822;336;1252;323;1920;840;44;NO;
2643;Coche;0.8755;336;1245;326;1920;884;44;NO;
2644;Coche;0.8973;336;1249;327;1920;907;44;NO;
2645;Coche;0.8857;336;1259;324;1920;921;44;NO;
2646;Coche;0.8682;336;1268;325;1920;944;44;NO;
2647;Coche;0.8531;336;1284;332;1920;965;44;NO;
2648;Coche;0.857;336;1320;338;1920;954;44;NO;
2649;Coche;0.859;336;1348;340;1920;943;44;NO;
2650;Coche;0.8307;336;1380;344;1920;940;44;NO;
2651;Coche;0.767;336;1412;350;1920;945;44;NO;
2652;Coche;0.8156;336;1447;356;1920;944;44;NO;
2653;Coche;0.7528;336;1494;361;1920;927;44;NO;
2654;Coche;0.7525;336;1545;372;1920;910;44;NO;
2657;Coche;0.2595;330;0;374;1117;1080;44;NO;
2658;Coche;0.2574;330;1;375;1116;1080;44;NO;
2659;Coche;0.2518;330;1;375;1115;1079;44;NO;
2660;Coche;0.2033;330;0;370;1117;1079;44;NO;
2661;Coche;0.1698;330;0;368;1117;1079;44;NO;
2662;Coche;0.2065;330;1;371;1116;1079;44;NO;
2663;Coche;0.175;330;0;369;1117;1079;44;NO;
2664;Coche;0.2596;330;1;368;1117;1079;44;NO;
2665;Coche;0.1326;330;0;361;1117;1079;44;NO;
2666;Coche;0.2625;330;0;364;1113;1079;44;NO;
2667;Coche;0.1998;330;0;360;1114;1079;44;NO;
2668;Coche;0.2159;330;0;360;1113;1079;44;NO;
2669;Coche;0.2051;330;0;358;1113;1080;44;NO;
2670;Coche;0.106;330;0;351;1117;1080;44;NO;
2670;Coche;0.721;345;1756;328;1920;532;45;NO;
2671;Coche;0.1325;330;0;356;1113;1080;45;NO;
2671;Coche;0.7782;345;1745;316;1920;531;45;NO;
2672;Coche;0.1657;330;0;361;1111;1080;45;NO;
2672;Coche;0.6948;345;1749;347;1910;535;45;NO;
2673;Coche;0.1716;330;2;362;1110;1080;45;NO;
2673;Coche;0.8279;345;1741;335;1907;528;45;NO;
2674;Coche;0.2764;330;6;368;1107;1080;45;NO;
2674;Coche;0.9019;345;1723;321;1908;534;45;NO;
2675;Coche;0.2381;330;7;369;1108;1080;45;NO;
2675;Coche;0.8361;345;1715;321;1900;532;45;NO;
2676;Coche;0.1748;330;6;369;1107;1080;45;NO;
2676;Coche;0.8233;345;1711;322;1894;528;45;NO;
2677;Coche;0.2055;330;6;368;1109;1080;45;NO;
2677;Coche;0.8426;345;1704;321;1890;525;45;NO;
2678;Coche;0.2319;330;6;367;1110;1080;45;NO;
2678;Coche;0.771;345;1697;317;1887;521;45;NO;
2679;Coche;0.2432;330;6;365;1114;1080;45;NO;
2679;Coche;0.7421;345;1689;316;1886;521;45;NO;
2680;Coche;0.2576;330;5;363;1116;1080;45;NO;
2680;Coche;0.848;345;1679;318;1880;520;45;NO;
2681;Coche;0.2138;330;4;362;1116;1080;45;NO;
2681;Coche;0.7531;345;1677;318;1875;510;45;NO;
2682;Coche;0.2399;330;4;365;1113;1080;45;NO;
2682;Coche;0.6547;345;1670;319;1875;509;45;NO;
2683;Coche;0.2361;330;4;365;1111;1080;45;NO;
2683;Coche;0.7578;345;1662;320;1871;506;45;NO;
2684;Coche;0.2499;330;6;368;1109;1080;45;NO;
2684;Coche;0.8277;345;1655;320;1869;502;45;NO;
2685;Coche;0.2717;330;8;370;1110;1080;45;NO;
2685;Coche;0.7593;345;1653;321;1868;494;45;NO;
2686;Coche;0.2504;330;6;368;1111;1080;45;NO;
2686;Coche;0.862;345;1647;322;1868;493;45;NO;
2687;Coche;0.3035;330;5;369;1110;1080;45;NO;
2687;Coche;0.8899;345;1637;322;1869;494;45;NO;
2688;Coche;0.3097;330;5;369;1111;1080;45;NO;
2688;Coche;0.6781;345;1628;320;1864;488;45;NO;
2689;Coche;0.3004;330;4;368;1111;1080;45;NO;
2689;Coche;0.4969;345;1615;321;1852;485;45;NO;
2690;Coche;0.2518;330;0;361;1115;1080;45;NO;
2690;Coche;0.5541;345;1614;320;1859;482;45;NO;
2691;Coche;0.222;330;0;350;1121;1080;45;NO;
2691;Coche;0.5803;345;1600;319;1855;481;45;NO;
2692;Coche;0.2142;330;0;345;1123;1080;45;NO;
2692;Coche;0.434;345;1573;320;1825;479;45;NO;
2693;Coche;0.2464;330;0;350;1118;1080;45;NO;
2693;Coche;0.4213;345;1558;319;1809;476;45;NO;
2694;Coche;0.2154;330;0;348;1119;1080;45;NO;
2694;Coche;0.3651;345;1555;319;1792;464;45;NO;
2695;Coche;0.2366;330;0;349;1118;1080;45;NO;
2695;Coche;0.2286;345;1531;316;1782;470;45;NO;
2696;Coche;0.2352;330;0;348;1117;1080;45;NO;
2696;Coche;0.2251;345;1528;315;1776;467;45;NO;
2697;Coche;0.2613;330;0;356;1110;1080;45;NO;
2697;Coche;0.1804;345;1520;314;1759;460;45;NO;
2698;Coche;0.2445;330;3;359;1108;1080;45;NO;
2698;Coche;0.2522;345;1513;315;1746;456;45;NO;
2699;Coche;0.2519;330;4;360;1108;1080;45;NO;
2699;Coche;0.2766;345;1507;314;1735;452;45;NO;
2700;Coche;0.3081;330;8;365;1105;1080;45;NO;
2700;Coche;0.149;345;1495;313;1728;454;45;NO;
2701;Coche;0.3063;330;11;368;1105;1080;45;NO;
2701;Coche;0.1164;345;1500;312;1719;443;45;NO;
2702;Coche;0.3248;330;9;367;1106;1080;45;NO;
2703;Coche;0.3398;330;8;366;1108;1080;45;NO;
2704;Coche;0.3542;330;8;369;1105;1080;45;NO;
2705;Coche;0.3234;330;6;365;1108;1080;45;NO;
2706;Coche;0.3073;330;3;362;1110;1080;45;NO;
2707;Coche;0.3143;330;1;359;1112;1080;45;NO;
2708;Coche;0.3142;330;0;357;1113;1080;45;NO;
2709;Coche;0.3343;330;3;361;1110;1080;45;NO;
2710;Coche;0.2945;330;2;360;1110;1080;45;NO;
2711;Coche;0.3248;330;3;362;1107;1080;45;NO;
2712;Coche;0.3092;330;5;364;1107;1080;45;NO;
2713;Coche;0.2956;330;6;364;1108;1080;45;NO;
2714;Coche;0.2696;330;5;362;1111;1080;45;NO;
2715;Coche;0.2611;330;4;360;1112;1080;45;NO;
2716;Coche;0.2499;330;4;361;1112;1080;45;NO;
2717;Coche;0.2486;330;4;360;1112;1080;45;NO;
2718;Coche;0.2506;330;3;360;1112;1080;45;NO;
2719;Coche;0.2273;330;1;357;1113;1080;45;NO;
2720;Coche;0.2357;330;1;357;1112;1080;45;NO;
2721;Coche;0.2036;330;0;356;1113;1080;45;NO;
2722;Coche;0.1682;330;0;352;1115;1080;45;NO;
2723;Coche;0.1628;330;0;350;1116;1080;45;NO;
2724;Coche;0.2079;330;0;350;1116;1080;45;NO;
2725;Coche;0.1769;330;0;348;1117;1080;45;NO;
2726;Coche;0.1867;330;0;350;1114;1080;45;NO;
2727;Coche;0.2065;330;2;354;1112;1080;45;NO;
2728;Coche;0.1901;330;2;355;1110;1080;45;NO;
2729;Coche;0.1841;330;1;352;1112;1080;45;NO;
2730;Coche;0.1719;330;0;351;1112;1080;45;NO;
2731;Coche;0.168;330;0;348;1116;1080;45;NO;
2732;Coche;0.1365;330;0;344;1119;1080;45;NO;
2733;Coche;0.1307;330;0;339;1122;1080;45;NO;
2734;Coche;0.1233;330;0;342;1119;1080;45;NO;
2735;Coche;0.1248;330;0;343;1116;1080;45;NO;
2736;Coche;0.1594;330;1;349;1111;1080;45;NO;
2737;Coche;0.1283;330;5;352;1110;1080;45;NO;
2738;Coche;0.1577;330;8;357;1107;1080;45;NO;
2739;Coche;0.1591;330;9;359;1107;1080;45;NO;
2740;Coche;0.1947;330;9;362;1104;1080;45;NO;
2741;Coche;0.2316;330;10;365;1102;1080;45;NO;
2742;Coche;0.2177;330;11;366;1102;1080;45;NO;
2743;Coche;0.1826;330;9;364;1104;1080;45;NO;
2744;Coche;0.1597;330;6;360;1108;1080;45;NO;
2745;Coche;0.2077;330;7;362;1106;1080;45;NO;
2746;Coche;0.2027;330;6;363;1105;1080;45;NO;
2747;Coche;0.1979;330;7;363;1106;1080;45;NO;
2748;Coche;0.2485;330;8;366;1104;1080;45;NO;
2749;Coche;0.1863;330;6;364;1104;1080;45;NO;
2750;Coche;0.2092;330;5;364;1104;1080;45;NO;
2751;Coche;0.2312;330;6;366;1102;1080;45;NO;
2752;Coche;0.2409;330;7;368;1102;1080;45;NO;
2753;Coche;0.2161;330;6;367;1102;1080;45;NO;
2754;Coche;0.1998;330;5;366;1103;1080;45;NO;
2755;Coche;0.1929;330;2;363;1104;1080;45;NO;
2756;Coche;0.2325;330;4;364;1104;1080;45;NO;
2757;Coche;0.224;330;3;364;1103;1080;45;NO;
2758;Coche;0.2646;330;4;366;1101;1080;45;NO;
2759;Coche;0.2754;330;5;367;1101;1080;45;NO;
2760;Coche;0.2988;330;6;368;1101;1080;45;NO;
2761;Coche;0.3479;330;5;369;1099;1080;45;NO;
2762;Coche;0.3183;330;4;368;1099;1080;45;NO;
2763;Coche;0.3091;330;4;367;1101;1080;45;NO;
2764;Coche;0.2974;330;3;366;1101;1080;45;NO;
2765;Coche;0.3065;330;3;366;1102;1080;45;NO;
2766;Coche;0.3163;330;4;367;1101;1080;45;NO;
2767;Coche;0.3054;330;4;366;1102;1080;45;NO;
2768;Coche;0.329;330;4;367;1101;1080;45;NO;
2769;Coche;0.3453;330;5;368;1100;1080;45;NO;
2770;Coche;0.3497;330;4;369;1099;1080;45;NO;
2771;Coche;0.3445;330;5;369;1099;1080;45;NO;
2772;Coche;0.3415;330;6;370;1099;1080;45;NO;
2773;Coche;0.3376;330;4;369;1099;1080;45;NO;
2774;Coche;0.332;330;4;369;1100;1080;45;NO;
2775;Coche;0.3726;330;3;370;1097;1080;45;NO;
2776;Coche;0.3812;330;3;371;1095;1080;45;NO;
2777;Coche;0.3853;330;3;371;1094;1080;45;NO;
2778;Coche;0.3954;330;3;371;1094;1080;45;NO;
2779;Coche;0.3686;330;1;368;1096;1080;45;NO;
2780;Coche;0.352;330;1;367;1098;1080;45;NO;
2781;Coche;0.3296;330;0;364;1100;1080;45;NO;
2782;Coche;0.3367;330;2;365;1101;1080;45;NO;
2783;Coche;0.3372;330;3;365;1101;1080;45;NO;
2784;Coche;0.3332;330;3;366;1101;1080;45;NO;
2785;Coche;0.2936;330;2;364;1102;1080;45;NO;
2786;Coche;0.288;330;2;364;1103;1080;45;NO;
2787;Coche;0.2979;330;3;363;1103;1080;45;NO;
2788;Coche;0.3071;330;2;363;1103;1080;45;NO;
2789;Coche;0.3177;330;2;363;1102;1080;45;NO;
2790;Coche;0.3309;330;1;363;1101;1080;45;NO;
2791;Coche;0.3108;330;0;362;1100;1080;45;NO;
2792;Coche;0.3358;330;1;363;1099;1080;45;NO;
2793;Coche;0.3067;330;1;363;1100;1080;45;NO;
2794;Coche;0.3126;330;3;363;1100;1080;45;NO;
2795;Coche;0.3208;330;4;364;1100;1080;45;NO;
2796;Coche;0.3363;330;3;365;1099;1080;45;NO;
2797;Coche;0.2789;330;0;361;1100;1080;45;NO;
2798;Coche;0.3062;330;1;362;1100;1080;45;NO;
2799;Coche;0.3239;330;1;361;1100;1080;45;NO;
2800;Coche;0.3294;330;2;361;1101;1080;45;NO;
2801;Coche;0.3188;330;2;361;1102;1080;45;NO;
2802;Coche;0.3471;330;2;362;1099;1080;45;NO;
2803;Coche;0.3265;330;3;361;1101;1080;45;NO;
2804;Coche;0.1953;330;0;357;1103;1080;45;NO;
2805;Coche;0.291;330;3;360;1103;1080;45;NO;
2806;Coche;0.3316;330;9;363;1105;1080;45;NO;
2807;Coche;0.2585;330;5;361;1105;1080;45;NO;
2808;Coche;0.3062;330;4;362;1103;1080;45;NO;
2809;Coche;0.3429;330;6;365;1101;1080;45;NO;
2810;Coche;0.3046;330;5;366;1099;1080;45;NO;
2811;Coche;0.3513;330;6;366;1099;1080;45;NO;
2812;Coche;0.3706;330;11;370;1101;1080;45;NO;
2813;Coche;0.2832;330;7;368;1100;1080;45;NO;
2814;Coche;0.2585;330;6;367;1101;1080;45;NO;
2815;Coche;0.3432;330;5;365;1103;1080;45;NO;
2816;Coche;0.3256;330;7;367;1104;1080;45;NO;
2817;Coche;0.3926;330;9;370;1103;1080;45;NO;
2818;Coche;0.4133;330;10;371;1104;1080;45;NO;
2819;Coche;0.2998;330;2;364;1105;1080;45;NO;
2820;Coche;0.2618;330;1;361;1108;1080;45;NO;
2821;Coche;0.3028;330;0;361;1107;1080;45;NO;
2822;Coche;0.2511;330;0;361;1105;1080;45;NO;
2823;Coche;0.2703;330;4;363;1107;1080;45;NO;
2824;Coche;0.2602;330;4;362;1108;1080;45;NO;
2825;Coche;0.2572;330;5;365;1107;1080;45;NO;
2826;Coche;0.3472;330;8;367;1107;1080;45;NO;
2827;Coche;0.3788;330;6;368;1104;1080;45;NO;
2828;Coche;0.3042;330;4;366;1106;1080;45;NO;
2829;Coche;0.3623;330;6;368;1105;1080;45;NO;
2830;Coche;0.3192;330;6;368;1105;1080;45;NO;
2831;Coche;0.3115;330;4;365;1108;1080;45;NO;
2832;Coche;0.3513;330;5;367;1106;1080;45;NO;
