fotograma;tipo_objeto;confianza_deteccion;identificador_tracking;x1;y1;x2;y2;matrícula_detectada;x1_matrícula;y1_matrícula;x2_matrícula;y2_matrícula;texto_matricula_ocr;tiempo_yolo;tiempo_ocr
1;car;0.29;1;3;367;1113;1080;NO;;;;;;2.1609;0.0000
2;car;0.29;1;3;366;1115;1080;NO;;;;;;0.0003;0.0000
3;car;0.27;1;2;365;1115;1080;NO;;;;;;0.0006;0.0000
4;car;0.23;1;1;364;1115;1080;NO;;;;;;0.0002;0.0000
5;car;0.23;1;0;364;1115;1080;NO;;;;;;0.0003;0.0000
6;car;0.22;1;2;365;1115;1080;NO;;;;;;0.0003;0.0000
7;car;0.25;1;2;366;1113;1080;NO;;;;;;0.0002;0.0000
8;car;0.28;1;2;366;1113;1080;NO;;;;;;0.0004;0.0000
9;car;0.28;1;4;368;1113;1080;NO;;;;;;0.0002;0.0000
10;car;0.26;1;4;367;1114;1080;NO;;;;;;0.0002;0.0000
11;car;0.24;1;4;367;1114;1080;NO;;;;;;0.0002;0.0000
11;car;0.46;3;1382;88;1919;490;NO;;;;;;0.0002;0.0000
12;car;0.26;1;4;367;1114;1080;NO;;;;;;0.0002;0.0000
12;car;0.51;3;1384;92;1912;487;NO;;;;;;0.0002;0.0000
13;car;0.28;1;3;366;1115;1080;NO;;;;;;0.0003;0.0000
13;car;0.19;3;1390;97;1896;475;NO;;;;;;0.0003;0.0000
14;car;0.28;1;2;365;1116;1080;NO;;;;;;0.0002;0.0000
15;car;0.23;1;0;361;1119;1080;NO;;;;;;0.0003;0.0000
16;car;0.22;1;0;360;1121;1080;NO;;;;;;0.0002;0.0000
17;car;0.2;1;0;358;1121;1080;NO;;;;;;0.0002;0.0000
17;car;0.25;3;1416;111;1867;443;NO;;;;;;0.0002;0.0000
18;car;0.23;1;0;358;1121;1080;NO;;;;;;0.0002;0.0000
18;car;0.23;3;1424;117;1856;429;NO;;;;;;0.0002;0.0000
19;car;0.24;1;1;358;1122;1080;NO;;;;;;0.0002;0.0000
19;car;0.16;3;1390;114;1838;436;NO;;;;;;0.0002;0.0000
20;car;0.23;1;2;359;1123;1080;NO;;;;;;0.0002;0.0000
20;car;0.47;3;1410;122;1844;426;NO;;;;;;0.0002;0.0000
21;car;0.28;1;2;359;1122;1080;NO;;;;;;0.0002;0.0000
21;car;0.11;3;1377;122;1819;431;NO;;;;;;0.0002;0.0000
22;car;0.22;1;2;360;1121;1080;NO;;;;;;0.0002;0.0000
22;car;0.21;3;1369;124;1806;429;NO;;;;;;0.0002;0.0000
23;car;0.22;1;2;360;1121;1080;NO;;;;;;0.0002;0.0000
23;car;0.25;3;1375;125;1820;434;NO;;;;;;0.0002;0.0000
24;car;0.21;1;3;360;1122;1080;NO;;;;;;0.0004;0.0000
24;car;0.66;3;1363;128;1810;439;NO;;;;;;0.0004;0.0000
25;car;0.24;1;2;359;1121;1080;NO;;;;;;0.0003;0.0000
25;car;0.56;3;1390;129;1849;441;NO;;;;;;0.0003;0.0000
26;car;0.24;1;2;360;1119;1080;NO;;;;;;0.0003;0.0000
26;car;0.79;3;1354;132;1802;439;NO;;;;;;0.0003;0.0000
27;car;0.24;1;1;359;1119;1080;NO;;;;;;0.0002;0.0000
27;car;0.79;3;1345;132;1782;435;NO;;;;;;0.0002;0.0000
28;car;0.23;1;1;359;1120;1080;NO;;;;;;0.0002;0.0000
28;car;0.92;3;1343;136;1766;431;NO;;;;;;0.0002;0.0000
29;car;0.18;1;1;356;1124;1080;NO;;;;;;0.0002;0.0000
29;car;0.9;3;1342;139;1757;430;NO;;;;;;0.0002;0.0000
29;car;0.57;4;1772;21;1917;398;NO;;;;;;0.0002;0.0000
30;car;0.24;1;0;357;1122;1080;NO;;;;;;0.0003;0.0000
30;car;0.86;3;1344;143;1747;426;NO;;;;;;0.0003;0.0000
30;car;0.55;4;1771;20;1916;397;NO;;;;;;0.0003;0.0000
31;car;0.23;1;1;357;1121;1080;NO;;;;;;0.0005;0.0000
31;car;0.8;3;1344;147;1733;422;NO;;;;;;0.0005;0.0000
31;car;0.42;4;1769;16;1917;399;NO;;;;;;0.0005;0.0000
32;car;0.24;1;4;359;1122;1080;NO;;;;;;0.0002;0.0000
32;car;0.83;3;1341;149;1724;420;NO;;;;;;0.0002;0.0000
32;car;0.27;4;1769;13;1919;402;NO;;;;;;0.0002;0.0000
33;car;0.28;1;7;362;1121;1080;NO;;;;;;0.0003;0.0000
33;car;0.78;3;1340;150;1717;419;NO;;;;;;0.0003;0.0000
34;car;0.31;1;8;365;1119;1080;NO;;;;;;0.0002;0.0000
34;car;0.59;3;1342;151;1715;416;NO;;;;;;0.0002;0.0000
35;car;0.33;1;8;366;1119;1080;NO;;;;;;0.0003;0.0000
35;car;0.69;3;1336;151;1707;417;NO;;;;;;0.0003;0.0000
36;car;0.37;1;7;367;1117;1080;NO;;;;;;0.0002;0.0000
36;car;0.76;3;1333;152;1699;417;NO;;;;;;0.0002;0.0000
37;car;0.42;1;7;368;1116;1080;NO;;;;;;0.0002;0.0000
37;car;0.79;3;1336;156;1691;415;NO;;;;;;0.0002;0.0000
38;car;0.42;1;8;369;1115;1080;NO;;;;;;0.0002;0.0000
38;car;0.85;3;1340;158;1689;415;NO;;;;;;0.0002;0.0000
39;car;0.44;1;7;370;1114;1080;NO;;;;;;0.0004;0.0000
39;car;0.77;3;1340;162;1678;413;NO;;;;;;0.0004;0.0000
40;car;0.45;1;5;370;1112;1080;NO;;;;;;0.0002;0.0000
40;car;0.7;3;1341;162;1669;409;NO;;;;;;0.0002;0.0000
41;car;0.38;1;5;369;1113;1080;NO;;;;;;0.0002;0.0000
41;car;0.73;3;1347;164;1663;404;NO;;;;;;0.0002;0.0000
41;car;0.35;4;1769;14;1918;403;NO;;;;;;0.0002;0.0000
42;car;0.38;1;5;368;1115;1080;NO;;;;;;0.0003;0.0000
42;car;0.75;3;1344;166;1657;405;NO;;;;;;0.0003;0.0000
42;car;0.4;4;1768;16;1918;403;NO;;;;;;0.0003;0.0000
43;car;0.39;1;5;367;1117;1080;NO;;;;;;0.0003;0.0000
43;car;0.65;3;1343;170;1652;406;NO;;;;;;0.0003;0.0000
43;car;0.44;4;1768;17;1917;402;NO;;;;;;0.0003;0.0000
44;car;0.39;1;5;367;1117;1080;NO;;;;;;0.0002;0.0000
44;car;0.7;3;1344;174;1649;409;NO;;;;;;0.0002;0.0000
44;car;0.44;4;1769;17;1918;402;NO;;;;;;0.0002;0.0000
45;car;0.4;1;3;367;1115;1080;NO;;;;;;0.0002;0.0000
45;car;0.54;3;1342;176;1643;407;NO;;;;;;0.0002;0.0000
45;car;0.49;4;1769;18;1917;401;NO;;;;;;0.0002;0.0000
46;car;0.38;1;3;366;1116;1080;NO;;;;;;0.0002;0.0000
46;car;0.7;3;1342;178;1634;403;NO;;;;;;0.0002;0.0000
46;car;0.49;4;1769;20;1917;401;NO;;;;;;0.0002;0.0000
47;car;0.39;1;3;366;1116;1080;NO;;;;;;0.0002;0.0000
47;car;0.67;3;1339;179;1630;404;NO;;;;;;0.0002;0.0000
47;car;0.5;4;1768;20;1917;401;NO;;;;;;0.0002;0.0000
48;car;0.38;1;3;366;1117;1080;NO;;;;;;0.0002;0.0000
48;car;0.65;3;1335;181;1627;408;NO;;;;;;0.0002;0.0000
48;car;0.5;4;1768;21;1917;401;NO;;;;;;0.0002;0.0000
49;car;0.35;1;4;368;1115;1080;NO;;;;;;0.0004;0.0000
49;car;0.65;3;1334;181;1619;405;NO;;;;;;0.0004;0.0000
49;car;0.55;4;1769;27;1915;399;NO;;;;;;0.0004;0.0000
50;car;0.34;1;5;368;1115;1080;NO;;;;;;0.0003;0.0000
50;car;0.78;3;1335;181;1615;403;NO;;;;;;0.0003;0.0000
50;car;0.55;4;1769;28;1915;398;NO;;;;;;0.0003;0.0000
51;car;0.35;1;5;368;1117;1080;NO;;;;;;0.0002;0.0000
51;car;0.78;3;1336;182;1611;401;NO;;;;;;0.0002;0.0000
51;car;0.53;4;1768;29;1915;398;NO;;;;;;0.0002;0.0000
52;car;0.37;1;6;368;1118;1080;NO;;;;;;0.0002;0.0000
52;car;0.83;3;1337;182;1606;397;NO;;;;;;0.0002;0.0000
52;car;0.55;4;1768;29;1915;398;NO;;;;;;0.0002;0.0000
53;car;0.36;1;5;368;1118;1080;NO;;;;;;0.0002;0.0000
53;car;0.54;3;1340;183;1601;393;NO;;;;;;0.0002;0.0000
53;car;0.57;4;1768;28;1916;397;NO;;;;;;0.0002;0.0000
54;car;0.37;1;5;368;1118;1080;NO;;;;;;0.0002;0.0000
54;car;0.49;3;1356;184;1606;389;NO;;;;;;0.0002;0.0000
54;car;0.56;4;1767;26;1917;398;NO;;;;;;0.0002;0.0000
55;car;0.37;1;5;367;1119;1080;NO;;;;;;0.0002;0.0000
55;car;0.51;3;1349;184;1596;389;NO;;;;;;0.0002;0.0000
55;car;0.52;4;1766;24;1917;398;NO;;;;;;0.0002;0.0000
56;car;0.35;1;4;367;1119;1080;NO;;;;;;0.0002;0.0000
56;car;0.37;3;1356;185;1602;391;NO;;;;;;0.0002;0.0000
56;car;0.58;4;1766;23;1917;398;NO;;;;;;0.0002;0.0000
57;car;0.38;1;5;367;1119;1080;NO;;;;;;0.0002;0.0000
57;car;0.12;3;1360;185;1601;391;NO;;;;;;0.0002;0.0000
57;car;0.61;4;1766;23;1917;397;NO;;;;;;0.0002;0.0000
58;car;0.38;1;5;368;1119;1080;NO;;;;;;0.0002;0.0000
58;car;0.17;3;1365;186;1599;389;NO;;;;;;0.0002;0.0000
58;car;0.6;4;1766;22;1917;397;NO;;;;;;0.0002;0.0000
59;car;0.38;1;6;368;1120;1080;NO;;;;;;0.0002;0.0000
59;car;0.23;3;1364;188;1593;391;NO;;;;;;0.0002;0.0000
59;car;0.57;4;1765;22;1918;397;NO;;;;;;0.0002;0.0000
60;car;0.37;1;6;368;1122;1080;NO;;;;;;0.0002;0.0000
60;car;0.26;3;1368;190;1588;388;NO;;;;;;0.0002;0.0000
60;car;0.56;4;1765;22;1918;397;NO;;;;;;0.0002;0.0000
61;car;0.38;1;5;368;1120;1080;NO;;;;;;0.0002;0.0000
61;car;0.29;3;1368;190;1585;389;NO;;;;;;0.0002;0.0000
61;car;0.55;4;1765;21;1918;397;NO;;;;;;0.0002;0.0000
62;car;0.36;1;5;369;1119;1080;NO;;;;;;0.0002;0.0000
62;car;0.14;3;1371;190;1582;388;NO;;;;;;0.0002;0.0000
62;car;0.59;4;1765;21;1918;396;NO;;;;;;0.0002;0.0000
63;car;0.39;1;6;370;1119;1080;NO;;;;;;0.0003;0.0000
63;car;0.15;3;1372;191;1581;391;NO;;;;;;0.0003;0.0000
63;car;0.57;4;1764;21;1918;397;NO;;;;;;0.0003;0.0000
64;car;0.39;1;6;370;1119;1080;NO;;;;;;0.0002;0.0000
64;car;0.54;4;1764;20;1918;397;NO;;;;;;0.0002;0.0000
65;car;0.38;1;6;370;1119;1080;NO;;;;;;0.0003;0.0000
65;car;0.53;4;1764;21;1918;397;NO;;;;;;0.0003;0.0000
66;car;0.38;1;6;370;1120;1080;NO;;;;;;0.0002;0.0000
66;car;0.54;4;1764;20;1918;397;NO;;;;;;0.0002;0.0000
66;car;0.3;3;1369;192;1566;386;NO;;;;;;0.0002;0.0000
67;car;0.38;1;7;371;1121;1080;NO;;;;;;0.0002;0.0000
67;car;0.56;4;1764;20;1918;397;NO;;;;;;0.0002;0.0000
67;car;0.16;3;1365;193;1557;387;NO;;;;;;0.0002;0.0000
68;car;0.38;1;8;371;1122;1080;NO;;;;;;0.0002;0.0000
68;car;0.57;4;1764;21;1918;396;NO;;;;;;0.0002;0.0000
69;car;0.37;1;7;371;1122;1080;NO;;;;;;0.0002;0.0000
69;car;0.57;4;1764;22;1918;396;NO;;;;;;0.0002;0.0000
70;car;0.37;1;6;371;1123;1080;NO;;;;;;0.0003;0.0000
70;car;0.52;4;1764;22;1918;396;NO;;;;;;0.0003;0.0000
71;car;0.36;1;6;371;1124;1080;NO;;;;;;0.0003;0.0000
71;car;0.5;4;1764;21;1919;396;NO;;;;;;0.0003;0.0000
72;car;0.36;1;6;370;1125;1080;NO;;;;;;0.0002;0.0000
72;car;0.48;4;1764;21;1919;397;NO;;;;;;0.0002;0.0000
73;car;0.39;1;7;371;1125;1080;NO;;;;;;0.0003;0.0000
73;car;0.47;4;1765;18;1920;399;NO;;;;;;0.0003;0.0000
74;car;0.39;1;6;372;1124;1080;NO;;;;;;0.0002;0.0000
74;car;0.47;4;1765;19;1920;398;NO;;;;;;0.0002;0.0000
75;car;0.38;1;6;372;1123;1080;NO;;;;;;0.0002;0.0000
75;car;0.49;4;1765;20;1919;397;NO;;;;;;0.0002;0.0000
76;car;0.38;1;5;372;1123;1080;NO;;;;;;0.0002;0.0000
76;car;0.49;4;1765;20;1919;397;NO;;;;;;0.0002;0.0000
77;car;0.37;1;5;372;1123;1080;NO;;;;;;0.0002;0.0000
77;car;0.5;4;1765;18;1920;399;NO;;;;;;0.0002;0.0000
78;car;0.37;1;6;372;1125;1080;NO;;;;;;0.0002;0.0000
78;car;0.51;4;1765;18;1920;400;NO;;;;;;0.0002;0.0000
79;car;0.36;1;6;372;1125;1080;NO;;;;;;0.0002;0.0000
79;car;0.5;4;1766;17;1920;400;NO;;;;;;0.0002;0.0000
80;car;0.36;1;6;372;1126;1080;NO;;;;;;0.0002;0.0000
80;car;0.5;4;1766;17;1920;400;NO;;;;;;0.0002;0.0000
81;car;0.36;1;6;372;1127;1080;NO;;;;;;0.0002;0.0000
81;car;0.51;4;1766;17;1920;401;NO;;;;;;0.0002;0.0000
82;car;0.35;1;7;372;1128;1080;NO;;;;;;0.0003;0.0000
82;car;0.49;4;1766;17;1920;401;NO;;;;;;0.0003;0.0000
83;car;0.36;1;7;372;1128;1080;NO;;;;;;0.0004;0.0000
83;car;0.47;4;1767;17;1920;400;NO;;;;;;0.0004;0.0000
84;car;0.36;1;7;373;1128;1080;NO;;;;;;0.0003;0.0000
84;car;0.48;4;1767;17;1920;400;NO;;;;;;0.0003;0.0000
85;car;0.33;1;6;372;1128;1080;NO;;;;;;0.0002;0.0000
85;car;0.48;4;1767;16;1920;400;NO;;;;;;0.0002;0.0000
86;car;0.33;1;6;373;1127;1080;NO;;;;;;0.0001;0.0000
86;car;0.48;4;1767;16;1920;399;NO;;;;;;0.0001;0.0000
87;car;0.33;1;6;373;1127;1080;NO;;;;;;0.0002;0.0000
87;car;0.55;4;1767;18;1918;396;NO;;;;;;0.0002;0.0000
88;car;0.32;1;5;373;1127;1080;NO;;;;;;0.0002;0.0000
88;car;0.55;4;1767;19;1918;395;NO;;;;;;0.0002;0.0000
89;car;0.31;1;5;372;1128;1080;NO;;;;;;0.0002;0.0000
89;car;0.53;4;1767;19;1918;395;NO;;;;;;0.0002;0.0000
90;car;0.32;1;4;372;1127;1080;NO;;;;;;0.0004;0.0000
90;car;0.54;4;1767;19;1918;395;NO;;;;;;0.0004;0.0000
91;car;0.32;1;4;372;1127;1080;NO;;;;;;0.0003;0.0000
91;car;0.55;4;1767;18;1918;395;NO;;;;;;0.0003;0.0000
92;car;0.31;1;4;371;1129;1080;NO;;;;;;0.0002;0.0000
92;car;0.51;4;1766;18;1918;395;NO;;;;;;0.0002;0.0000
93;car;0.31;1;4;371;1129;1080;NO;;;;;;0.0002;0.0000
93;car;0.51;4;1766;17;1918;395;NO;;;;;;0.0002;0.0000
94;car;0.32;1;4;372;1128;1080;NO;;;;;;0.0002;0.0000
94;car;0.51;4;1766;18;1918;395;NO;;;;;;0.0002;0.0000
95;car;0.34;1;5;373;1128;1080;NO;;;;;;0.0002;0.0000
95;car;0.53;4;1766;18;1918;395;NO;;;;;;0.0002;0.0000
96;car;0.34;1;6;373;1129;1080;NO;;;;;;0.0002;0.0000
96;car;0.52;4;1766;18;1918;395;NO;;;;;;0.0002;0.0000
97;car;0.34;1;4;372;1130;1080;NO;;;;;;0.0002;0.0000
97;car;0.46;4;1766;17;1919;398;NO;;;;;;0.0002;0.0000
98;car;0.34;1;4;371;1130;1080;NO;;;;;;0.0003;0.0000
98;car;0.48;4;1766;19;1918;397;NO;;;;;;0.0003;0.0000
99;car;0.33;1;3;370;1131;1080;NO;;;;;;0.0003;0.0000
99;car;0.49;4;1766;20;1918;397;NO;;;;;;0.0003;0.0000
100;car;0.35;1;2;369;1130;1080;NO;;;;;;0.0002;0.0000
100;car;0.48;4;1766;21;1918;397;NO;;;;;;0.0002;0.0000
101;car;0.31;1;1;369;1130;1080;NO;;;;;;0.0003;0.0000
101;car;0.47;4;1766;22;1918;397;NO;;;;;;0.0003;0.0000
102;car;0.33;1;1;369;1130;1080;NO;;;;;;0.0002;0.0000
102;car;0.47;4;1766;23;1918;397;NO;;;;;;0.0002;0.0000
103;car;0.33;1;2;369;1130;1080;NO;;;;;;0.0002;0.0000
103;car;0.49;4;1766;25;1918;397;NO;;;;;;0.0002;0.0000
104;car;0.36;1;2;371;1128;1080;NO;;;;;;0.0003;0.0000
104;car;0.5;4;1767;25;1918;397;NO;;;;;;0.0003;0.0000
105;car;0.37;1;2;371;1128;1080;NO;;;;;;0.0002;0.0000
105;car;0.51;4;1767;26;1918;397;NO;;;;;;0.0002;0.0000
106;car;0.37;1;2;371;1128;1080;NO;;;;;;0.0002;0.0000
106;car;0.52;4;1767;27;1918;397;NO;;;;;;0.0002;0.0000
107;car;0.35;1;2;371;1129;1080;NO;;;;;;0.0003;0.0000
107;car;0.53;4;1767;27;1918;396;NO;;;;;;0.0003;0.0000
108;car;0.33;1;4;371;1129;1080;NO;;;;;;0.0003;0.0000
108;car;0.54;4;1767;26;1918;396;NO;;;;;;0.0003;0.0000
109;car;0.37;1;4;373;1128;1080;NO;;;;;;0.0002;0.0000
109;car;0.58;4;1766;24;1918;397;NO;;;;;;0.0002;0.0000
109;car;0.36;6;0;228;115;489;NO;;;;;;0.0002;0.0000
110;car;0.32;1;4;372;1128;1080;NO;;;;;;0.0004;0.0000
110;car;0.58;4;1766;23;1919;396;NO;;;;;;0.0004;0.0000
111;car;0.31;1;5;374;1127;1080;NO;;;;;;0.0002;0.0000
111;car;0.58;4;1766;23;1919;397;NO;;;;;;0.0002;0.0000
111;car;0.82;6;15;238;136;500;NO;;;;;;0.0002;0.0000
112;car;0.37;1;5;374;1127;1080;NO;;;;;;0.0002;0.0000
112;car;0.59;4;1766;23;1919;397;NO;;;;;;0.0002;0.0000
112;car;0.64;6;19;242;139;497;NO;;;;;;0.0002;0.0000
113;car;0.37;1;4;374;1127;1080;NO;;;;;;0.0003;0.0000
113;car;0.57;4;1766;22;1919;397;NO;;;;;;0.0003;0.0000
114;car;0.38;1;4;374;1127;1080;NO;;;;;;0.0003;0.0000
114;car;0.57;4;1765;22;1919;397;NO;;;;;;0.0003;0.0000
114;car;0.67;6;19;248;139;499;NO;;;;;;0.0003;0.0000
115;car;0.41;1;3;373;1128;1080;NO;;;;;;0.0002;0.0000
115;car;0.55;4;1765;21;1919;397;NO;;;;;;0.0002;0.0000
115;car;0.52;6;19;246;138;491;NO;;;;;;0.0002;0.0000
116;car;0.44;1;3;372;1129;1080;NO;;;;;;0.0002;0.0000
116;car;0.54;4;1765;20;1919;397;NO;;;;;;0.0002;0.0000
116;car;0.44;6;7;249;125;489;NO;;;;;;0.0002;0.0000
117;car;0.43;1;3;373;1127;1080;NO;;;;;;0.0002;0.0000
117;car;0.53;4;1765;21;1919;397;NO;;;;;;0.0002;0.0000
117;car;0.26;6;10;257;122;483;NO;;;;;;0.0002;0.0000
118;car;0.42;1;4;374;1127;1080;NO;;;;;;0.0002;0.0000
118;car;0.51;4;1766;20;1919;397;NO;;;;;;0.0002;0.0000
119;car;0.38;1;4;375;1126;1080;NO;;;;;;0.0002;0.0000
119;car;0.51;4;1766;21;1919;397;NO;;;;;;0.0002;0.0000
120;car;0.38;1;5;376;1125;1080;NO;;;;;;0.0002;0.0000
120;car;0.51;4;1766;21;1919;397;NO;;;;;;0.0002;0.0000
121;car;0.36;1;5;377;1124;1080;NO;;;;;;0.0002;0.0000
121;car;0.48;4;1766;18;1920;398;NO;;;;;;0.0002;0.0000
122;car;0.34;1;5;378;1123;1080;NO;;;;;;0.0003;0.0000
122;car;0.48;4;1766;17;1920;399;NO;;;;;;0.0003;0.0000
123;car;0.32;1;5;378;1123;1080;NO;;;;;;0.0003;0.0000
123;car;0.49;4;1766;17;1920;400;NO;;;;;;0.0003;0.0000
124;car;0.33;1;6;378;1124;1080;NO;;;;;;0.0002;0.0000
124;car;0.49;4;1766;16;1920;400;NO;;;;;;0.0002;0.0000
125;car;0.3;1;5;377;1125;1080;NO;;;;;;0.0002;0.0000
125;car;0.48;4;1767;16;1920;400;NO;;;;;;0.0002;0.0000
126;car;0.33;1;5;377;1126;1080;NO;;;;;;0.0004;0.0000
126;car;0.5;4;1767;16;1920;400;NO;;;;;;0.0004;0.0000
127;car;0.31;1;6;377;1128;1080;NO;;;;;;0.0002;0.0000
127;car;0.49;4;1767;16;1920;400;NO;;;;;;0.0002;0.0000
128;car;0.29;1;6;378;1126;1080;NO;;;;;;0.0002;0.0000
128;car;0.5;4;1767;16;1920;400;NO;;;;;;0.0002;0.0000
129;car;0.27;1;5;378;1125;1080;NO;;;;;;0.0002;0.0000
129;car;0.49;4;1767;16;1920;401;NO;;;;;;0.0002;0.0000
129;car;0.59;6;42;236;182;485;NO;;;;;;0.0002;0.0000
130;car;0.29;1;4;378;1124;1080;NO;;;;;;0.0003;0.0000
130;car;0.48;4;1767;16;1920;401;NO;;;;;;0.0003;0.0000
130;car;0.2;6;38;235;188;478;NO;;;;;;0.0003;0.0000
131;car;0.29;1;4;378;1124;1080;NO;;;;;;0.0003;0.0000
131;car;0.49;4;1767;15;1920;400;NO;;;;;;0.0003;0.0000
132;car;0.26;1;5;379;1124;1080;NO;;;;;;0.0002;0.0000
132;car;0.48;4;1767;15;1920;400;NO;;;;;;0.0002;0.0000
133;car;0.22;1;4;378;1124;1080;NO;;;;;;0.0002;0.0000
133;car;0.48;4;1767;15;1920;400;NO;;;;;;0.0002;0.0000
134;car;0.23;1;4;378;1125;1080;NO;;;;;;0.0002;0.0000
134;car;0.47;4;1767;15;1919;400;NO;;;;;;0.0002;0.0000
135;car;0.24;1;5;378;1125;1080;NO;;;;;;0.0002;0.0000
135;car;0.45;4;1767;16;1919;400;NO;;;;;;0.0002;0.0000
136;car;0.23;1;4;378;1125;1080;NO;;;;;;0.0002;0.0000
136;car;0.45;4;1768;16;1919;400;NO;;;;;;0.0002;0.0000
137;car;0.2;1;4;377;1126;1080;NO;;;;;;0.0002;0.0000
137;car;0.45;4;1768;16;1919;400;NO;;;;;;0.0002;0.0000
138;car;0.18;1;4;377;1126;1080;NO;;;;;;0.0002;0.0000
138;car;0.44;4;1768;15;1919;400;NO;;;;;;0.0002;0.0000
139;car;0.15;1;4;377;1126;1080;NO;;;;;;0.0002;0.0000
139;car;0.43;4;1768;15;1919;400;NO;;;;;;0.0002;0.0000
140;car;0.16;1;5;378;1126;1080;NO;;;;;;0.0002;0.0000
140;car;0.43;4;1768;16;1919;400;NO;;;;;;0.0002;0.0000
141;car;0.14;1;5;378;1126;1080;NO;;;;;;0.0002;0.0000
141;car;0.43;4;1769;16;1919;400;NO;;;;;;0.0002;0.0000
142;car;0.17;1;5;379;1125;1080;NO;;;;;;0.0002;0.0000
142;car;0.45;4;1769;16;1919;400;NO;;;;;;0.0002;0.0000
143;car;0.15;1;5;379;1125;1080;NO;;;;;;0.0003;0.0000
143;car;0.45;4;1769;16;1919;400;NO;;;;;;0.0003;0.0000
144;car;0.2;1;6;379;1125;1080;NO;;;;;;0.0002;0.0000
144;car;0.45;4;1769;16;1919;400;NO;;;;;;0.0002;0.0000
145;car;0.22;1;6;380;1125;1080;NO;;;;;;0.0004;0.0000
145;car;0.45;4;1768;15;1919;400;NO;;;;;;0.0004;0.0000
146;car;0.2;1;6;379;1126;1080;NO;;;;;;0.0002;0.0000
146;car;0.45;4;1768;15;1919;400;NO;;;;;;0.0002;0.0000
147;car;0.21;1;5;379;1125;1080;NO;;;;;;0.0002;0.0000
147;car;0.44;4;1768;15;1919;400;NO;;;;;;0.0002;0.0000
148;car;0.23;1;4;379;1126;1080;NO;;;;;;0.0004;0.0000
148;car;0.43;4;1769;15;1919;400;NO;;;;;;0.0004;0.0000
149;car;0.22;1;5;379;1125;1080;NO;;;;;;0.0002;0.0000
149;car;0.42;4;1769;16;1919;400;NO;;;;;;0.0002;0.0000
150;car;0.18;1;3;378;1125;1080;NO;;;;;;0.0002;0.0000
150;car;0.4;4;1769;16;1919;400;NO;;;;;;0.0002;0.0000
151;car;0.14;1;2;377;1125;1080;NO;;;;;;0.0002;0.0000
151;car;0.41;4;1769;16;1919;400;NO;;;;;;0.0002;0.0000
152;car;0.15;1;2;377;1126;1080;NO;;;;;;0.0003;0.0000
152;car;0.37;4;1769;16;1919;400;NO;;;;;;0.0003;0.0000
153;car;0.16;1;4;377;1126;1080;NO;;;;;;0.0002;0.0000
153;car;0.39;4;1769;16;1919;400;NO;;;;;;0.0002;0.0000
154;car;0.15;1;4;377;1126;1080;NO;;;;;;0.0002;0.0000
154;car;0.4;4;1769;16;1919;400;NO;;;;;;0.0002;0.0000
155;car;0.12;1;2;377;1125;1080;NO;;;;;;0.0002;0.0000
155;car;0.35;4;1769;16;1919;400;NO;;;;;;0.0002;0.0000
156;car;0.12;1;2;376;1125;1080;NO;;;;;;0.0002;0.0000
156;car;0.35;4;1769;16;1919;400;NO;;;;;;0.0002;0.0000
157;car;0.12;1;1;377;1123;1080;NO;;;;;;0.0002;0.0000
157;car;0.29;4;1769;16;1919;400;NO;;;;;;0.0002;0.0000
158;car;0.16;1;2;378;1122;1080;NO;;;;;;0.0002;0.0000
158;car;0.28;4;1769;16;1919;400;NO;;;;;;0.0002;0.0000
159;car;0.18;1;2;379;1120;1080;NO;;;;;;0.0003;0.0000
159;car;0.28;4;1769;16;1919;400;NO;;;;;;0.0003;0.0000
160;car;0.2;1;2;380;1119;1080;NO;;;;;;0.0002;0.0000
160;car;0.3;4;1769;16;1919;400;NO;;;;;;0.0002;0.0000
161;car;0.22;1;3;381;1117;1080;NO;;;;;;0.0002;0.0000
161;car;0.3;4;1769;16;1919;400;NO;;;;;;0.0002;0.0000
162;car;0.21;1;3;382;1116;1080;NO;;;;;;0.0002;0.0000
162;car;0.31;4;1769;16;1919;400;NO;;;;;;0.0002;0.0000
163;car;0.2;1;3;382;1116;1080;NO;;;;;;0.0002;0.0000
163;car;0.29;4;1769;16;1919;400;NO;;;;;;0.0002;0.0000
164;car;0.15;1;2;380;1117;1080;NO;;;;;;0.0002;0.0000
164;car;0.27;4;1769;17;1918;400;NO;;;;;;0.0002;0.0000
165;car;0.16;1;2;381;1116;1080;NO;;;;;;0.0002;0.0000
165;car;0.3;4;1769;17;1918;400;NO;;;;;;0.0002;0.0000
166;car;0.2;1;3;382;1116;1080;NO;;;;;;0.0002;0.0000
166;car;0.34;4;1769;16;1918;400;NO;;;;;;0.0002;0.0000
167;car;0.19;1;4;383;1116;1080;NO;;;;;;0.0002;0.0000
167;car;0.33;4;1769;16;1919;400;NO;;;;;;0.0002;0.0000
168;car;0.17;1;3;382;1116;1080;NO;;;;;;0.0002;0.0000
168;car;0.33;4;1769;16;1919;400;NO;;;;;;0.0002;0.0000
169;car;0.14;1;6;383;1119;1080;NO;;;;;;0.0002;0.0000
169;car;0.39;4;1769;17;1918;400;NO;;;;;;0.0002;0.0000
170;car;0.14;1;7;384;1120;1080;NO;;;;;;0.0004;0.0000
170;car;0.39;4;1768;16;1918;400;NO;;;;;;0.0004;0.0000
171;car;0.15;1;8;384;1122;1080;NO;;;;;;0.0002;0.0000
171;car;0.4;4;1768;16;1918;400;NO;;;;;;0.0002;0.0000
172;car;0.16;1;8;383;1123;1080;NO;;;;;;0.0003;0.0000
172;car;0.42;4;1768;16;1918;400;NO;;;;;;0.0003;0.0000
173;car;0.17;1;7;383;1124;1080;NO;;;;;;0.0002;0.0000
173;car;0.42;4;1768;17;1918;400;NO;;;;;;0.0002;0.0000
174;car;0.19;1;7;383;1125;1080;NO;;;;;;0.0002;0.0000
174;car;0.43;4;1768;17;1918;400;NO;;;;;;0.0002;0.0000
175;car;0.18;1;6;382;1126;1080;NO;;;;;;0.0002;0.0000
175;car;0.42;4;1768;17;1918;400;NO;;;;;;0.0002;0.0000
176;car;0.19;1;6;382;1126;1080;NO;;;;;;0.0002;0.0000
176;car;0.42;4;1768;17;1918;400;NO;;;;;;0.0002;0.0000
177;car;0.2;1;6;383;1126;1080;NO;;;;;;0.0002;0.0000
177;car;0.44;4;1768;17;1918;401;NO;;;;;;0.0002;0.0000
178;car;0.19;1;6;384;1125;1080;NO;;;;;;0.0002;0.0000
178;car;0.42;4;1768;17;1919;401;NO;;;;;;0.0002;0.0000
179;car;0.19;1;5;383;1125;1080;NO;;;;;;0.0003;0.0000
179;car;0.42;4;1768;17;1918;400;NO;;;;;;0.0003;0.0000
180;car;0.18;1;5;384;1125;1080;NO;;;;;;0.0004;0.0000
180;car;0.43;4;1768;17;1919;400;NO;;;;;;0.0004;0.0000
181;car;0.15;1;3;382;1126;1080;NO;;;;;;0.0002;0.0000
181;car;0.42;4;1768;18;1919;400;NO;;;;;;0.0002;0.0000
182;car;0.14;1;1;381;1127;1080;NO;;;;;;0.0002;0.0000
182;car;0.4;4;1769;18;1918;400;NO;;;;;;0.0002;0.0000
183;car;0.17;1;0;379;1127;1080;NO;;;;;;0.0003;0.0000
183;car;0.41;4;1769;22;1917;398;NO;;;;;;0.0003;0.0000
184;car;0.17;1;0;379;1126;1080;NO;;;;;;0.0003;0.0000
184;car;0.39;4;1769;23;1916;397;NO;;;;;;0.0003;0.0000
185;car;0.18;1;0;379;1126;1080;NO;;;;;;0.0004;0.0000
185;car;0.39;4;1768;23;1917;397;NO;;;;;;0.0004;0.0000
186;car;0.17;1;0;377;1127;1080;NO;;;;;;0.0002;0.0000
186;car;0.4;4;1768;23;1917;397;NO;;;;;;0.0002;0.0000
187;car;0.17;1;0;376;1128;1080;NO;;;;;;0.0002;0.0000
187;car;0.38;4;1767;23;1917;397;NO;;;;;;0.0002;0.0000
188;car;0.22;1;0;378;1126;1080;NO;;;;;;0.0002;0.0000
188;car;0.38;4;1767;23;1917;397;NO;;;;;;0.0002;0.0000
189;car;0.2;1;1;379;1125;1080;NO;;;;;;0.0003;0.0000
189;car;0.38;4;1767;23;1917;398;NO;;;;;;0.0003;0.0000
190;car;0.21;1;2;380;1124;1080;NO;;;;;;0.0002;0.0000
190;car;0.37;4;1767;23;1917;398;NO;;;;;;0.0002;0.0000
191;car;0.2;1;2;380;1124;1080;NO;;;;;;0.0002;0.0000
191;car;0.35;4;1767;23;1917;398;NO;;;;;;0.0002;0.0000
192;car;0.18;1;2;380;1124;1080;NO;;;;;;0.0002;0.0000
192;car;0.35;4;1767;24;1917;398;NO;;;;;;0.0002;0.0000
193;car;0.2;1;3;381;1122;1080;NO;;;;;;0.0002;0.0000
193;car;0.4;4;1767;24;1917;398;NO;;;;;;0.0002;0.0000
194;car;0.2;1;3;383;1121;1080;NO;;;;;;0.0001;0.0000
194;car;0.38;4;1767;24;1918;398;NO;;;;;;0.0001;0.0000
195;car;0.2;1;4;383;1121;1080;NO;;;;;;0.0002;0.0000
195;car;0.4;4;1767;25;1918;398;NO;;;;;;0.0002;0.0000
196;car;0.2;1;3;383;1121;1080;NO;;;;;;0.0004;0.0000
196;car;0.41;4;1767;25;1918;398;NO;;;;;;0.0004;0.0000
197;car;0.19;1;3;382;1122;1080;NO;;;;;;0.0002;0.0000
197;car;0.42;4;1767;24;1918;398;NO;;;;;;0.0002;0.0000
198;car;0.22;1;3;383;1121;1080;NO;;;;;;0.0002;0.0000
198;car;0.44;4;1767;25;1918;398;NO;;;;;;0.0002;0.0000
199;car;0.25;1;3;384;1119;1080;NO;;;;;;0.0002;0.0000
199;car;0.44;4;1767;24;1918;398;NO;;;;;;0.0002;0.0000
200;car;0.24;1;2;383;1120;1080;NO;;;;;;0.0002;0.0000
200;car;0.46;4;1766;24;1918;398;NO;;;;;;0.0002;0.0000
201;car;0.23;1;2;382;1121;1080;NO;;;;;;0.0002;0.0000
201;car;0.47;4;1766;24;1918;398;NO;;;;;;0.0002;0.0000
202;car;0.28;1;2;382;1121;1080;NO;;;;;;0.0002;0.0000
202;car;0.46;4;1766;23;1919;398;NO;;;;;;0.0002;0.0000
203;car;0.29;1;3;382;1121;1080;NO;;;;;;0.0002;0.0000
203;car;0.48;4;1766;23;1919;398;NO;;;;;;0.0002;0.0000
204;car;0.27;1;3;381;1122;1080;NO;;;;;;0.0002;0.0000
204;car;0.49;4;1766;23;1919;398;NO;;;;;;0.0002;0.0000
205;car;0.25;1;1;381;1120;1080;NO;;;;;;0.0003;0.0000
205;car;0.44;4;1766;22;1919;397;NO;;;;;;0.0003;0.0000
206;car;0.26;1;1;382;1118;1080;NO;;;;;;0.0002;0.0000
206;car;0.39;4;1767;20;1920;399;NO;;;;;;0.0002;0.0000
207;car;0.23;1;0;381;1118;1080;NO;;;;;;0.0002;0.0000
207;car;0.41;4;1767;22;1919;398;NO;;;;;;0.0002;0.0000
208;car;0.16;1;0;379;1119;1080;NO;;;;;;0.0004;0.0000
208;car;0.39;4;1767;23;1919;397;NO;;;;;;0.0004;0.0000
209;car;0.14;1;0;375;1120;1080;NO;;;;;;0.0003;0.0000
209;car;0.39;4;1767;24;1918;397;NO;;;;;;0.0003;0.0000
210;car;0.37;4;1767;24;1918;397;NO;;;;;;0.0002;0.0000
211;car;0.4;4;1767;24;1918;397;NO;;;;;;0.0003;0.0000
212;car;0.38;4;1767;25;1918;397;NO;;;;;;0.0002;0.0000
213;car;0.4;4;1767;25;1918;397;NO;;;;;;0.0002;0.0000
214;car;0.4;4;1767;25;1918;397;NO;;;;;;0.0002;0.0000
215;car;0.42;4;1767;26;1918;397;NO;;;;;;0.0002;0.0000
216;car;0.41;4;1767;25;1918;397;NO;;;;;;0.0002;0.0000
216;car;0.29;1;1;379;1118;1079;NO;;;;;;0.0002;0.0000
217;car;0.47;4;1766;26;1918;397;NO;;;;;;0.0002;0.0000
217;car;0.33;1;3;382;1116;1079;NO;;;;;;0.0002;0.0000
218;car;0.46;4;1766;26;1918;397;NO;;;;;;0.0004;0.0000
218;car;0.34;1;4;383;1114;1079;NO;;;;;;0.0004;0.0000
219;car;0.45;4;1766;26;1917;397;NO;;;;;;0.0002;0.0000
219;car;0.33;1;3;382;1115;1079;NO;;;;;;0.0002;0.0000
220;car;0.45;4;1766;27;1917;397;NO;;;;;;0.0001;0.0000
220;car;0.33;1;3;382;1114;1079;NO;;;;;;0.0001;0.0000
221;car;0.47;4;1766;28;1917;397;NO;;;;;;0.0002;0.0000
221;car;0.31;1;3;382;1115;1079;NO;;;;;;0.0002;0.0000
222;car;0.46;4;1766;28;1917;397;NO;;;;;;0.0002;0.0000
222;car;0.33;1;3;381;1115;1079;NO;;;;;;0.0002;0.0000
223;car;0.46;4;1766;29;1917;397;NO;;;;;;0.0003;0.0000
223;car;0.32;1;3;381;1116;1079;NO;;;;;;0.0003;0.0000
224;car;0.47;4;1765;29;1917;397;NO;;;;;;0.0002;0.0000
224;car;0.28;1;2;379;1117;1079;NO;;;;;;0.0002;0.0000
225;car;0.48;4;1765;27;1918;397;NO;;;;;;0.0002;0.0000
225;car;0.28;1;2;379;1119;1079;NO;;;;;;0.0002;0.0000
226;car;0.49;4;1765;28;1918;397;NO;;;;;;0.0002;0.0000
226;car;0.22;1;2;377;1120;1079;NO;;;;;;0.0002;0.0000
227;car;0.5;4;1765;27;1918;397;NO;;;;;;0.0003;0.0000
227;car;0.23;1;1;376;1121;1079;NO;;;;;;0.0003;0.0000
228;car;0.48;4;1764;27;1918;397;NO;;;;;;0.0002;0.0000
228;car;0.18;1;0;371;1123;1079;NO;;;;;;0.0002;0.0000
229;car;0.44;4;1764;24;1919;398;NO;;;;;;0.0003;0.0000
229;car;0.29;1;1;376;1119;1079;NO;;;;;;0.0003;0.0000
230;car;0.45;4;1764;23;1919;398;NO;;;;;;0.0003;0.0000
230;car;0.28;1;2;377;1118;1079;NO;;;;;;0.0003;0.0000
231;car;0.43;4;1764;23;1919;399;NO;;;;;;0.0002;0.0000
231;car;0.21;1;0;374;1120;1079;NO;;;;;;0.0002;0.0000
232;car;0.42;4;1764;24;1919;399;NO;;;;;;0.0002;0.0000
232;car;0.2;1;0;372;1121;1079;NO;;;;;;0.0002;0.0000
233;car;0.42;4;1764;24;1919;399;NO;;;;;;0.0005;0.0000
233;car;0.19;1;0;371;1122;1079;NO;;;;;;0.0005;0.0000
234;car;0.43;4;1764;24;1919;399;NO;;;;;;0.0002;0.0000
234;car;0.21;1;0;371;1121;1079;NO;;;;;;0.0002;0.0000
235;car;0.44;4;1765;24;1919;399;NO;;;;;;0.0002;0.0000
235;car;0.2;1;0;370;1121;1079;NO;;;;;;0.0002;0.0000
236;car;0.43;4;1765;24;1919;399;NO;;;;;;0.0004;0.0000
236;car;0.19;1;0;370;1121;1079;NO;;;;;;0.0004;0.0000
237;car;0.42;4;1764;23;1919;399;NO;;;;;;0.0002;0.0000
237;car;0.14;1;0;367;1122;1079;NO;;;;;;0.0002;0.0000
238;car;0.42;4;1764;23;1919;399;NO;;;;;;0.0001;0.0000
238;car;0.15;1;0;366;1122;1079;NO;;;;;;0.0001;0.0000
239;car;0.44;4;1764;22;1919;399;NO;;;;;;0.0002;0.0000
239;car;0.2;1;0;368;1120;1079;NO;;;;;;0.0002;0.0000
240;car;0.42;4;1764;22;1919;398;NO;;;;;;0.0002;0.0000
240;car;0.24;1;1;370;1119;1079;NO;;;;;;0.0002;0.0000
241;car;0.47;4;1765;23;1919;398;NO;;;;;;0.0002;0.0000
241;car;0.27;1;0;368;1119;1079;NO;;;;;;0.0002;0.0000
242;car;0.47;4;1765;23;1919;397;NO;;;;;;0.0002;0.0000
242;car;0.31;1;1;370;1117;1079;NO;;;;;;0.0002;0.0000
243;car;0.48;4;1765;23;1919;397;NO;;;;;;0.0002;0.0000
243;car;0.34;1;3;373;1116;1079;NO;;;;;;0.0002;0.0000
244;car;0.48;4;1765;22;1919;397;NO;;;;;;0.0002;0.0000
244;car;0.38;1;5;376;1113;1079;NO;;;;;;0.0002;0.0000
245;car;0.48;4;1765;22;1919;397;NO;;;;;;0.0002;0.0000
245;car;0.37;1;6;377;1113;1079;NO;;;;;;0.0002;0.0000
246;car;0.47;4;1765;23;1919;397;NO;;;;;;0.0003;0.0000
246;car;0.34;1;4;375;1114;1079;NO;;;;;;0.0003;0.0000
247;car;0.48;4;1765;23;1919;397;NO;;;;;;0.0001;0.0000
247;car;0.29;1;1;371;1116;1079;NO;;;;;;0.0001;0.0000
248;car;0.49;4;1765;23;1919;397;NO;;;;;;0.0002;0.0000
248;car;0.26;1;0;369;1117;1079;NO;;;;;;0.0002;0.0000
249;car;0.47;4;1766;24;1919;397;NO;;;;;;0.0002;0.0000
249;car;0.27;1;0;369;1116;1079;NO;;;;;;0.0002;0.0000
250;car;0.48;4;1766;22;1919;397;NO;;;;;;0.0002;0.0000
250;car;0.25;1;0;368;1116;1079;NO;;;;;;0.0002;0.0000
251;car;0.48;4;1765;19;1920;399;NO;;;;;;0.0002;0.0000
251;car;0.21;1;0;364;1118;1079;NO;;;;;;0.0002;0.0000
252;car;0.47;4;1765;17;1920;400;NO;;;;;;0.0004;0.0000
252;car;0.19;1;0;360;1121;1079;NO;;;;;;0.0004;0.0000
253;car;0.47;4;1766;16;1920;401;NO;;;;;;0.0003;0.0000
253;car;0.22;1;0;362;1118;1079;NO;;;;;;0.0003;0.0000
254;car;0.47;4;1766;15;1920;401;NO;;;;;;0.0002;0.0000
254;car;0.29;1;1;366;1115;1079;NO;;;;;;0.0002;0.0000
255;car;0.49;4;1767;17;1920;398;NO;;;;;;0.0002;0.0000
255;car;0.29;1;5;369;1116;1079;NO;;;;;;0.0002;0.0000
256;car;0.5;4;1767;17;1920;397;NO;;;;;;0.0002;0.0000
256;car;0.32;1;7;371;1116;1079;NO;;;;;;0.0002;0.0000
257;car;0.5;4;1767;18;1919;397;NO;;;;;;0.0002;0.0000
257;car;0.33;1;7;371;1116;1079;NO;;;;;;0.0002;0.0000
258;car;0.49;4;1767;18;1919;397;NO;;;;;;0.0002;0.0000
258;car;0.34;1;7;372;1115;1079;NO;;;;;;0.0002;0.0000
259;car;0.51;4;1767;18;1919;397;NO;;;;;;0.0002;0.0000
259;car;0.35;1;7;374;1113;1079;NO;;;;;;0.0002;0.0000
260;car;0.52;4;1767;18;1919;397;NO;;;;;;0.0002;0.0000
260;car;0.36;1;9;376;1113;1079;NO;;;;;;0.0002;0.0000
261;car;0.52;4;1767;19;1919;396;NO;;;;;;0.0003;0.0000
261;car;0.36;1;6;373;1114;1079;NO;;;;;;0.0003;0.0000
262;car;0.53;4;1767;20;1919;396;NO;;;;;;0.0004;0.0000
262;car;0.36;1;5;372;1115;1079;NO;;;;;;0.0004;0.0000
263;car;0.51;4;1767;20;1918;396;NO;;;;;;0.0002;0.0000
263;car;0.34;1;4;371;1116;1079;NO;;;;;;0.0002;0.0000
264;car;0.52;4;1767;21;1918;396;NO;;;;;;0.0002;0.0000
264;car;0.35;1;3;370;1116;1079;NO;;;;;;0.0002;0.0000
265;car;0.57;4;1767;21;1918;397;NO;;;;;;0.0003;0.0000
265;car;0.27;1;3;366;1122;1079;NO;;;;;;0.0003;0.0000
266;car;0.59;4;1766;20;1918;397;NO;;;;;;0.0002;0.0000
266;car;0.29;1;4;366;1123;1079;NO;;;;;;0.0002;0.0000
267;car;0.58;4;1766;19;1919;397;NO;;;;;;0.0002;0.0000
267;car;0.29;1;5;369;1122;1079;NO;;;;;;0.0002;0.0000
268;car;0.57;4;1766;19;1919;398;NO;;;;;;0.0002;0.0000
268;car;0.27;1;7;369;1123;1079;NO;;;;;;0.0002;0.0000
269;car;0.57;4;1766;18;1919;398;NO;;;;;;0.0002;0.0000
269;car;0.25;1;6;369;1123;1079;NO;;;;;;0.0002;0.0000
270;car;0.56;4;1766;18;1919;398;NO;;;;;;0.0002;0.0000
270;car;0.26;1;6;368;1124;1079;NO;;;;;;0.0002;0.0000
271;car;0.56;4;1766;18;1919;398;NO;;;;;;0.0004;0.0000
271;car;0.27;1;6;369;1124;1079;NO;;;;;;0.0004;0.0000
272;car;0.55;4;1766;18;1919;398;NO;;;;;;0.0003;0.0000
272;car;0.26;1;6;370;1123;1079;NO;;;;;;0.0003;0.0000
273;car;0.55;4;1766;18;1919;398;NO;;;;;;0.0002;0.0000
273;car;0.25;1;4;367;1125;1079;NO;;;;;;0.0002;0.0000
274;car;0.55;4;1766;18;1919;398;NO;;;;;;0.0002;0.0000
274;car;0.26;1;3;366;1125;1079;NO;;;;;;0.0002;0.0000
275;car;0.54;4;1766;18;1919;398;NO;;;;;;0.0004;0.0000
275;car;0.22;1;0;364;1125;1079;NO;;;;;;0.0004;0.0000
276;car;0.54;4;1766;18;1919;398;NO;;;;;;0.0003;0.0000
276;car;0.23;1;1;366;1124;1079;NO;;;;;;0.0003;0.0000
277;car;0.48;4;1766;19;1919;398;NO;;;;;;0.0002;0.0000
277;car;0.19;1;0;364;1123;1080;NO;;;;;;0.0002;0.0000
278;car;0.48;4;1766;19;1919;398;NO;;;;;;0.0003;0.0000
278;car;0.16;1;0;361;1125;1080;NO;;;;;;0.0003;0.0000
279;car;0.48;4;1767;19;1919;397;NO;;;;;;0.0002;0.0000
279;car;0.24;1;0;365;1121;1080;NO;;;;;;0.0002;0.0000
280;car;0.48;4;1767;19;1919;397;NO;;;;;;0.0002;0.0000
280;car;0.29;1;2;369;1117;1080;NO;;;;;;0.0002;0.0000
281;car;0.47;4;1767;20;1919;397;NO;;;;;;0.0003;0.0000
281;car;0.31;1;3;371;1115;1080;NO;;;;;;0.0003;0.0000
282;car;0.48;4;1767;20;1919;397;NO;;;;;;0.0002;0.0000
282;car;0.26;1;3;370;1116;1080;NO;;;;;;0.0002;0.0000
283;car;0.49;4;1768;21;1919;396;NO;;;;;;0.0003;0.0000
283;car;0.25;1;2;369;1116;1080;NO;;;;;;0.0003;0.0000
284;car;0.51;4;1768;22;1918;396;NO;;;;;;0.0002;0.0000
284;car;0.3;1;3;371;1115;1080;NO;;;;;;0.0002;0.0000
285;car;0.52;4;1768;22;1918;396;NO;;;;;;0.0002;0.0000
285;car;0.31;1;3;371;1115;1080;NO;;;;;;0.0002;0.0000
286;car;0.54;4;1768;23;1918;396;NO;;;;;;0.0004;0.0000
286;car;0.31;1;4;371;1115;1080;NO;;;;;;0.0004;0.0000
287;car;0.54;4;1769;25;1918;396;NO;;;;;;0.0002;0.0000
287;car;0.29;1;5;372;1116;1080;NO;;;;;;0.0002;0.0000
288;car;0.54;4;1769;25;1918;396;NO;;;;;;0.0003;0.0000
288;car;0.31;1;6;374;1115;1080;NO;;;;;;0.0003;0.0000
289;car;0.61;4;1769;29;1917;395;NO;;;;;;0.0002;0.0000
289;car;0.32;1;6;374;1115;1080;NO;;;;;;0.0002;0.0000
290;car;0.61;4;1769;31;1917;395;NO;;;;;;0.0003;0.0000
290;car;0.26;1;4;371;1118;1080;NO;;;;;;0.0003;0.0000
291;car;0.6;4;1769;33;1917;395;NO;;;;;;0.0004;0.0000
291;car;0.23;1;2;368;1121;1080;NO;;;;;;0.0004;0.0000
292;car;0.6;4;1769;34;1917;395;NO;;;;;;0.0002;0.0000
292;car;0.28;1;0;365;1122;1080;NO;;;;;;0.0002;0.0000
293;car;0.59;4;1769;32;1917;395;NO;;;;;;0.0002;0.0000
293;car;0.32;1;1;367;1120;1080;NO;;;;;;0.0002;0.0000
294;car;0.6;4;1769;31;1918;395;NO;;;;;;0.0003;0.0000
294;car;0.26;1;2;368;1120;1080;NO;;;;;;0.0003;0.0000
295;car;0.61;4;1768;31;1918;395;NO;;;;;;0.0002;0.0000
295;car;0.29;1;1;367;1120;1080;NO;;;;;;0.0002;0.0000
296;car;0.63;4;1768;31;1918;395;NO;;;;;;0.0002;0.0000
296;car;0.31;1;2;367;1121;1080;NO;;;;;;0.0002;0.0000
297;car;0.62;4;1768;30;1918;395;NO;;;;;;0.0002;0.0000
297;car;0.31;1;1;365;1122;1080;NO;;;;;;0.0002;0.0000
298;car;0.62;4;1768;30;1918;395;NO;;;;;;0.0003;0.0000
298;car;0.27;1;0;364;1122;1080;NO;;;;;;0.0003;0.0000
299;car;0.63;4;1768;32;1918;395;NO;;;;;;0.0002;0.0000
299;car;0.32;1;1;365;1121;1080;NO;;;;;;0.0002;0.0000
300;car;0.62;4;1768;31;1918;395;NO;;;;;;0.0002;0.0000
300;car;0.28;1;1;365;1121;1080;NO;;;;;;0.0002;0.0000
301;car;0.58;4;1768;28;1919;395;NO;;;;;;0.0002;0.0000
301;car;0.23;1;0;363;1122;1080;NO;;;;;;0.0002;0.0000
301;car;0.43;9;4;232;149;507;NO;;;;;;0.0002;0.0000
302;car;0.59;4;1767;26;1919;395;NO;;;;;;0.0002;0.0000
302;car;0.3;1;1;365;1119;1080;NO;;;;;;0.0002;0.0000
302;car;0.36;9;4;236;143;500;NO;;;;;;0.0002;0.0000
303;car;0.55;4;1767;25;1920;396;NO;;;;;;0.0004;0.0000
303;car;0.19;1;1;364;1121;1080;NO;;;;;;0.0004;0.0000
304;car;0.56;4;1767;24;1920;396;NO;;;;;;0.0002;0.0000
304;car;0.21;1;2;364;1121;1080;NO;;;;;;0.0002;0.0000
304;car;0.27;9;13;231;156;500;NO;;;;;;0.0002;0.0000
305;car;0.56;4;1768;23;1920;396;NO;;;;;;0.0002;0.0000
305;car;0.25;1;3;367;1119;1080;NO;;;;;;0.0002;0.0000
305;car;0.31;9;18;238;156;493;NO;;;;;;0.0002;0.0000
306;car;0.56;4;1768;24;1920;396;NO;;;;;;0.0002;0.0000
306;car;0.28;1;5;370;1117;1080;NO;;;;;;0.0002;0.0000
306;car;0.48;9;18;228;161;492;NO;;;;;;0.0002;0.0000
307;car;0.56;4;1768;23;1920;396;NO;;;;;;0.0002;0.0000
307;car;0.28;1;3;368;1118;1080;NO;;;;;;0.0002;0.0000
308;car;0.57;4;1768;22;1920;396;NO;;;;;;0.0004;0.0000
308;car;0.27;1;2;366;1119;1080;NO;;;;;;0.0004;0.0000
309;car;0.57;4;1768;22;1920;397;NO;;;;;;0.0003;0.0000
309;car;0.32;1;4;370;1116;1080;NO;;;;;;0.0003;0.0000
310;car;0.57;4;1768;21;1920;397;NO;;;;;;0.0002;0.0000
310;car;0.33;1;4;370;1116;1080;NO;;;;;;0.0002;0.0000
311;car;0.56;4;1768;21;1920;397;NO;;;;;;0.0002;0.0000
311;car;0.38;1;4;373;1112;1080;NO;;;;;;0.0002;0.0000
311;car;0.33;9;30;228;177;494;NO;;;;;;0.0002;0.0000
312;car;0.55;4;1768;20;1920;397;NO;;;;;;0.0002;0.0000
312;car;0.33;1;2;371;1113;1080;NO;;;;;;0.0002;0.0000
312;car;0.49;9;37;224;187;493;NO;;;;;;0.0002;0.0000
313;car;0.57;4;1768;19;1920;396;NO;;;;;;0.0001;0.0000
313;car;0.29;1;3;372;1111;1080;NO;;;;;;0.0001;0.0000
313;car;0.34;9;29;227;183;494;NO;;;;;;0.0001;0.0000
314;car;0.57;4;1768;19;1920;396;NO;;;;;;0.0001;0.0000
314;car;0.33;1;3;374;1109;1080;NO;;;;;;0.0001;0.0000
314;car;0.58;9;28;242;177;491;NO;;;;;;0.0001;0.0000
315;car;0.58;4;1768;20;1920;396;NO;;;;;;0.0004;0.0000
315;car;0.34;1;5;376;1108;1080;NO;;;;;;0.0004;0.0000
315;car;0.4;9;52;249;195;487;NO;;;;;;0.0004;0.0000
316;car;0.59;4;1768;20;1919;396;NO;;;;;;0.0002;0.0000
316;car;0.36;1;4;376;1108;1080;NO;;;;;;0.0002;0.0000
316;car;0.33;9;40;250;189;489;NO;;;;;;0.0002;0.0000
317;car;0.6;4;1768;20;1919;396;NO;;;;;;0.0001;0.0000
317;car;0.38;1;5;378;1106;1080;NO;;;;;;0.0001;0.0000
317;car;0.2;9;27;267;170;489;NO;;;;;;0.0001;0.0000
318;car;0.6;4;1768;20;1919;396;NO;;;;;;0.0002;0.0000
318;car;0.33;1;5;379;1105;1080;NO;;;;;;0.0002;0.0000
318;car;0.23;9;31;270;180;490;NO;;;;;;0.0002;0.0000
319;car;0.6;4;1768;20;1919;396;NO;;;;;;0.0002;0.0000
319;car;0.29;1;4;379;1104;1080;NO;;;;;;0.0002;0.0000
320;car;0.61;4;1768;20;1919;396;NO;;;;;;0.0002;0.0000
320;car;0.29;1;8;382;1104;1080;NO;;;;;;0.0002;0.0000
320;car;0.4;9;32;256;199;493;NO;;;;;;0.0002;0.0000
321;car;0.62;4;1768;20;1919;396;NO;;;;;;0.0002;0.0000
321;car;0.27;1;8;383;1104;1080;NO;;;;;;0.0002;0.0000
321;car;0.22;9;53;259;218;493;NO;;;;;;0.0002;0.0000
322;car;0.61;4;1768;21;1919;396;NO;;;;;;0.0002;0.0000
322;car;0.27;1;7;382;1104;1080;NO;;;;;;0.0002;0.0000
322;car;0.18;9;42;272;209;496;NO;;;;;;0.0002;0.0000
323;car;0.65;4;1768;22;1919;396;NO;;;;;;0.0002;0.0000
323;car;0.26;1;10;384;1105;1080;NO;;;;;;0.0002;0.0000
323;car;0.21;9;33;273;210;501;NO;;;;;;0.0002;0.0000
324;car;0.65;4;1768;22;1918;396;NO;;;;;;0.0002;0.0000
324;car;0.23;1;9;383;1107;1080;NO;;;;;;0.0002;0.0000
324;car;0.35;9;28;266;215;499;NO;;;;;;0.0002;0.0000
325;car;0.58;4;1768;22;1919;397;NO;;;;;;0.0002;0.0000
325;car;0.2;1;7;381;1108;1080;NO;;;;;;0.0002;0.0000
326;car;0.57;4;1768;22;1919;396;NO;;;;;;0.0002;0.0000
326;car;0.21;1;5;381;1107;1080;NO;;;;;;0.0002;0.0000
327;car;0.59;4;1768;22;1919;397;NO;;;;;;0.0002;0.0000
327;car;0.2;1;6;382;1107;1080;NO;;;;;;0.0002;0.0000
328;car;0.58;4;1768;22;1919;397;NO;;;;;;0.0002;0.0000
328;car;0.21;1;6;382;1107;1080;NO;;;;;;0.0002;0.0000
329;car;0.59;4;1768;23;1919;397;NO;;;;;;0.0002;0.0000
329;car;0.25;1;9;383;1108;1080;NO;;;;;;0.0002;0.0000
330;car;0.58;4;1768;22;1919;397;NO;;;;;;0.0004;0.0000
330;car;0.24;1;11;385;1109;1080;NO;;;;;;0.0004;0.0000
331;car;0.58;4;1768;23;1919;397;NO;;;;;;0.0003;0.0000
331;car;0.25;1;11;385;1109;1080;NO;;;;;;0.0003;0.0000
332;car;0.55;4;1768;22;1919;397;NO;;;;;;0.0004;0.0000
332;car;0.24;1;10;385;1110;1080;NO;;;;;;0.0004;0.0000
333;car;0.55;4;1768;22;1919;397;NO;;;;;;0.0002;0.0000
333;car;0.26;1;11;385;1112;1080;NO;;;;;;0.0002;0.0000
334;car;0.52;4;1768;22;1919;397;NO;;;;;;0.0004;0.0000
334;car;0.25;1;11;386;1113;1080;NO;;;;;;0.0004;0.0000
335;car;0.5;4;1768;22;1919;397;NO;;;;;;0.0002;0.0000
335;car;0.2;1;9;385;1113;1080;NO;;;;;;0.0002;0.0000
336;car;0.53;4;1768;23;1919;397;NO;;;;;;0.0002;0.0000
336;car;0.2;1;8;385;1112;1080;NO;;;;;;0.0002;0.0000
337;car;0.55;4;1768;25;1918;396;NO;;;;;;0.0003;0.0000
337;car;0.2;1;5;385;1110;1080;NO;;;;;;0.0003;0.0000
338;car;0.53;4;1769;25;1918;396;NO;;;;;;0.0003;0.0000
338;car;0.18;1;4;385;1109;1080;NO;;;;;;0.0003;0.0000
339;car;0.52;4;1769;25;1918;396;NO;;;;;;0.0002;0.0000
339;car;0.17;1;3;384;1110;1080;NO;;;;;;0.0002;0.0000
340;car;0.52;4;1768;25;1919;396;NO;;;;;;0.0003;0.0000
340;car;0.16;1;4;384;1111;1080;NO;;;;;;0.0003;0.0000
341;car;0.51;4;1768;24;1919;396;NO;;;;;;0.0002;0.0000
341;car;0.14;1;2;383;1110;1080;NO;;;;;;0.0002;0.0000
342;car;0.53;4;1768;23;1919;396;NO;;;;;;0.0005;0.0000
342;car;0.18;1;3;384;1109;1080;NO;;;;;;0.0005;0.0000
343;car;0.54;4;1768;24;1919;396;NO;;;;;;0.0002;0.0000
343;car;0.21;1;5;385;1110;1080;NO;;;;;;0.0002;0.0000
344;car;0.53;4;1768;24;1919;396;NO;;;;;;0.0002;0.0000
344;car;0.17;1;4;385;1110;1080;NO;;;;;;0.0002;0.0000
345;car;0.53;4;1768;23;1919;396;NO;;;;;;0.0003;0.0000
345;car;0.18;1;3;385;1109;1080;NO;;;;;;0.0003;0.0000
346;car;0.51;4;1767;22;1919;397;NO;;;;;;0.0002;0.0000
346;car;0.17;1;2;383;1109;1080;NO;;;;;;0.0002;0.0000
347;car;0.55;4;1767;22;1919;397;NO;;;;;;0.0002;0.0000
347;car;0.18;1;3;384;1110;1080;NO;;;;;;0.0002;0.0000
348;car;0.55;4;1767;22;1919;397;NO;;;;;;0.0003;0.0000
348;car;0.19;1;3;384;1110;1080;NO;;;;;;0.0003;0.0000
349;car;0.53;4;1766;20;1919;397;NO;;;;;;0.0002;0.0000
349;car;0.22;1;3;384;1110;1080;NO;;;;;;0.0002;0.0000
350;car;0.52;4;1766;19;1919;397;NO;;;;;;0.0003;0.0000
350;car;0.19;1;2;383;1110;1080;NO;;;;;;0.0003;0.0000
351;car;0.53;4;1766;19;1919;398;NO;;;;;;0.0003;0.0000
351;car;0.18;1;1;383;1108;1080;NO;;;;;;0.0003;0.0000
352;car;0.51;4;1766;19;1919;398;NO;;;;;;0.0002;0.0000
352;car;0.14;1;0;381;1107;1080;NO;;;;;;0.0002;0.0000
353;car;0.51;4;1766;19;1919;398;NO;;;;;;0.0002;0.0000
353;car;0.12;1;0;380;1107;1080;NO;;;;;;0.0002;0.0000
354;car;0.51;4;1766;19;1919;397;NO;;;;;;0.0002;0.0000
354;car;0.14;1;0;382;1105;1080;NO;;;;;;0.0002;0.0000
355;car;0.54;4;1767;19;1919;397;NO;;;;;;0.0002;0.0000
355;car;0.16;1;2;384;1104;1080;NO;;;;;;0.0002;0.0000
356;car;0.53;4;1767;19;1919;397;NO;;;;;;0.0002;0.0000
356;car;0.16;1;3;384;1105;1080;NO;;;;;;0.0002;0.0000
357;car;0.55;4;1767;19;1919;397;NO;;;;;;0.0002;0.0000
357;car;0.14;1;3;384;1105;1080;NO;;;;;;0.0002;0.0000
358;car;0.53;4;1767;19;1919;397;NO;;;;;;0.0003;0.0000
358;car;0.11;1;2;383;1106;1080;NO;;;;;;0.0003;0.0000
359;car;0.52;4;1767;19;1919;398;NO;;;;;;0.0002;0.0000
359;car;0.13;1;4;383;1107;1080;NO;;;;;;0.0002;0.0000
360;car;0.53;4;1767;20;1919;397;NO;;;;;;0.0002;0.0000
360;car;0.13;1;5;384;1108;1080;NO;;;;;;0.0002;0.0000
361;car;0.47;4;1767;16;1920;400;NO;;;;;;0.0002;0.0000
361;car;0.11;1;5;384;1108;1080;NO;;;;;;0.0002;0.0000
362;car;0.47;4;1767;15;1920;401;NO;;;;;;0.0003;0.0000
363;car;0.47;4;1767;15;1920;401;NO;;;;;;0.0003;0.0000
364;car;0.47;4;1767;17;1920;399;NO;;;;;;0.0005;0.0000
365;car;0.48;4;1767;16;1920;401;NO;;;;;;0.0003;0.0000
366;car;0.47;4;1768;16;1920;401;NO;;;;;;0.0002;0.0000
367;car;0.48;4;1768;15;1920;401;NO;;;;;;0.0003;0.0000
368;car;0.49;4;1768;16;1920;401;NO;;;;;;0.0002;0.0000
369;car;0.49;4;1768;18;1919;399;NO;;;;;;0.0002;0.0000
370;car;0.48;4;1768;16;1920;400;NO;;;;;;0.0002;0.0000
371;car;0.45;4;1768;15;1920;401;NO;;;;;;0.0002;0.0000
372;car;0.45;4;1768;15;1920;401;NO;;;;;;0.0002;0.0000
373;car;0.48;4;1768;14;1920;401;NO;;;;;;0.0002;0.0000
374;car;0.49;4;1768;15;1920;401;NO;;;;;;0.0002;0.0000
375;car;0.51;4;1769;18;1918;398;NO;;;;;;0.0003;0.0000
376;car;0.5;4;1769;19;1918;397;NO;;;;;;0.0002;0.0000
377;car;0.49;4;1769;17;1919;400;NO;;;;;;0.0002;0.0000
378;car;0.49;4;1769;17;1919;400;NO;;;;;;0.0002;0.0000
379;car;0.5;4;1769;16;1920;401;NO;;;;;;0.0002;0.0000
380;car;0.51;4;1769;16;1920;401;NO;;;;;;0.0003;0.0000
381;car;0.52;4;1769;18;1918;398;NO;;;;;;0.0002;0.0000
382;car;0.51;4;1769;16;1919;400;NO;;;;;;0.0002;0.0000
383;car;0.49;4;1769;16;1919;400;NO;;;;;;0.0003;0.0000
384;car;0.5;4;1769;16;1919;401;NO;;;;;;0.0003;0.0000
385;car;0.51;4;1769;15;1919;400;NO;;;;;;0.0003;0.0000
386;car;0.5;4;1769;15;1919;400;NO;;;;;;0.0002;0.0000
387;car;0.5;4;1769;15;1919;400;NO;;;;;;0.0002;0.0000
388;car;0.5;4;1769;14;1919;400;NO;;;;;;0.0002;0.0000
389;car;0.49;4;1770;15;1919;399;NO;;;;;;0.0002;0.0000
390;car;0.45;4;1770;15;1919;398;NO;;;;;;0.0002;0.0000
391;car;0.23;4;1770;17;1918;394;NO;;;;;;0.0002;0.0000
392;car;0.33;4;1770;17;1918;395;NO;;;;;;0.0003;0.0000
393;car;0.4;4;1769;17;1919;402;NO;;;;;;0.0002;0.0000
394;car;0.4;4;1768;17;1919;404;NO;;;;;;0.0002;0.0000
395;car;0.61;4;1769;20;1917;399;NO;;;;;;0.0002;0.0000
396;car;0.64;4;1770;20;1917;394;NO;;;;;;0.0002;0.0000
397;car;0.59;4;1770;18;1916;390;NO;;;;;;0.0002;0.0000
398;car;0.39;4;1769;16;1917;389;NO;;;;;;0.0002;0.0000
399;car;0.32;4;1769;13;1917;386;NO;;;;;;0.0004;0.0000
400;car;0.23;4;1769;11;1917;385;NO;;;;;;0.0002;0.0000
401;car;0.27;4;1767;10;1917;388;NO;;;;;;0.0002;0.0000
402;car;0.15;4;1772;11;1914;361;NO;;;;;;0.0003;0.0000
403;car;0.14;4;1774;13;1913;354;NO;;;;;;0.0002;0.0000
404;car;0.14;4;1774;14;1913;354;NO;;;;;;0.0002;0.0000
405;car;0.19;4;1772;15;1914;359;NO;;;;;;0.0003;0.0000
406;car;0.25;4;1771;16;1916;367;NO;;;;;;0.0002;0.0000
407;car;0.31;4;1770;15;1918;375;NO;;;;;;0.0002;0.0000
408;car;0.31;4;1769;15;1920;383;NO;;;;;;0.0002;0.0000
408;car;0.39;22;1601;335;1898;491;NO;;;;;;0.0002;0.0000
409;car;0.28;4;1766;14;1920;396;NO;;;;;;0.0002;0.0000
409;car;0.14;22;1583;339;1866;486;NO;;;;;;0.0002;0.0000
410;car;0.35;4;1767;16;1920;394;NO;;;;;;0.0002;0.0000
410;car;0.14;22;1545;339;1833;489;NO;;;;;;0.0002;0.0000
411;car;0.51;4;1767;18;1920;393;NO;;;;;;0.0002;0.0000
412;car;0.41;4;1767;17;1920;393;NO;;;;;;0.0002;0.0000
413;car;0.33;4;1767;17;1920;400;NO;;;;;;0.0002;0.0000
414;car;0.41;4;1767;18;1920;394;NO;;;;;;0.0002;0.0000
415;car;0.43;4;1767;19;1920;397;NO;;;;;;0.0002;0.0000
416;car;0.44;4;1767;18;1920;397;NO;;;;;;0.0003;0.0000
417;car;0.7;4;1772;114;1916;470;NO;;;;;;0.0002;0.0000
418;car;0.42;4;1761;96;1920;507;NO;;;;;;0.0002;0.0000
419;car;0.13;4;1755;44;1920;481;NO;;;;;;0.0003;0.0000
419;car;0.51;23;1757;392;1892;531;NO;;;;;;0.0003;0.0000
420;car;0.49;4;1749;85;1913;492;NO;;;;;;0.0002;0.0000
421;car;0.18;4;1748;35;1920;473;NO;;;;;;0.0002;0.0000
422;car;0.13;4;1755;19;1920;431;NO;;;;;;0.0002;0.0000
423;car;0.21;4;1760;15;1920;426;NO;;;;;;0.0003;0.0000
424;car;0.28;4;1764;14;1920;408;NO;;;;;;0.0002;0.0000
425;car;0.57;4;1767;18;1919;402;NO;;;;;;0.0002;0.0000
426;car;0.55;4;1767;19;1918;398;NO;;;;;;0.0004;0.0000
427;car;0.36;4;1768;16;1919;399;NO;;;;;;0.0002;0.0000
428;car;0.36;4;1767;15;1920;400;NO;;;;;;0.0002;0.0000
429;car;0.45;4;1767;15;1920;401;NO;;;;;;0.0002;0.0000
430;car;0.45;4;1768;15;1920;401;NO;;;;;;0.0003;0.0000
431;car;0.42;4;1768;16;1920;400;NO;;;;;;0.0003;0.0000
432;car;0.45;4;1768;16;1919;400;NO;;;;;;0.0002;0.0000
433;car;0.49;4;1768;15;1920;400;NO;;;;;;0.0002;0.0000
434;car;0.49;4;1769;16;1920;400;NO;;;;;;0.0002;0.0000
435;car;0.49;4;1769;15;1920;400;NO;;;;;;0.0002;0.0000
436;car;0.5;4;1769;15;1920;401;NO;;;;;;0.0002;0.0000
437;car;0.5;4;1769;15;1920;400;NO;;;;;;0.0002;0.0000
438;car;0.49;4;1769;15;1920;400;NO;;;;;;0.0002;0.0000
439;car;0.47;4;1769;15;1919;400;NO;;;;;;0.0002;0.0000
440;car;0.47;4;1769;15;1919;400;NO;;;;;;0.0003;0.0000
441;car;0.48;4;1769;17;1918;397;NO;;;;;;0.0003;0.0000
442;car;0.47;4;1769;18;1918;397;NO;;;;;;0.0003;0.0000
442;car;0.31;29;5;381;1117;1080;NO;;;;;;0.0003;0.0000
443;car;0.5;4;1769;18;1918;396;NO;;;;;;0.0004;0.0000
443;car;0.31;29;6;381;1118;1080;NO;;;;;;0.0004;0.0000
444;car;0.51;4;1769;18;1918;396;NO;;;;;;0.0003;0.0000
444;car;0.22;29;2;375;1123;1080;NO;;;;;;0.0003;0.0000
445;car;0.47;4;1769;18;1918;395;NO;;;;;;0.0003;0.0000
445;car;0.14;29;0;367;1127;1080;NO;;;;;;0.0003;0.0000
446;car;0.52;4;1769;19;1918;395;NO;;;;;;0.0002;0.0000
446;car;0.17;29;0;365;1129;1080;NO;;;;;;0.0002;0.0000
447;car;0.48;4;1769;19;1918;396;NO;;;;;;0.0003;0.0000
447;car;0.13;29;0;360;1132;1080;NO;;;;;;0.0003;0.0000
448;car;0.46;4;1769;18;1918;396;NO;;;;;;0.0002;0.0000
448;car;0.14;29;0;358;1133;1080;NO;;;;;;0.0002;0.0000
449;car;0.48;4;1768;18;1918;396;NO;;;;;;0.0002;0.0000
449;car;0.16;29;0;359;1132;1080;NO;;;;;;0.0002;0.0000
450;car;0.48;4;1768;18;1918;396;NO;;;;;;0.0002;0.0000
450;car;0.23;29;0;363;1128;1080;NO;;;;;;0.0002;0.0000
451;car;0.5;4;1768;18;1918;396;NO;;;;;;0.0003;0.0000
451;car;0.2;29;0;362;1128;1080;NO;;;;;;0.0003;0.0000
452;car;0.51;4;1768;18;1918;396;NO;;;;;;0.0004;0.0000
452;car;0.24;29;0;366;1124;1080;NO;;;;;;0.0004;0.0000
453;car;0.5;4;1768;19;1918;396;NO;;;;;;0.0002;0.0000
453;car;0.14;29;0;361;1128;1080;NO;;;;;;0.0002;0.0000
454;car;0.51;4;1768;19;1918;396;NO;;;;;;0.0002;0.0000
454;car;0.23;29;0;365;1125;1080;NO;;;;;;0.0002;0.0000
455;car;0.51;4;1768;19;1918;396;NO;;;;;;0.0002;0.0000
455;car;0.28;29;1;368;1123;1080;NO;;;;;;0.0002;0.0000
456;car;0.49;4;1768;19;1918;396;NO;;;;;;0.0002;0.0000
456;car;0.24;29;0;365;1127;1080;NO;;;;;;0.0002;0.0000
457;car;0.52;4;1767;18;1919;397;NO;;;;;;0.0002;0.0000
457;car;0.29;29;3;367;1125;1080;NO;;;;;;0.0002;0.0000
458;car;0.51;4;1767;18;1919;397;NO;;;;;;0.0002;0.0000
458;car;0.28;29;4;369;1124;1080;NO;;;;;;0.0002;0.0000
459;car;0.5;4;1767;15;1920;400;NO;;;;;;0.0002;0.0000
459;car;0.25;29;2;365;1128;1080;NO;;;;;;0.0002;0.0000
460;car;0.51;4;1767;14;1920;401;NO;;;;;;0.0002;0.0000
460;car;0.23;29;1;363;1129;1080;NO;;;;;;0.0002;0.0000
461;car;0.51;4;1768;14;1920;401;NO;;;;;;0.0002;0.0000
461;car;0.24;29;2;364;1129;1080;NO;;;;;;0.0002;0.0000
462;car;0.51;4;1768;13;1920;401;NO;;;;;;0.0004;0.0000
462;car;0.25;29;4;367;1127;1080;NO;;;;;;0.0004;0.0000
463;car;0.52;4;1768;16;1919;398;NO;;;;;;0.0002;0.0000
463;car;0.27;29;4;368;1126;1080;NO;;;;;;0.0002;0.0000
464;car;0.51;4;1768;16;1918;397;NO;;;;;;0.0003;0.0000
464;car;0.31;29;5;371;1122;1080;NO;;;;;;0.0003;0.0000
465;car;0.5;4;1768;16;1918;397;NO;;;;;;0.0003;0.0000
465;car;0.26;29;2;367;1124;1080;NO;;;;;;0.0003;0.0000
466;car;0.51;4;1768;16;1918;397;NO;;;;;;0.0002;0.0000
466;car;0.25;29;0;366;1124;1080;NO;;;;;;0.0002;0.0000
467;car;0.5;4;1768;17;1918;396;NO;;;;;;0.0002;0.0000
467;car;0.25;29;1;368;1121;1080;NO;;;;;;0.0002;0.0000
468;car;0.51;4;1768;17;1918;396;NO;;;;;;0.0003;0.0000
468;car;0.26;29;2;369;1120;1080;NO;;;;;;0.0003;0.0000
469;car;0.49;4;1768;16;1919;397;NO;;;;;;0.0003;0.0000
469;car;0.31;29;1;371;1116;1080;NO;;;;;;0.0003;0.0000
470;car;0.48;4;1768;16;1919;396;NO;;;;;;0.0002;0.0000
470;car;0.31;29;1;372;1113;1080;NO;;;;;;0.0002;0.0000
471;car;0.48;4;1768;16;1919;396;NO;;;;;;0.0002;0.0000
471;car;0.32;29;0;370;1114;1080;NO;;;;;;0.0002;0.0000
472;car;0.47;4;1768;16;1919;396;NO;;;;;;0.0003;0.0000
472;car;0.31;29;0;368;1115;1080;NO;;;;;;0.0003;0.0000
473;car;0.48;4;1768;17;1919;397;NO;;;;;;0.0002;0.0000
473;car;0.3;29;0;366;1116;1080;NO;;;;;;0.0002;0.0000
474;car;0.47;4;1768;16;1919;397;NO;;;;;;0.0004;0.0000
474;car;0.25;29;0;361;1120;1080;NO;;;;;;0.0004;0.0000
475;car;0.46;4;1768;16;1919;397;NO;;;;;;0.0002;0.0000
475;car;0.21;29;0;355;1123;1080;NO;;;;;;0.0002;0.0000
476;car;0.49;4;1768;17;1919;397;NO;;;;;;0.0002;0.0000
476;car;0.23;29;0;356;1121;1080;NO;;;;;;0.0002;0.0000
477;car;0.48;4;1768;17;1919;397;NO;;;;;;0.0002;0.0000
477;car;0.23;29;0;357;1120;1080;NO;;;;;;0.0002;0.0000
478;car;0.45;4;1768;17;1919;397;NO;;;;;;0.0003;0.0000
478;car;0.2;29;0;353;1122;1080;NO;;;;;;0.0003;0.0000
479;car;0.43;4;1768;17;1919;397;NO;;;;;;0.0002;0.0000
479;car;0.18;29;0;350;1124;1080;NO;;;;;;0.0002;0.0000
480;car;0.46;4;1768;17;1919;397;NO;;;;;;0.0002;0.0000
480;car;0.15;29;0;345;1127;1080;NO;;;;;;0.0002;0.0000
481;car;0.47;4;1768;16;1919;398;NO;;;;;;0.0002;0.0000
481;car;0.23;29;0;355;1120;1080;NO;;;;;;0.0002;0.0000
482;car;0.48;4;1768;16;1919;399;NO;;;;;;0.0002;0.0000
482;car;0.22;29;0;354;1121;1080;NO;;;;;;0.0002;0.0000
483;car;0.46;4;1768;16;1919;399;NO;;;;;;0.0002;0.0000
483;car;0.26;29;2;358;1119;1080;NO;;;;;;0.0002;0.0000
484;car;0.44;4;1768;15;1919;399;NO;;;;;;0.0002;0.0000
484;car;0.22;29;0;354;1122;1080;NO;;;;;;0.0002;0.0000
485;car;0.44;4;1768;15;1919;399;NO;;;;;;0.0002;0.0000
485;car;0.28;29;2;358;1119;1080;NO;;;;;;0.0002;0.0000
486;car;0.44;4;1768;15;1919;399;NO;;;;;;0.0003;0.0000
486;car;0.23;29;1;355;1120;1080;NO;;;;;;0.0003;0.0000
487;car;0.41;4;1768;15;1919;399;NO;;;;;;0.0004;0.0000
487;car;0.13;29;0;336;1134;1080;NO;;;;;;0.0004;0.0000
488;car;0.44;4;1768;16;1919;399;NO;;;;;;0.0002;0.0000
488;car;0.18;29;0;342;1130;1080;NO;;;;;;0.0002;0.0000
489;car;0.46;4;1768;16;1919;398;NO;;;;;;0.0002;0.0000
489;car;0.15;29;0;339;1132;1080;NO;;;;;;0.0002;0.0000
490;car;0.45;4;1768;16;1919;398;NO;;;;;;0.0002;0.0000
490;car;0.16;29;0;339;1131;1080;NO;;;;;;0.0002;0.0000
491;car;0.45;4;1768;17;1918;398;NO;;;;;;0.0002;0.0000
491;car;0.17;29;0;340;1130;1080;NO;;;;;;0.0002;0.0000
492;car;0.46;4;1768;17;1918;398;NO;;;;;;0.0002;0.0000
492;car;0.15;29;0;333;1135;1080;NO;;;;;;0.0002;0.0000
493;car;0.42;4;1768;16;1919;398;NO;;;;;;0.0002;0.0000
493;car;0.1;29;0;327;1138;1080;NO;;;;;;0.0002;0.0000
494;car;0.42;4;1768;16;1919;398;NO;;;;;;0.0002;0.0000
494;car;0.15;29;0;339;1130;1080;NO;;;;;;0.0002;0.0000
495;car;0.41;4;1768;16;1919;398;NO;;;;;;0.0002;0.0000
495;car;0.16;29;4;344;1128;1080;NO;;;;;;0.0002;0.0000
496;car;0.43;4;1768;15;1919;398;NO;;;;;;0.0002;0.0000
496;car;0.18;29;8;351;1123;1080;NO;;;;;;0.0002;0.0000
497;car;0.44;4;1768;16;1919;397;NO;;;;;;0.0003;0.0000
497;car;0.22;29;10;356;1119;1080;NO;;;;;;0.0003;0.0000
498;car;0.43;4;1768;15;1919;397;NO;;;;;;0.0004;0.0000
498;car;0.23;29;13;359;1120;1080;NO;;;;;;0.0004;0.0000
499;car;0.45;4;1768;16;1919;397;NO;;;;;;0.0003;0.0000
499;car;0.25;29;14;362;1118;1080;NO;;;;;;0.0003;0.0000
500;car;0.43;4;1768;17;1918;397;NO;;;;;;0.0002;0.0000
500;car;0.23;29;10;360;1119;1080;NO;;;;;;0.0002;0.0000
501;car;0.42;4;1768;17;1919;397;NO;;;;;;0.0003;0.0000
501;car;0.22;29;7;356;1123;1080;NO;;;;;;0.0003;0.0000
502;car;0.41;4;1768;17;1919;397;NO;;;;;;0.0002;0.0000
502;car;0.17;29;2;349;1129;1080;NO;;;;;;0.0002;0.0000
503;car;0.39;4;1768;17;1919;397;NO;;;;;;0.0002;0.0000
503;car;0.11;29;0;330;1143;1080;NO;;;;;;0.0002;0.0000
504;car;0.38;4;1768;17;1919;397;NO;;;;;;0.0002;0.0000
504;car;0.15;29;0;337;1136;1080;NO;;;;;;0.0002;0.0000
505;car;0.49;4;1768;18;1918;396;NO;;;;;;0.0002;0.0000
505;car;0.16;29;0;342;1132;1080;NO;;;;;;0.0002;0.0000
506;car;0.51;4;1768;19;1918;396;NO;;;;;;0.0002;0.0000
506;car;0.18;29;3;346;1129;1080;NO;;;;;;0.0002;0.0000
507;car;0.5;4;1768;19;1918;396;NO;;;;;;0.0002;0.0000
507;car;0.18;29;2;343;1132;1080;NO;;;;;;0.0002;0.0000
508;car;0.5;4;1768;20;1918;396;NO;;;;;;0.0002;0.0000
508;car;0.16;29;2;343;1134;1080;NO;;;;;;0.0002;0.0000
509;car;0.5;4;1768;20;1918;396;NO;;;;;;0.0002;0.0000
509;car;0.21;29;6;348;1130;1080;NO;;;;;;0.0002;0.0000
510;car;0.51;4;1768;21;1918;396;NO;;;;;;0.0003;0.0000
510;car;0.24;29;9;353;1127;1080;NO;;;;;;0.0003;0.0000
511;car;0.47;4;1768;21;1918;396;NO;;;;;;0.0002;0.0000
511;car;0.2;29;6;350;1130;1080;NO;;;;;;0.0002;0.0000
512;car;0.45;4;1768;22;1918;396;NO;;;;;;0.0004;0.0000
512;car;0.16;29;3;346;1132;1080;NO;;;;;;0.0004;0.0000
513;car;0.48;4;1768;22;1918;396;NO;;;;;;0.0004;0.0000
513;car;0.14;29;0;343;1133;1080;NO;;;;;;0.0004;0.0000
514;car;0.47;4;1768;21;1918;396;NO;;;;;;0.0002;0.0000
514;car;0.17;29;0;339;1135;1080;NO;;;;;;0.0002;0.0000
515;car;0.47;4;1768;20;1918;396;NO;;;;;;0.0001;0.0000
515;car;0.17;29;0;337;1136;1080;NO;;;;;;0.0001;0.0000
516;car;0.47;4;1768;20;1919;396;NO;;;;;;0.0002;0.0000
516;car;0.15;29;0;337;1136;1080;NO;;;;;;0.0002;0.0000
517;car;0.39;4;1767;19;1919;397;NO;;;;;;0.0004;0.0000
517;car;0.12;29;1;339;1136;1080;NO;;;;;;0.0004;0.0000
518;car;0.41;4;1767;19;1919;397;NO;;;;;;0.0002;0.0000
518;car;0.13;29;0;337;1137;1080;NO;;;;;;0.0002;0.0000
519;car;0.36;4;1767;19;1919;397;NO;;;;;;0.0001;0.0000
519;car;0.18;29;3;343;1131;1080;NO;;;;;;0.0001;0.0000
520;car;0.35;4;1767;19;1919;397;NO;;;;;;0.0004;0.0000
520;car;0.17;29;2;343;1131;1080;NO;;;;;;0.0004;0.0000
521;car;0.37;4;1767;18;1919;397;NO;;;;;;0.0002;0.0000
521;car;0.16;29;0;342;1130;1080;NO;;;;;;0.0002;0.0000
522;car;0.38;4;1767;18;1919;398;NO;;;;;;0.0003;0.0000
522;car;0.15;29;0;339;1130;1080;NO;;;;;;0.0003;0.0000
523;car;0.4;4;1767;17;1919;398;NO;;;;;;0.0002;0.0000
523;car;0.29;29;6;355;1116;1080;NO;;;;;;0.0002;0.0000
524;car;0.39;4;1767;17;1919;398;NO;;;;;;0.0002;0.0000
524;car;0.32;29;9;363;1109;1080;NO;;;;;;0.0002;0.0000
525;car;0.41;4;1767;17;1919;398;NO;;;;;;0.0002;0.0000
525;car;0.33;29;10;365;1108;1080;NO;;;;;;0.0002;0.0000
526;car;0.43;4;1767;17;1919;398;NO;;;;;;0.0002;0.0000
526;car;0.31;29;11;366;1109;1080;NO;;;;;;0.0002;0.0000
527;car;0.45;4;1767;17;1919;398;NO;;;;;;0.0002;0.0000
527;car;0.29;29;11;366;1111;1080;NO;;;;;;0.0002;0.0000
528;car;0.45;4;1767;17;1919;398;NO;;;;;;0.0002;0.0000
528;car;0.29;29;10;367;1110;1080;NO;;;;;;0.0002;0.0000
529;car;0.44;4;1767;17;1919;398;NO;;;;;;0.0002;0.0000
529;car;0.25;29;11;367;1113;1080;NO;;;;;;0.0002;0.0000
530;car;0.42;4;1767;17;1919;399;NO;;;;;;0.0002;0.0000
530;car;0.2;29;9;362;1119;1080;NO;;;;;;0.0002;0.0000
531;car;0.42;4;1767;17;1919;399;NO;;;;;;0.0002;0.0000
531;car;0.25;29;11;365;1118;1080;NO;;;;;;0.0002;0.0000
532;car;0.42;4;1767;17;1919;399;NO;;;;;;0.0002;0.0000
532;car;0.26;29;10;366;1117;1080;NO;;;;;;0.0002;0.0000
533;car;0.41;4;1767;17;1919;399;NO;;;;;;0.0002;0.0000
533;car;0.25;29;8;365;1118;1080;NO;;;;;;0.0002;0.0000
534;car;0.4;4;1767;16;1919;399;NO;;;;;;0.0002;0.0000
534;car;0.19;29;2;357;1124;1080;NO;;;;;;0.0002;0.0000
535;car;0.42;4;1768;17;1919;399;NO;;;;;;0.0002;0.0000
535;car;0.29;29;5;361;1121;1080;NO;;;;;;0.0002;0.0000
536;car;0.42;4;1768;17;1919;399;NO;;;;;;0.0002;0.0000
536;car;0.34;29;10;367;1117;1080;NO;;;;;;0.0002;0.0000
537;car;0.4;4;1768;17;1919;399;NO;;;;;;0.0002;0.0000
537;car;0.34;29;11;368;1119;1080;NO;;;;;;0.0002;0.0000
538;car;0.43;4;1768;18;1919;399;NO;;;;;;0.0002;0.0000
538;car;0.31;29;9;367;1120;1080;NO;;;;;;0.0002;0.0000
539;car;0.43;4;1768;18;1919;399;NO;;;;;;0.0002;0.0000
539;car;0.33;29;7;369;1117;1080;NO;;;;;;0.0002;0.0000
540;car;0.44;4;1768;18;1919;399;NO;;;;;;0.0002;0.0000
540;car;0.33;29;7;371;1114;1080;NO;;;;;;0.0002;0.0000
541;car;0.4;4;1768;17;1919;399;NO;;;;;;0.0004;0.0000
541;car;0.36;29;8;372;1114;1080;NO;;;;;;0.0004;0.0000
542;car;0.41;4;1768;18;1919;399;NO;;;;;;0.0002;0.0000
542;car;0.34;29;8;373;1114;1080;NO;;;;;;0.0002;0.0000
543;car;0.38;4;1768;18;1919;400;NO;;;;;;0.0002;0.0000
543;car;0.33;29;7;373;1114;1080;NO;;;;;;0.0002;0.0000
544;car;0.39;4;1768;19;1919;400;NO;;;;;;0.0002;0.0000
544;car;0.32;29;7;372;1114;1080;NO;;;;;;0.0002;0.0000
545;car;0.38;4;1768;18;1919;400;NO;;;;;;0.0002;0.0000
545;car;0.34;29;7;373;1116;1080;NO;;;;;;0.0002;0.0000
546;car;0.38;4;1768;18;1919;400;NO;;;;;;0.0002;0.0000
546;car;0.33;29;8;373;1117;1080;NO;;;;;;0.0002;0.0000
547;car;0.39;4;1768;19;1919;401;NO;;;;;;0.0002;0.0000
547;car;0.32;29;7;372;1118;1080;NO;;;;;;0.0002;0.0000
548;car;0.39;4;1768;19;1919;401;NO;;;;;;0.0002;0.0000
548;car;0.32;29;7;372;1120;1080;NO;;;;;;0.0002;0.0000
549;car;0.39;4;1768;18;1919;401;NO;;;;;;0.0002;0.0000
549;car;0.32;29;7;371;1121;1080;NO;;;;;;0.0002;0.0000
550;car;0.38;4;1768;17;1919;401;NO;;;;;;0.0002;0.0000
550;car;0.36;29;7;373;1119;1080;NO;;;;;;0.0002;0.0000
551;car;0.39;4;1768;17;1919;401;NO;;;;;;0.0002;0.0000
551;car;0.36;29;6;374;1117;1080;NO;;;;;;0.0002;0.0000
552;car;0.38;4;1768;17;1919;401;NO;;;;;;0.0002;0.0000
552;car;0.32;29;4;373;1117;1080;NO;;;;;;0.0002;0.0000
553;car;0.32;4;1768;15;1919;401;NO;;;;;;0.0003;0.0000
553;car;0.33;29;3;372;1117;1080;NO;;;;;;0.0003;0.0000
554;car;0.32;4;1768;15;1919;401;NO;;;;;;0.0002;0.0000
554;car;0.31;29;2;370;1118;1080;NO;;;;;;0.0002;0.0000
555;car;0.29;4;1768;13;1920;403;NO;;;;;;0.0002;0.0000
555;car;0.3;29;1;368;1119;1080;NO;;;;;;0.0002;0.0000
556;car;0.32;4;1768;13;1920;403;NO;;;;;;0.0002;0.0000
556;car;0.33;29;3;371;1119;1080;NO;;;;;;0.0002;0.0000
557;car;0.33;4;1768;13;1920;404;NO;;;;;;0.0002;0.0000
557;car;0.31;29;4;370;1119;1080;NO;;;;;;0.0002;0.0000
558;car;0.35;4;1769;13;1920;404;NO;;;;;;0.0002;0.0000
558;car;0.32;29;5;372;1119;1080;NO;;;;;;0.0002;0.0000
559;car;0.36;4;1769;14;1920;404;NO;;;;;;0.0003;0.0000
559;car;0.34;29;5;372;1119;1080;NO;;;;;;0.0003;0.0000
560;car;0.38;4;1769;15;1920;404;NO;;;;;;0.0003;0.0000
560;car;0.33;29;5;373;1119;1080;NO;;;;;;0.0003;0.0000
561;car;0.37;4;1769;15;1920;403;NO;;;;;;0.0002;0.0000
561;car;0.32;29;6;372;1120;1080;NO;;;;;;0.0002;0.0000
562;car;0.35;4;1769;15;1919;403;NO;;;;;;0.0002;0.0000
562;car;0.34;29;6;373;1120;1080;NO;;;;;;0.0002;0.0000
563;car;0.33;4;1770;16;1919;403;NO;;;;;;0.0002;0.0000
563;car;0.3;29;4;371;1122;1080;NO;;;;;;0.0002;0.0000
564;car;0.35;4;1770;16;1919;403;NO;;;;;;0.0002;0.0000
564;car;0.34;29;5;372;1122;1080;NO;;;;;;0.0002;0.0000
565;car;0.36;4;1770;16;1919;403;NO;;;;;;0.0002;0.0000
565;car;0.3;29;4;370;1124;1080;NO;;;;;;0.0002;0.0000
566;car;0.4;4;1770;17;1918;400;NO;;;;;;0.0002;0.0000
566;car;0.29;29;3;369;1124;1080;NO;;;;;;0.0002;0.0000
567;car;0.41;4;1769;17;1917;399;NO;;;;;;0.0002;0.0000
567;car;0.25;29;1;368;1124;1080;NO;;;;;;0.0002;0.0000
568;car;0.43;4;1769;17;1917;399;NO;;;;;;0.0002;0.0000
568;car;0.24;29;0;365;1126;1080;NO;;;;;;0.0002;0.0000
569;car;0.44;4;1769;18;1917;398;NO;;;;;;0.0002;0.0000
569;car;0.27;29;1;367;1125;1080;NO;;;;;;0.0002;0.0000
570;car;0.43;4;1769;18;1917;398;NO;;;;;;0.0002;0.0000
570;car;0.23;29;0;365;1124;1080;NO;;;;;;0.0002;0.0000
571;car;0.4;4;1769;18;1918;400;NO;;;;;;0.0003;0.0000
571;car;0.19;29;0;359;1127;1080;NO;;;;;;0.0003;0.0000
572;car;0.38;4;1769;17;1919;401;NO;;;;;;0.0002;0.0000
572;car;0.19;29;0;360;1127;1080;NO;;;;;;0.0002;0.0000
573;car;0.4;4;1769;17;1919;402;NO;;;;;;0.0002;0.0000
573;car;0.18;29;0;359;1128;1080;NO;;;;;;0.0002;0.0000
574;car;0.4;4;1770;19;1918;399;NO;;;;;;0.0002;0.0000
574;car;0.18;29;0;359;1126;1080;NO;;;;;;0.0002;0.0000
575;car;0.4;4;1770;19;1918;398;NO;;;;;;0.0002;0.0000
575;car;0.23;29;1;363;1126;1080;NO;;;;;;0.0002;0.0000
576;car;0.43;4;1770;18;1918;397;NO;;;;;;0.0002;0.0000
576;car;0.23;29;2;362;1127;1080;NO;;;;;;0.0002;0.0000
577;car;0.46;4;1769;17;1918;398;NO;;;;;;0.0002;0.0000
577;car;0.27;29;3;364;1125;1080;NO;;;;;;0.0002;0.0000
578;car;0.47;4;1768;16;1918;399;NO;;;;;;0.0002;0.0000
578;car;0.31;29;3;366;1121;1080;NO;;;;;;0.0002;0.0000
579;car;0.46;4;1768;16;1918;399;NO;;;;;;0.0003;0.0000
579;car;0.34;29;4;369;1118;1080;NO;;;;;;0.0003;0.0000
580;car;0.46;4;1768;16;1918;399;NO;;;;;;0.0004;0.0000
580;car;0.37;29;5;372;1115;1080;NO;;;;;;0.0004;0.0000
581;car;0.44;4;1768;15;1919;399;NO;;;;;;0.0003;0.0000
581;car;0.37;29;6;374;1113;1080;NO;;;;;;0.0003;0.0000
582;car;0.43;4;1768;15;1919;399;NO;;;;;;0.0003;0.0000
582;car;0.39;29;6;376;1111;1080;NO;;;;;;0.0003;0.0000
583;car;0.42;4;1768;14;1919;399;NO;;;;;;0.0004;0.0000
583;car;0.38;29;6;377;1110;1080;NO;;;;;;0.0004;0.0000
584;car;0.41;4;1768;14;1919;399;NO;;;;;;0.0002;0.0000
584;car;0.37;29;5;376;1111;1080;NO;;;;;;0.0002;0.0000
585;car;0.42;4;1768;14;1919;399;NO;;;;;;0.0002;0.0000
585;car;0.37;29;6;376;1112;1080;NO;;;;;;0.0002;0.0000
586;car;0.41;4;1768;14;1919;399;NO;;;;;;0.0002;0.0000
586;car;0.36;29;5;376;1111;1080;NO;;;;;;0.0002;0.0000
587;car;0.41;4;1768;14;1919;399;NO;;;;;;0.0002;0.0000
587;car;0.37;29;4;376;1110;1080;NO;;;;;;0.0002;0.0000
588;car;0.39;4;1768;13;1919;399;NO;;;;;;0.0002;0.0000
588;car;0.36;29;3;376;1110;1080;NO;;;;;;0.0002;0.0000
589;car;0.37;4;1768;13;1919;399;NO;;;;;;0.0002;0.0000
589;car;0.39;29;3;377;1108;1080;NO;;;;;;0.0002;0.0000
590;car;0.36;4;1768;13;1919;400;NO;;;;;;0.0002;0.0000
590;car;0.39;29;4;378;1108;1080;NO;;;;;;0.0002;0.0000
591;car;0.36;4;1768;13;1919;400;NO;;;;;;0.0002;0.0000
591;car;0.38;29;5;377;1111;1080;NO;;;;;;0.0002;0.0000
592;car;0.37;4;1768;14;1919;400;NO;;;;;;0.0002;0.0000
592;car;0.39;29;6;376;1113;1080;NO;;;;;;0.0002;0.0000
593;car;0.38;4;1768;13;1919;400;NO;;;;;;0.0002;0.0000
593;car;0.37;29;5;374;1116;1080;NO;;;;;;0.0002;0.0000
594;car;0.38;4;1768;14;1919;400;NO;;;;;;0.0002;0.0000
594;car;0.37;29;5;374;1117;1080;NO;;;;;;0.0002;0.0000
595;car;0.4;4;1768;14;1919;399;NO;;;;;;0.0003;0.0000
595;car;0.38;29;5;374;1117;1080;NO;;;;;;0.0003;0.0000
596;car;0.38;4;1768;13;1920;402;NO;;;;;;0.0002;0.0000
596;car;0.39;29;5;374;1117;1080;NO;;;;;;0.0002;0.0000
597;car;0.39;4;1769;13;1920;402;NO;;;;;;0.0002;0.0000
597;car;0.4;29;5;374;1116;1080;NO;;;;;;0.0002;0.0000
598;car;0.41;4;1769;14;1920;403;NO;;;;;;0.0002;0.0000
598;car;0.39;29;4;375;1115;1080;NO;;;;;;0.0002;0.0000
599;car;0.4;4;1769;15;1920;403;NO;;;;;;0.0002;0.0000
599;car;0.38;29;4;375;1115;1080;NO;;;;;;0.0002;0.0000
600;car;0.4;4;1769;15;1920;403;NO;;;;;;0.0002;0.0000
600;car;0.37;29;5;375;1117;1080;NO;;;;;;0.0002;0.0000
601;car;0.36;4;1770;17;1919;402;NO;;;;;;0.0002;0.0000
601;car;0.38;29;4;373;1119;1080;NO;;;;;;0.0002;0.0000
602;car;0.35;4;1770;17;1919;402;NO;;;;;;0.0003;0.0000
602;car;0.39;29;5;374;1120;1080;NO;;;;;;0.0003;0.0000
603;car;0.36;4;1770;17;1919;402;NO;;;;;;0.0003;0.0000
603;car;0.4;29;5;373;1121;1080;NO;;;;;;0.0003;0.0000
604;car;0.35;4;1770;17;1919;401;NO;;;;;;0.0002;0.0000
604;car;0.39;29;6;372;1123;1080;NO;;;;;;0.0002;0.0000
605;car;0.35;4;1770;18;1919;401;NO;;;;;;0.0002;0.0000
605;car;0.41;29;5;373;1121;1080;NO;;;;;;0.0002;0.0000
606;car;0.35;4;1770;18;1918;399;NO;;;;;;0.0002;0.0000
606;car;0.41;29;4;374;1120;1080;NO;;;;;;0.0002;0.0000
607;car;0.36;4;1770;18;1917;398;NO;;;;;;0.0002;0.0000
607;car;0.41;29;4;374;1119;1080;NO;;;;;;0.0002;0.0000
608;car;0.37;4;1770;17;1918;400;NO;;;;;;0.0002;0.0000
608;car;0.4;29;3;374;1119;1080;NO;;;;;;0.0002;0.0000
609;car;0.37;4;1769;17;1918;398;NO;;;;;;0.0002;0.0000
609;car;0.4;29;3;374;1119;1080;NO;;;;;;0.0002;0.0000
610;car;0.38;4;1769;17;1918;397;NO;;;;;;0.0003;0.0000
610;car;0.41;29;3;375;1118;1080;NO;;;;;;0.0003;0.0000
611;car;0.36;4;1769;16;1918;397;NO;;;;;;0.0002;0.0000
611;car;0.4;29;4;375;1118;1080;NO;;;;;;0.0002;0.0000
612;car;0.35;4;1769;15;1918;397;NO;;;;;;0.0003;0.0000
612;car;0.4;29;4;375;1118;1080;NO;;;;;;0.0003;0.0000
613;car;0.33;4;1768;15;1918;397;NO;;;;;;0.0002;0.0000
613;car;0.4;29;4;375;1119;1080;NO;;;;;;0.0002;0.0000
614;car;0.32;4;1768;14;1919;400;NO;;;;;;0.0003;0.0000
614;car;0.38;29;4;373;1122;1080;NO;;;;;;0.0003;0.0000
615;car;0.32;4;1768;14;1919;399;NO;;;;;;0.0002;0.0000
615;car;0.4;29;5;373;1123;1080;NO;;;;;;0.0002;0.0000
616;car;0.34;4;1768;15;1918;399;NO;;;;;;0.0002;0.0000
616;car;0.41;29;5;373;1123;1080;NO;;;;;;0.0002;0.0000
617;car;0.35;4;1768;15;1918;399;NO;;;;;;0.0002;0.0000
617;car;0.41;29;4;374;1122;1080;NO;;;;;;0.0002;0.0000
618;car;0.33;4;1768;15;1918;399;NO;;;;;;0.0002;0.0000
618;car;0.41;29;4;374;1122;1080;NO;;;;;;0.0002;0.0000
619;car;0.33;4;1768;15;1918;399;NO;;;;;;0.0002;0.0000
619;car;0.41;29;5;373;1123;1080;NO;;;;;;0.0002;0.0000
620;car;0.32;4;1768;15;1918;399;NO;;;;;;0.0003;0.0000
620;car;0.4;29;5;374;1124;1080;NO;;;;;;0.0003;0.0000
621;car;0.3;4;1768;15;1918;399;NO;;;;;;0.0002;0.0000
621;car;0.4;29;4;373;1125;1080;NO;;;;;;0.0002;0.0000
622;car;0.3;4;1768;15;1918;399;NO;;;;;;0.0002;0.0000
622;car;0.39;29;4;372;1125;1080;NO;;;;;;0.0002;0.0000
623;car;0.26;4;1768;16;1918;399;NO;;;;;;0.0004;0.0000
623;car;0.39;29;4;372;1126;1080;NO;;;;;;0.0004;0.0000
624;car;0.23;4;1768;16;1918;398;NO;;;;;;0.0003;0.0000
624;car;0.38;29;4;371;1126;1080;NO;;;;;;0.0003;0.0000
625;car;0.12;4;1768;14;1919;399;NO;;;;;;0.0003;0.0000
625;car;0.4;29;5;373;1125;1080;NO;;;;;;0.0003;0.0000
626;car;0.16;4;1767;13;1919;399;NO;;;;;;0.0002;0.0000
626;car;0.41;29;5;374;1125;1080;NO;;;;;;0.0002;0.0000
627;car;0.19;4;1768;13;1919;399;NO;;;;;;0.0004;0.0000
627;car;0.41;29;5;374;1124;1080;NO;;;;;;0.0004;0.0000
628;car;0.18;4;1767;14;1920;405;NO;;;;;;0.0002;0.0000
628;car;0.4;29;4;374;1124;1080;NO;;;;;;0.0002;0.0000
629;car;0.35;4;1767;14;1919;404;NO;;;;;;0.0003;0.0000
629;car;0.4;29;4;375;1123;1080;NO;;;;;;0.0003;0.0000
630;car;0.59;4;1768;16;1917;398;NO;;;;;;0.0003;0.0000
630;car;0.39;29;4;375;1123;1080;NO;;;;;;0.0003;0.0000
631;car;0.52;4;1768;16;1917;395;NO;;;;;;0.0003;0.0000
631;car;0.4;29;3;375;1122;1080;NO;;;;;;0.0003;0.0000
631;car;0.67;30;1707;374;1920;555;NO;;;;;;0.0003;0.0000
632;car;0.48;4;1768;15;1917;392;NO;;;;;;0.0002;0.0000
632;car;0.4;29;3;375;1121;1080;NO;;;;;;0.0002;0.0000
632;car;0.6;30;1706;393;1917;559;NO;;;;;;0.0002;0.0000
633;car;0.39;4;1766;13;1917;395;NO;;;;;;0.0003;0.0000
633;car;0.39;29;3;375;1121;1080;NO;;;;;;0.0003;0.0000
633;car;0.46;30;1678;351;1920;548;NO;;;;;;0.0003;0.0000
634;car;0.28;4;1765;11;1919;401;NO;;;;;;0.0002;0.0000
634;car;0.4;29;3;376;1121;1080;NO;;;;;;0.0002;0.0000
635;car;0.1;4;1766;10;1917;389;NO;;;;;;0.0002;0.0000
635;car;0.41;29;3;376;1120;1080;NO;;;;;;0.0002;0.0000
636;car;0.41;29;3;376;1119;1080;NO;;;;;;0.0002;0.0000
637;car;0.39;29;2;376;1119;1080;NO;;;;;;0.0002;0.0000
638;car;0.4;29;2;376;1117;1080;NO;;;;;;0.0003;0.0000
639;car;0.39;29;2;375;1119;1080;NO;;;;;;0.0002;0.0000
640;car;0.37;29;2;375;1118;1080;NO;;;;;;0.0002;0.0000
640;car;0.25;4;1767;12;1920;406;NO;;;;;;0.0002;0.0000
641;car;0.38;29;2;375;1118;1080;NO;;;;;;0.0002;0.0000
642;car;0.38;29;1;374;1119;1080;NO;;;;;;0.0003;0.0000
642;car;0.45;30;1661;334;1893;512;NO;;;;;;0.0003;0.0000
643;car;0.39;29;0;373;1117;1080;NO;;;;;;0.0002;0.0000
643;car;0.54;30;1633;336;1870;510;NO;;;;;;0.0002;0.0000
644;car;0.37;29;0;374;1117;1080;NO;;;;;;0.0002;0.0000
644;car;0.47;30;1636;335;1862;492;NO;;;;;;0.0002;0.0000
645;car;0.38;29;0;373;1116;1080;NO;;;;;;0.0002;0.0000
645;car;0.51;30;1615;337;1845;489;NO;;;;;;0.0002;0.0000
646;car;0.37;29;1;372;1118;1080;NO;;;;;;0.0002;0.0000
647;car;0.36;29;3;373;1120;1080;NO;;;;;;0.0002;0.0000
647;car;0.35;4;1770;18;1919;396;NO;;;;;;0.0002;0.0000
648;car;0.36;29;4;372;1121;1080;NO;;;;;;0.0002;0.0000
648;car;0.26;4;1769;16;1919;396;NO;;;;;;0.0002;0.0000
649;car;0.36;29;4;373;1121;1080;NO;;;;;;0.0004;0.0000
649;car;0.11;4;1767;13;1920;405;NO;;;;;;0.0004;0.0000
650;car;0.36;29;5;373;1122;1080;NO;;;;;;0.0003;0.0000
650;car;0.31;4;1767;15;1919;402;NO;;;;;;0.0003;0.0000
651;car;0.37;29;4;373;1121;1080;NO;;;;;;0.0002;0.0000
651;car;0.44;4;1768;19;1918;401;NO;;;;;;0.0002;0.0000
652;car;0.36;29;4;373;1122;1080;NO;;;;;;0.0002;0.0000
652;car;0.35;4;1768;18;1918;399;NO;;;;;;0.0002;0.0000
653;car;0.38;29;4;373;1121;1080;NO;;;;;;0.0002;0.0000
653;car;0.38;4;1768;19;1918;401;NO;;;;;;0.0002;0.0000
654;car;0.39;29;4;373;1121;1080;NO;;;;;;0.0002;0.0000
654;car;0.43;4;1768;20;1918;401;NO;;;;;;0.0002;0.0000
655;car;0.38;29;3;373;1120;1080;NO;;;;;;0.0002;0.0000
655;car;0.29;4;1768;19;1918;401;NO;;;;;;0.0002;0.0000
656;car;0.38;29;3;373;1119;1080;NO;;;;;;0.0003;0.0000
656;car;0.38;4;1767;18;1918;401;NO;;;;;;0.0003;0.0000
657;car;0.4;29;3;374;1118;1080;NO;;;;;;0.0002;0.0000
657;car;0.31;4;1767;17;1918;400;NO;;;;;;0.0002;0.0000
658;car;0.4;29;2;374;1118;1080;NO;;;;;;0.0003;0.0000
658;car;0.32;4;1768;17;1918;400;NO;;;;;;0.0003;0.0000
659;car;0.4;29;2;373;1118;1080;NO;;;;;;0.0004;0.0000
659;car;0.31;4;1768;17;1918;399;NO;;;;;;0.0004;0.0000
660;car;0.41;29;2;373;1118;1080;NO;;;;;;0.0003;0.0000
660;car;0.25;4;1767;16;1918;400;NO;;;;;;0.0003;0.0000
661;car;0.42;29;1;374;1115;1080;NO;;;;;;0.0003;0.0000
661;car;0.32;4;1767;16;1919;400;NO;;;;;;0.0003;0.0000
662;car;0.41;29;0;374;1114;1080;NO;;;;;;0.0002;0.0000
662;car;0.32;4;1767;17;1918;399;NO;;;;;;0.0002;0.0000
663;car;0.4;29;3;375;1115;1080;NO;;;;;;0.0002;0.0000
663;car;0.29;4;1768;18;1918;398;NO;;;;;;0.0002;0.0000
664;car;0.41;29;3;375;1115;1080;NO;;;;;;0.0003;0.0000
664;car;0.33;4;1768;18;1918;397;NO;;;;;;0.0003;0.0000
665;car;0.4;29;4;375;1116;1080;NO;;;;;;0.0002;0.0000
665;car;0.29;4;1768;18;1918;398;NO;;;;;;0.0002;0.0000
666;car;0.4;29;3;375;1115;1080;NO;;;;;;0.0004;0.0000
666;car;0.29;4;1768;18;1918;398;NO;;;;;;0.0004;0.0000
667;car;0.39;29;4;375;1117;1080;NO;;;;;;0.0002;0.0000
667;car;0.31;4;1768;18;1918;399;NO;;;;;;0.0002;0.0000
668;car;0.39;29;5;375;1118;1080;NO;;;;;;0.0002;0.0000
668;car;0.34;4;1768;18;1918;398;NO;;;;;;0.0002;0.0000
669;car;0.4;29;5;376;1117;1080;NO;;;;;;0.0002;0.0000
669;car;0.32;4;1768;18;1918;398;NO;;;;;;0.0002;0.0000
670;car;0.39;29;6;376;1119;1080;NO;;;;;;0.0002;0.0000
670;car;0.35;4;1768;18;1918;398;NO;;;;;;0.0002;0.0000
671;car;0.4;29;6;376;1120;1080;NO;;;;;;0.0002;0.0000
671;car;0.38;4;1768;18;1918;398;NO;;;;;;0.0002;0.0000
672;car;0.38;29;7;375;1123;1080;NO;;;;;;0.0002;0.0000
672;car;0.39;4;1767;18;1919;399;NO;;;;;;0.0002;0.0000
673;car;0.38;29;7;373;1126;1080;NO;;;;;;0.0002;0.0000
673;car;0.37;4;1767;16;1920;401;NO;;;;;;0.0002;0.0000
674;car;0.38;29;7;373;1127;1080;NO;;;;;;0.0002;0.0000
674;car;0.36;4;1768;15;1920;401;NO;;;;;;0.0002;0.0000
675;car;0.37;29;6;372;1128;1080;NO;;;;;;0.0003;0.0000
675;car;0.36;4;1768;14;1920;402;NO;;;;;;0.0003;0.0000
676;car;0.37;29;5;371;1130;1080;NO;;;;;;0.0002;0.0000
676;car;0.36;4;1768;15;1920;402;NO;;;;;;0.0002;0.0000
677;car;0.37;29;5;371;1129;1080;NO;;;;;;0.0002;0.0000
677;car;0.34;4;1768;15;1920;402;NO;;;;;;0.0002;0.0000
678;car;0.37;29;4;371;1129;1080;NO;;;;;;0.0003;0.0000
678;car;0.35;4;1768;16;1920;402;NO;;;;;;0.0003;0.0000
679;car;0.38;29;3;371;1128;1080;NO;;;;;;0.0002;0.0000
679;car;0.36;4;1768;16;1919;402;NO;;;;;;0.0002;0.0000
680;car;0.38;29;3;371;1127;1080;NO;;;;;;0.0002;0.0000
680;car;0.35;4;1769;16;1919;402;NO;;;;;;0.0002;0.0000
681;car;0.37;29;3;372;1127;1080;NO;;;;;;0.0003;0.0000
681;car;0.34;4;1768;16;1919;402;NO;;;;;;0.0003;0.0000
682;car;0.37;29;3;371;1126;1080;NO;;;;;;0.0003;0.0000
682;car;0.35;4;1769;15;1919;402;NO;;;;;;0.0003;0.0000
683;car;0.37;29;3;371;1126;1080;NO;;;;;;0.0002;0.0000
683;car;0.34;4;1769;16;1919;402;NO;;;;;;0.0002;0.0000
684;car;0.37;29;3;371;1127;1080;NO;;;;;;0.0002;0.0000
684;car;0.34;4;1769;15;1919;402;NO;;;;;;0.0002;0.0000
685;car;0.36;29;2;370;1127;1080;NO;;;;;;0.0002;0.0000
685;car;0.36;4;1769;14;1919;402;NO;;;;;;0.0002;0.0000
686;car;0.36;29;2;369;1128;1080;NO;;;;;;0.0002;0.0000
686;car;0.38;4;1769;14;1919;402;NO;;;;;;0.0002;0.0000
687;car;0.36;29;2;370;1126;1080;NO;;;;;;0.0002;0.0000
687;car;0.41;4;1769;15;1918;400;NO;;;;;;0.0002;0.0000
688;car;0.37;29;2;371;1125;1080;NO;;;;;;0.0001;0.0000
688;car;0.44;4;1769;16;1918;399;NO;;;;;;0.0001;0.0000
689;car;0.37;29;2;372;1123;1080;NO;;;;;;0.0002;0.0000
689;car;0.45;4;1769;17;1918;398;NO;;;;;;0.0002;0.0000
690;car;0.38;29;2;372;1123;1080;NO;;;;;;0.0002;0.0000
690;car;0.45;4;1769;17;1918;398;NO;;;;;;0.0002;0.0000
691;car;0.39;29;1;372;1120;1080;NO;;;;;;0.0003;0.0000
691;car;0.48;4;1769;17;1918;398;NO;;;;;;0.0003;0.0000
692;car;0.39;29;1;373;1119;1080;NO;;;;;;0.0004;0.0000
692;car;0.49;4;1769;19;1918;398;NO;;;;;;0.0004;0.0000
693;car;0.39;29;2;372;1120;1080;NO;;;;;;0.0003;0.0000
693;car;0.47;4;1769;18;1918;398;NO;;;;;;0.0003;0.0000
694;car;0.39;29;2;372;1121;1080;NO;;;;;;0.0002;0.0000
694;car;0.44;4;1769;18;1918;398;NO;;;;;;0.0002;0.0000
695;car;0.38;29;3;372;1122;1080;NO;;;;;;0.0002;0.0000
695;car;0.46;4;1769;17;1919;400;NO;;;;;;0.0002;0.0000
696;car;0.4;29;4;372;1122;1080;NO;;;;;;0.0002;0.0000
696;car;0.46;4;1769;17;1918;398;NO;;;;;;0.0002;0.0000
697;car;0.39;29;3;371;1122;1080;NO;;;;;;0.0002;0.0000
697;car;0.49;4;1769;16;1919;400;NO;;;;;;0.0002;0.0000
698;car;0.39;29;2;371;1121;1080;NO;;;;;;0.0003;0.0000
698;car;0.49;4;1769;16;1919;400;NO;;;;;;0.0003;0.0000
699;car;0.39;29;1;370;1121;1080;NO;;;;;;0.0003;0.0000
699;car;0.48;4;1769;16;1919;400;NO;;;;;;0.0003;0.0000
700;car;0.39;29;1;370;1122;1080;NO;;;;;;0.0002;0.0000
700;car;0.47;4;1769;16;1919;400;NO;;;;;;0.0002;0.0000
701;car;0.39;29;2;369;1123;1080;NO;;;;;;0.0002;0.0000
701;car;0.48;4;1769;16;1919;400;NO;;;;;;0.0002;0.0000
702;car;0.39;29;5;370;1125;1080;NO;;;;;;0.0002;0.0000
702;car;0.47;4;1769;16;1919;400;NO;;;;;;0.0002;0.0000
703;car;0.37;29;5;370;1127;1080;NO;;;;;;0.0002;0.0000
703;car;0.45;4;1769;16;1919;400;NO;;;;;;0.0002;0.0000
704;car;0.37;29;4;370;1126;1080;NO;;;;;;0.0003;0.0000
704;car;0.44;4;1769;16;1919;400;NO;;;;;;0.0003;0.0000
705;car;0.37;29;4;370;1126;1080;NO;;;;;;0.0002;0.0000
705;car;0.44;4;1769;16;1919;400;NO;;;;;;0.0002;0.0000
706;car;0.38;29;4;369;1127;1080;NO;;;;;;0.0004;0.0000
706;car;0.43;4;1769;15;1919;400;NO;;;;;;0.0004;0.0000
707;car;0.37;29;2;368;1126;1080;NO;;;;;;0.0002;0.0000
707;car;0.44;4;1769;15;1919;400;NO;;;;;;0.0002;0.0000
708;car;0.37;29;3;369;1126;1080;NO;;;;;;0.0002;0.0000
708;car;0.43;4;1769;15;1919;400;NO;;;;;;0.0002;0.0000
709;car;0.36;29;3;370;1124;1080;NO;;;;;;0.0002;0.0000
709;car;0.44;4;1769;16;1919;400;NO;;;;;;0.0002;0.0000
710;car;0.35;29;3;370;1125;1080;NO;;;;;;0.0002;0.0000
710;car;0.44;4;1769;16;1919;401;NO;;;;;;0.0002;0.0000
711;car;0.34;29;4;370;1125;1080;NO;;;;;;0.0002;0.0000
711;car;0.45;4;1769;17;1919;401;NO;;;;;;0.0002;0.0000
712;car;0.35;29;5;371;1125;1080;NO;;;;;;0.0002;0.0000
712;car;0.43;4;1769;16;1919;401;NO;;;;;;0.0002;0.0000
713;car;0.34;29;5;371;1125;1080;NO;;;;;;0.0002;0.0000
713;car;0.44;4;1769;16;1919;401;NO;;;;;;0.0002;0.0000
714;car;0.34;29;6;371;1127;1080;NO;;;;;;0.0002;0.0000
714;car;0.43;4;1769;15;1919;401;NO;;;;;;0.0002;0.0000
715;car;0.32;29;7;371;1129;1080;NO;;;;;;0.0002;0.0000
715;car;0.41;4;1769;15;1919;402;NO;;;;;;0.0002;0.0000
716;car;0.36;29;6;372;1129;1080;NO;;;;;;0.0003;0.0000
716;car;0.41;4;1769;15;1919;401;NO;;;;;;0.0003;0.0000
717;car;0.35;29;6;371;1128;1080;NO;;;;;;0.0002;0.0000
717;car;0.42;4;1769;15;1919;401;NO;;;;;;0.0002;0.0000
718;car;0.35;29;6;371;1129;1080;NO;;;;;;0.0002;0.0000
718;car;0.4;4;1770;16;1919;401;NO;;;;;;0.0002;0.0000
719;car;0.36;29;5;371;1128;1080;NO;;;;;;0.0003;0.0000
719;car;0.41;4;1770;16;1919;401;NO;;;;;;0.0003;0.0000
720;car;0.37;29;3;372;1125;1080;NO;;;;;;0.0004;0.0000
720;car;0.41;4;1770;16;1919;401;NO;;;;;;0.0004;0.0000
721;car;0.38;29;1;372;1122;1080;NO;;;;;;0.0002;0.0000
721;car;0.41;4;1769;15;1919;400;NO;;;;;;0.0002;0.0000
722;car;0.38;29;2;372;1123;1080;NO;;;;;;0.0002;0.0000
722;car;0.4;4;1769;15;1918;400;NO;;;;;;0.0002;0.0000
723;car;0.36;29;3;372;1124;1080;NO;;;;;;0.0002;0.0000
723;car;0.4;4;1769;15;1918;400;NO;;;;;;0.0002;0.0000
724;car;0.36;29;4;372;1125;1080;NO;;;;;;0.0003;0.0000
724;car;0.39;4;1769;15;1918;400;NO;;;;;;0.0003;0.0000
725;car;0.35;29;3;372;1124;1080;NO;;;;;;0.0002;0.0000
725;car;0.4;4;1769;15;1918;400;NO;;;;;;0.0002;0.0000
726;car;0.39;29;0;374;1117;1080;NO;;;;;;0.0004;0.0000
726;car;0.4;4;1769;15;1918;400;NO;;;;;;0.0004;0.0000
727;car;0.39;29;0;374;1112;1080;NO;;;;;;0.0002;0.0000
727;car;0.4;4;1769;15;1918;400;NO;;;;;;0.0002;0.0000
728;car;0.39;29;0;374;1111;1080;NO;;;;;;0.0002;0.0000
728;car;0.38;4;1769;15;1918;400;NO;;;;;;0.0002;0.0000
729;car;0.4;29;0;373;1113;1080;NO;;;;;;0.0002;0.0000
729;car;0.38;4;1769;16;1917;398;NO;;;;;;0.0002;0.0000
730;car;0.4;29;0;373;1113;1080;NO;;;;;;0.0002;0.0000
730;car;0.38;4;1769;15;1918;399;NO;;;;;;0.0002;0.0000
731;car;0.38;29;0;371;1114;1080;NO;;;;;;0.0003;0.0000
731;car;0.28;4;1768;15;1917;398;NO;;;;;;0.0003;0.0000
732;car;0.42;29;0;371;1112;1080;NO;;;;;;0.0002;0.0000
732;car;0.25;4;1768;15;1917;397;NO;;;;;;0.0002;0.0000
733;car;0.39;29;0;371;1111;1080;NO;;;;;;0.0002;0.0000
733;car;0.27;4;1768;16;1917;397;NO;;;;;;0.0002;0.0000
734;car;0.38;29;0;371;1114;1080;NO;;;;;;0.0002;0.0000
734;car;0.3;4;1768;16;1917;398;NO;;;;;;0.0002;0.0000
735;car;0.39;29;1;371;1115;1080;NO;;;;;;0.0002;0.0000
735;car;0.33;4;1768;17;1917;398;NO;;;;;;0.0002;0.0000
736;car;0.4;29;0;371;1110;1080;NO;;;;;;0.0002;0.0000
736;car;0.32;4;1768;17;1918;400;NO;;;;;;0.0002;0.0000
737;car;0.39;29;0;372;1107;1080;NO;;;;;;0.0005;0.0000
737;car;0.38;4;1768;17;1919;401;NO;;;;;;0.0005;0.0000
738;car;0.38;29;0;373;1103;1080;NO;;;;;;0.0003;0.0000
738;car;0.41;4;1768;16;1919;401;NO;;;;;;0.0003;0.0000
739;car;0.38;29;0;374;1099;1080;NO;;;;;;0.0003;0.0000
739;car;0.41;4;1769;16;1919;401;NO;;;;;;0.0003;0.0000
740;car;0.39;29;0;373;1096;1080;NO;;;;;;0.0004;0.0000
740;car;0.42;4;1769;16;1919;401;NO;;;;;;0.0004;0.0000
741;car;0.39;29;0;374;1091;1080;NO;;;;;;0.0003;0.0000
741;car;0.43;4;1769;16;1919;401;NO;;;;;;0.0003;0.0000
742;car;0.38;29;0;375;1090;1080;NO;;;;;;0.0002;0.0000
742;car;0.41;4;1769;16;1919;401;NO;;;;;;0.0002;0.0000
743;car;0.38;29;0;375;1091;1080;NO;;;;;;0.0002;0.0000
743;car;0.43;4;1769;15;1919;401;NO;;;;;;0.0002;0.0000
744;car;0.39;29;0;375;1088;1080;NO;;;;;;0.0004;0.0000
744;car;0.44;4;1769;15;1919;401;NO;;;;;;0.0004;0.0000
745;car;0.41;29;0;375;1085;1080;NO;;;;;;0.0002;0.0000
745;car;0.41;4;1769;15;1919;401;NO;;;;;;0.0002;0.0000
746;car;0.42;29;0;374;1084;1080;NO;;;;;;0.0002;0.0000
746;car;0.4;4;1769;15;1919;401;NO;;;;;;0.0002;0.0000
747;car;0.42;29;0;374;1083;1080;NO;;;;;;0.0002;0.0000
747;car;0.4;4;1768;15;1919;401;NO;;;;;;0.0002;0.0000
748;car;0.42;29;0;375;1084;1080;NO;;;;;;0.0002;0.0000
748;car;0.4;4;1768;15;1919;401;NO;;;;;;0.0002;0.0000
749;car;0.44;29;0;375;1081;1080;NO;;;;;;0.0002;0.0000
749;car;0.37;4;1768;15;1919;401;NO;;;;;;0.0002;0.0000
750;car;0.43;29;0;375;1077;1080;NO;;;;;;0.0002;0.0000
750;car;0.36;4;1768;15;1919;401;NO;;;;;;0.0002;0.0000
751;car;0.44;29;0;375;1075;1080;NO;;;;;;0.0002;0.0000
751;car;0.34;4;1768;15;1919;401;NO;;;;;;0.0002;0.0000
752;car;0.44;29;0;375;1074;1080;NO;;;;;;0.0003;0.0000
752;car;0.36;4;1768;15;1919;401;NO;;;;;;0.0003;0.0000
753;car;0.45;29;0;375;1072;1080;NO;;;;;;0.0002;0.0000
753;car;0.36;4;1769;16;1919;401;NO;;;;;;0.0002;0.0000
754;car;0.44;29;0;376;1070;1080;NO;;;;;;0.0002;0.0000
754;car;0.37;4;1769;16;1919;401;NO;;;;;;0.0002;0.0000
755;car;0.44;29;0;376;1068;1080;NO;;;;;;0.0002;0.0000
755;car;0.37;4;1769;16;1919;401;NO;;;;;;0.0002;0.0000
756;car;0.45;29;0;375;1068;1080;NO;;;;;;0.0002;0.0000
756;car;0.37;4;1769;16;1919;401;NO;;;;;;0.0002;0.0000
757;car;0.41;29;0;374;1071;1080;NO;;;;;;0.0003;0.0000
757;car;0.36;4;1768;18;1917;399;NO;;;;;;0.0003;0.0000
757;car;0.38;35;952;290;1142;449;NO;;;;;;0.0003;0.0000
758;car;0.42;29;0;374;1070;1080;NO;;;;;;0.0002;0.0000
758;car;0.39;4;1768;20;1916;398;NO;;;;;;0.0002;0.0000
758;car;0.24;35;971;291;1155;444;NO;;;;;;0.0002;0.0000
759;car;0.4;29;0;374;1068;1080;NO;;;;;;0.0002;0.0000
759;car;0.42;4;1768;21;1916;398;NO;;;;;;0.0002;0.0000
759;car;0.58;35;956;291;1139;442;NO;;;;;;0.0002;0.0000
760;car;0.38;29;0;374;1065;1080;NO;;;;;;0.0002;0.0000
760;car;0.39;4;1768;20;1917;398;NO;;;;;;0.0002;0.0000
760;car;0.52;35;964;292;1152;445;NO;;;;;;0.0002;0.0000
761;car;0.37;29;0;374;1064;1080;NO;;;;;;0.0002;0.0000
761;car;0.38;4;1768;20;1917;398;NO;;;;;;0.0002;0.0000
761;car;0.56;35;955;291;1149;446;NO;;;;;;0.0002;0.0000
762;car;0.38;29;0;374;1063;1080;NO;;;;;;0.0002;0.0000
762;car;0.35;4;1767;19;1917;398;NO;;;;;;0.0002;0.0000
762;car;0.59;35;957;289;1152;442;NO;;;;;;0.0002;0.0000
763;car;0.38;29;0;371;1062;1080;NO;;;;;;0.0002;0.0000
763;car;0.35;4;1767;19;1917;398;NO;;;;;;0.0002;0.0000
763;car;0.73;35;960;287;1167;444;NO;;;;;;0.0002;0.0000
764;car;0.38;29;0;371;1059;1080;NO;;;;;;0.0003;0.0000
764;car;0.33;4;1767;19;1917;398;NO;;;;;;0.0003;0.0000
764;car;0.77;35;951;283;1172;447;NO;;;;;;0.0003;0.0000
765;car;0.39;29;0;369;1058;1080;NO;;;;;;0.0002;0.0000
765;car;0.33;4;1767;18;1918;398;NO;;;;;;0.0002;0.0000
765;car;0.72;35;936;281;1163;445;NO;;;;;;0.0002;0.0000
766;car;0.37;29;0;368;1056;1080;NO;;;;;;0.0002;0.0000
766;car;0.3;4;1767;18;1918;398;NO;;;;;;0.0002;0.0000
766;car;0.8;35;917;285;1148;451;NO;;;;;;0.0002;0.0000
767;car;0.35;29;0;368;1054;1080;NO;;;;;;0.0004;0.0000
767;car;0.29;4;1767;19;1918;398;NO;;;;;;0.0004;0.0000
767;car;0.75;35;909;288;1144;454;NO;;;;;;0.0004;0.0000
768;car;0.36;29;0;368;1049;1080;NO;;;;;;0.0004;0.0000
768;car;0.31;4;1767;19;1918;398;NO;;;;;;0.0004;0.0000
768;car;0.76;35;886;290;1121;455;NO;;;;;;0.0004;0.0000
769;car;0.41;29;0;371;1045;1080;NO;;;;;;0.0002;0.0000
769;car;0.33;4;1768;19;1918;397;NO;;;;;;0.0002;0.0000
769;car;0.82;35;863;288;1105;459;NO;;;;;;0.0002;0.0000
770;car;0.42;29;0;372;1044;1080;NO;;;;;;0.0002;0.0000
770;car;0.32;4;1768;19;1918;397;NO;;;;;;0.0002;0.0000
770;car;0.85;35;850;288;1098;463;NO;;;;;;0.0002;0.0000
771;car;0.39;29;2;372;1052;1080;NO;;;;;;0.0002;0.0000
771;car;0.31;4;1768;19;1919;400;NO;;;;;;0.0002;0.0000
771;car;0.79;35;841;288;1095;470;NO;;;;;;0.0002;0.0000
772;car;0.37;29;3;372;1053;1080;NO;;;;;;0.0004;0.0000
772;car;0.3;4;1768;18;1920;401;NO;;;;;;0.0004;0.0000
772;car;0.74;35;839;289;1096;472;NO;;;;;;0.0004;0.0000
773;car;0.35;29;2;373;1050;1080;NO;;;;;;0.0002;0.0000
773;car;0.28;4;1768;19;1920;401;NO;;;;;;0.0002;0.0000
773;car;0.82;35;828;288;1089;474;NO;;;;;;0.0002;0.0000
774;car;0.33;29;7;375;1053;1080;NO;;;;;;0.0002;0.0000
774;car;0.28;4;1768;18;1920;401;NO;;;;;;0.0002;0.0000
774;car;0.86;35;815;287;1083;478;NO;;;;;;0.0002;0.0000
775;car;0.31;29;10;376;1057;1080;NO;;;;;;0.0004;0.0000
775;car;0.25;4;1768;18;1920;402;NO;;;;;;0.0004;0.0000
775;car;0.9;35;806;287;1080;482;NO;;;;;;0.0004;0.0000
776;car;0.33;29;11;377;1059;1080;NO;;;;;;0.0003;0.0000
776;car;0.27;4;1768;17;1920;402;NO;;;;;;0.0003;0.0000
776;car;0.88;35;790;287;1063;485;NO;;;;;;0.0003;0.0000
777;car;0.32;29;9;376;1057;1080;NO;;;;;;0.0003;0.0000
777;car;0.24;4;1768;17;1920;402;NO;;;;;;0.0003;0.0000
777;car;0.89;35;781;287;1057;487;NO;;;;;;0.0003;0.0000
778;car;0.29;29;7;376;1056;1080;NO;;;;;;0.0005;0.0000
778;car;0.27;4;1768;17;1920;402;NO;;;;;;0.0005;0.0000
778;car;0.86;35;770;287;1047;489;NO;;;;;;0.0005;0.0000
779;car;0.29;29;6;377;1053;1080;NO;;;;;;0.0003;0.0000
779;car;0.28;4;1768;16;1920;402;NO;;;;;;0.0003;0.0000
779;car;0.84;35;764;288;1041;489;NO;;;;;;0.0003;0.0000
780;car;0.28;29;2;377;1049;1080;NO;;;;;;0.0002;0.0000
780;car;0.28;4;1768;16;1919;402;NO;;;;;;0.0002;0.0000
780;car;0.9;35;748;288;1042;501;NO;;;;;;0.0002;0.0000
781;car;0.21;29;5;374;1057;1080;NO;;;;;;0.0002;0.0000
781;car;0.24;4;1769;16;1919;402;NO;;;;;;0.0002;0.0000
781;car;0.87;35;737;288;1035;502;NO;;;;;;0.0002;0.0000
782;car;0.24;4;1769;16;1919;402;NO;;;;;;0.0003;0.0000
782;car;0.88;35;723;288;1032;510;NO;;;;;;0.0003;0.0000
783;car;0.26;4;1769;16;1919;402;NO;;;;;;0.0002;0.0000
783;car;0.88;35;697;288;1017;519;NO;;;;;;0.0002;0.0000
784;car;0.17;4;1769;17;1919;402;NO;;;;;;0.0003;0.0000
784;car;0.94;35;690;286;1020;523;NO;;;;;;0.0003;0.0000
785;car;0.21;4;1769;17;1919;402;NO;;;;;;0.0002;0.0000
785;car;0.94;35;675;284;1018;528;NO;;;;;;0.0002;0.0000
786;car;0.23;4;1769;17;1919;402;NO;;;;;;0.0003;0.0000
786;car;0.9;35;657;282;1012;533;NO;;;;;;0.0003;0.0000
787;car;0.19;4;1769;18;1918;402;NO;;;;;;0.0002;0.0000
787;car;0.89;35;647;280;1012;535;NO;;;;;;0.0002;0.0000
787;licenseplate;0.68;38;708;439;791;476;SÍ;708;439;791;476;EE;0.0002;0.2239
788;car;0.21;4;1769;19;1918;402;NO;;;;;;0.0002;0.0000
788;car;0.85;35;628;279;1020;548;NO;;;;;;0.0002;0.0000
789;car;0.14;4;1769;19;1918;402;NO;;;;;;0.0003;0.0000
789;car;0.83;35;602;279;1000;550;NO;;;;;;0.0003;0.0000
790;car;0.13;4;1769;19;1918;402;NO;;;;;;0.0002;0.0000
790;car;0.87;35;572;279;979;554;NO;;;;;;0.0002;0.0000
790;licenseplate;0.59;39;632;452;741;495;SÍ;632;452;741;495;;0.0002;0.1943
791;car;0.87;35;545;278;966;561;NO;;;;;;0.0002;0.0000
791;licenseplate;0.7;39;609;458;718;500;SÍ;609;458;718;500;;0.0002;0.1941
792;car;0.87;35;516;276;959;570;NO;;;;;;0.0002;0.0000
792;licenseplate;0.75;39;582;466;697;511;SÍ;582;466;697;511;;0.0002;0.2012
793;car;0.89;35;481;276;952;587;NO;;;;;;0.0002;0.0000
793;licenseplate;0.56;39;547;472;671;520;SÍ;547;472;671;520;;0.0002;0.1933
794;car;0.9;35;445;271;947;601;NO;;;;;;0.0002;0.0000
794;licenseplate;0.71;39;512;476;639;525;SÍ;512;476;639;525;PC;0.0002;0.1933
795;car;0.88;35;407;267;936;614;NO;;;;;;0.0002;0.0000
795;licenseplate;0.67;39;474;484;607;535;SÍ;474;484;607;535;;0.0002;0.1979
796;car;0.9;35;368;268;920;626;NO;;;;;;0.0002;0.0000
796;licenseplate;0.69;39;434;495;569;546;SÍ;434;495;569;546;;0.0002;0.1935
797;car;0.89;35;325;266;910;644;NO;;;;;;0.0002;0.0000
797;licenseplate;0.6;39;387;502;531;557;SÍ;387;502;531;557;C;0.0002;0.1972
798;car;0.91;35;273;259;897;659;NO;;;;;;0.0002;0.0000
798;licenseplate;0.7;39;339;514;487;571;SÍ;339;514;487;571;;0.0002;0.1962
799;car;0.89;35;221;259;881;680;NO;;;;;;0.0002;0.0000
799;licenseplate;0.64;39;282;526;438;586;SÍ;282;526;438;586;;0.0002;0.1989
800;car;0.88;35;161;256;861;698;NO;;;;;;0.0003;0.0000
801;car;0.9;35;88;256;833;721;NO;;;;;;0.0002;0.0000
802;car;0.9;35;36;257;830;751;NO;;;;;;0.0002;0.0000
803;car;0.92;35;0;257;836;783;NO;;;;;;0.0002;0.0000
804;car;0.9;35;0;253;850;823;NO;;;;;;0.0002;0.0000
805;car;0.91;35;0;251;886;898;NO;;;;;;0.0002;0.0000
806;car;0.91;35;0;249;893;937;NO;;;;;;0.0002;0.0000
807;car;0.87;35;0;246;882;953;NO;;;;;;0.0004;0.0000
808;car;0.87;35;0;242;896;1016;NO;;;;;;0.0002;0.0000
809;car;0.89;35;0;239;825;955;NO;;;;;;0.0002;0.0000
810;car;0.9;35;0;231;811;977;NO;;;;;;0.0003;0.0000
811;car;0.9;35;0;225;777;980;NO;;;;;;0.0002;0.0000
812;car;0.91;35;0;221;734;972;NO;;;;;;0.0003;0.0000
813;car;0.9;35;0;224;684;971;NO;;;;;;0.0003;0.0000
814;car;0.81;35;0;226;632;979;NO;;;;;;0.0002;0.0000
814;car;0.31;4;1768;18;1918;400;NO;;;;;;0.0002;0.0000
815;car;0.42;4;1768;19;1918;399;NO;;;;;;0.0004;0.0000
816;car;0.37;4;1768;18;1918;399;NO;;;;;;0.0002;0.0000
817;car;0.45;4;1767;18;1918;399;NO;;;;;;0.0003;0.0000
818;car;0.4;4;1767;18;1918;399;NO;;;;;;0.0002;0.0000
819;car;0.42;4;1767;18;1918;399;NO;;;;;;0.0004;0.0000
819;car;0.36;43;3;371;1119;1080;NO;;;;;;0.0004;0.0000
820;car;0.44;4;1767;19;1918;399;NO;;;;;;0.0002;0.0000
820;car;0.35;43;4;370;1122;1080;NO;;;;;;0.0002;0.0000
821;car;0.45;4;1767;19;1918;399;NO;;;;;;0.0002;0.0000
821;car;0.36;43;5;370;1123;1080;NO;;;;;;0.0002;0.0000
822;car;0.47;4;1767;20;1918;399;NO;;;;;;0.0002;0.0000
822;car;0.36;43;4;370;1121;1080;NO;;;;;;0.0002;0.0000
823;car;0.48;4;1767;21;1918;398;NO;;;;;;0.0002;0.0000
823;car;0.38;43;3;371;1119;1080;NO;;;;;;0.0002;0.0000
824;car;0.46;4;1767;22;1917;398;NO;;;;;;0.0002;0.0000
824;car;0.38;43;3;372;1119;1080;NO;;;;;;0.0002;0.0000
825;car;0.47;4;1767;22;1918;398;NO;;;;;;0.0003;0.0000
825;car;0.39;43;4;372;1119;1080;NO;;;;;;0.0003;0.0000
826;car;0.46;4;1767;22;1918;399;NO;;;;;;0.0002;0.0000
826;car;0.4;43;4;372;1119;1080;NO;;;;;;0.0002;0.0000
827;car;0.44;4;1767;22;1918;399;NO;;;;;;0.0002;0.0000
827;car;0.39;43;4;372;1119;1080;NO;;;;;;0.0002;0.0000
828;car;0.44;4;1767;23;1918;399;NO;;;;;;0.0002;0.0000
828;car;0.37;43;5;372;1120;1080;NO;;;;;;0.0002;0.0000
829;car;0.42;4;1767;21;1918;399;NO;;;;;;0.0003;0.0000
829;car;0.31;43;5;371;1123;1080;NO;;;;;;0.0003;0.0000
830;car;0.4;4;1767;21;1919;399;NO;;;;;;0.0003;0.0000
830;car;0.32;43;5;371;1124;1080;NO;;;;;;0.0003;0.0000
831;car;0.44;4;1767;21;1919;399;NO;;;;;;0.0002;0.0000
831;car;0.28;43;6;370;1126;1080;NO;;;;;;0.0002;0.0000
832;car;0.46;4;1767;22;1918;399;NO;;;;;;0.0002;0.0000
832;car;0.28;43;7;370;1128;1080;NO;;;;;;0.0002;0.0000
833;car;0.46;4;1768;24;1918;398;NO;;;;;;0.0002;0.0000
833;car;0.3;43;6;370;1127;1080;NO;;;;;;0.0002;0.0000
834;car;0.47;4;1768;24;1918;398;NO;;;;;;0.0003;0.0000
834;car;0.29;43;5;370;1126;1080;NO;;;;;;0.0003;0.0000
835;car;0.49;4;1768;25;1918;398;NO;;;;;;0.0002;0.0000
835;car;0.32;43;4;371;1124;1080;NO;;;;;;0.0002;0.0000
836;car;0.47;4;1768;24;1918;398;NO;;;;;;0.0002;0.0000
836;car;0.32;43;3;370;1124;1080;NO;;;;;;0.0002;0.0000
837;car;0.48;4;1768;24;1918;398;NO;;;;;;0.0002;0.0000
837;car;0.3;43;3;370;1125;1080;NO;;;;;;0.0002;0.0000
838;car;0.46;4;1768;23;1918;398;NO;;;;;;0.0002;0.0000
838;car;0.3;43;3;370;1124;1080;NO;;;;;;0.0002;0.0000
839;car;0.48;4;1768;25;1918;398;NO;;;;;;0.0002;0.0000
839;car;0.3;43;3;370;1123;1080;NO;;;;;;0.0002;0.0000
840;car;0.49;4;1768;25;1918;398;NO;;;;;;0.0003;0.0000
840;car;0.32;43;3;371;1122;1080;NO;;;;;;0.0003;0.0000
841;car;0.48;4;1768;25;1918;398;NO;;;;;;0.0002;0.0000
841;car;0.3;43;2;370;1122;1080;NO;;;;;;0.0002;0.0000
842;car;0.47;4;1768;25;1918;398;NO;;;;;;0.0002;0.0000
842;car;0.29;43;2;370;1121;1080;NO;;;;;;0.0002;0.0000
843;car;0.45;4;1767;25;1918;398;NO;;;;;;0.0003;0.0000
843;car;0.28;43;1;370;1120;1080;NO;;;;;;0.0003;0.0000
844;car;0.44;4;1767;25;1918;399;NO;;;;;;0.0002;0.0000
844;car;0.3;43;2;371;1119;1080;NO;;;;;;0.0002;0.0000
845;car;0.43;4;1767;25;1918;399;NO;;;;;;0.0003;0.0000
845;car;0.29;43;2;371;1119;1080;NO;;;;;;0.0003;0.0000
846;car;0.42;4;1767;24;1918;399;NO;;;;;;0.0002;0.0000
846;car;0.3;43;2;371;1119;1080;NO;;;;;;0.0002;0.0000
847;car;0.4;4;1767;25;1918;399;NO;;;;;;0.0002;0.0000
847;car;0.3;43;2;371;1119;1080;NO;;;;;;0.0002;0.0000
848;car;0.38;4;1767;24;1918;399;NO;;;;;;0.0002;0.0000
848;car;0.31;43;3;370;1121;1080;NO;;;;;;0.0002;0.0000
849;car;0.39;4;1767;25;1918;399;NO;;;;;;0.0002;0.0000
849;car;0.31;43;4;370;1121;1080;NO;;;;;;0.0002;0.0000
850;car;0.43;4;1767;25;1918;399;NO;;;;;;0.0002;0.0000
850;car;0.32;43;4;371;1121;1080;NO;;;;;;0.0002;0.0000
851;car;0.44;4;1767;25;1918;399;NO;;;;;;0.0002;0.0000
851;car;0.31;43;3;371;1120;1080;NO;;;;;;0.0002;0.0000
852;car;0.44;4;1766;25;1918;399;NO;;;;;;0.0003;0.0000
852;car;0.29;43;3;370;1120;1080;NO;;;;;;0.0003;0.0000
853;car;0.41;4;1766;23;1918;398;NO;;;;;;0.0002;0.0000
853;car;0.31;43;3;370;1121;1080;NO;;;;;;0.0002;0.0000
854;car;0.44;4;1766;23;1918;398;NO;;;;;;0.0002;0.0000
854;car;0.3;43;3;371;1119;1080;NO;;;;;;0.0002;0.0000
855;car;0.45;4;1766;22;1918;398;NO;;;;;;0.0003;0.0000
855;car;0.36;43;3;373;1116;1080;NO;;;;;;0.0003;0.0000
856;car;0.43;4;1766;21;1919;399;NO;;;;;;0.0002;0.0000
856;car;0.36;43;2;373;1114;1080;NO;;;;;;0.0002;0.0000
857;car;0.42;4;1766;21;1919;399;NO;;;;;;0.0002;0.0000
857;car;0.36;43;2;374;1113;1080;NO;;;;;;0.0002;0.0000
858;car;0.44;4;1766;20;1919;398;NO;;;;;;0.0001;0.0000
858;car;0.36;43;2;374;1112;1080;NO;;;;;;0.0001;0.0000
859;car;0.44;4;1766;21;1919;398;NO;;;;;;0.0002;0.0000
859;car;0.36;43;2;374;1111;1080;NO;;;;;;0.0002;0.0000
860;car;0.42;4;1766;21;1919;398;NO;;;;;;0.0002;0.0000
860;car;0.37;43;2;375;1111;1080;NO;;;;;;0.0002;0.0000
861;car;0.45;4;1766;21;1919;398;NO;;;;;;0.0003;0.0000
861;car;0.36;43;2;375;1111;1080;NO;;;;;;0.0003;0.0000
862;car;0.44;4;1766;22;1918;398;NO;;;;;;0.0002;0.0000
862;car;0.37;43;3;375;1112;1080;NO;;;;;;0.0002;0.0000
863;car;0.44;4;1766;22;1918;398;NO;;;;;;0.0003;0.0000
863;car;0.39;43;3;375;1111;1080;NO;;;;;;0.0003;0.0000
864;car;0.44;4;1766;22;1918;398;NO;;;;;;0.0002;0.0000
864;car;0.38;43;3;375;1111;1080;NO;;;;;;0.0002;0.0000
865;car;0.41;4;1765;20;1919;399;NO;;;;;;0.0004;0.0000
865;car;0.36;43;1;373;1111;1080;NO;;;;;;0.0004;0.0000
866;car;0.39;4;1765;19;1919;399;NO;;;;;;0.0004;0.0000
866;car;0.35;43;0;372;1112;1080;NO;;;;;;0.0004;0.0000
867;car;0.39;4;1765;19;1919;399;NO;;;;;;0.0004;0.0000
867;car;0.34;43;1;371;1113;1080;NO;;;;;;0.0004;0.0000
868;car;0.37;4;1765;19;1919;399;NO;;;;;;0.0003;0.0000
868;car;0.33;43;1;370;1114;1080;NO;;;;;;0.0003;0.0000
869;car;0.37;4;1765;19;1919;399;NO;;;;;;0.0002;0.0000
869;car;0.32;43;2;370;1115;1080;NO;;;;;;0.0002;0.0000
870;car;0.36;4;1765;19;1919;399;NO;;;;;;0.0002;0.0000
870;car;0.32;43;3;370;1115;1080;NO;;;;;;0.0002;0.0000
871;car;0.39;4;1765;20;1919;399;NO;;;;;;0.0003;0.0000
871;car;0.33;43;3;370;1115;1080;NO;;;;;;0.0003;0.0000
872;car;0.4;4;1765;20;1919;399;NO;;;;;;0.0004;0.0000
872;car;0.33;43;3;370;1116;1080;NO;;;;;;0.0004;0.0000
873;car;0.39;4;1765;19;1919;399;NO;;;;;;0.0003;0.0000
873;car;0.32;43;3;370;1116;1080;NO;;;;;;0.0003;0.0000
874;car;0.38;4;1765;19;1919;399;NO;;;;;;0.0002;0.0000
874;car;0.31;43;3;369;1117;1080;NO;;;;;;0.0002;0.0000
875;car;0.39;4;1765;20;1919;399;NO;;;;;;0.0003;0.0000
875;car;0.31;43;3;369;1116;1080;NO;;;;;;0.0003;0.0000
876;car;0.4;4;1765;19;1919;399;NO;;;;;;0.0002;0.0000
876;car;0.32;43;3;370;1116;1080;NO;;;;;;0.0002;0.0000
877;car;0.38;4;1765;19;1919;400;NO;;;;;;0.0003;0.0000
877;car;0.31;43;3;370;1116;1080;NO;;;;;;0.0003;0.0000
878;car;0.39;4;1765;19;1919;400;NO;;;;;;0.0002;0.0000
878;car;0.32;43;4;370;1118;1080;NO;;;;;;0.0002;0.0000
879;car;0.39;4;1765;20;1919;400;NO;;;;;;0.0002;0.0000
879;car;0.31;43;7;371;1119;1080;NO;;;;;;0.0002;0.0000
880;car;0.41;4;1765;20;1919;400;NO;;;;;;0.0002;0.0000
880;car;0.32;43;7;371;1120;1080;NO;;;;;;0.0002;0.0000
881;car;0.4;4;1766;20;1919;400;NO;;;;;;0.0002;0.0000
881;car;0.3;43;6;371;1120;1080;NO;;;;;;0.0002;0.0000
882;car;0.39;4;1766;20;1919;400;NO;;;;;;0.0002;0.0000
882;car;0.31;43;5;371;1119;1080;NO;;;;;;0.0002;0.0000
883;car;0.38;4;1766;21;1919;400;NO;;;;;;0.0004;0.0000
883;car;0.33;43;5;372;1118;1080;NO;;;;;;0.0004;0.0000
884;car;0.37;4;1766;21;1919;400;NO;;;;;;0.0002;0.0000
884;car;0.33;43;5;372;1118;1080;NO;;;;;;0.0002;0.0000
885;car;0.4;4;1766;20;1919;400;NO;;;;;;0.0003;0.0000
885;car;0.35;43;3;373;1115;1080;NO;;;;;;0.0003;0.0000
886;car;0.4;4;1766;19;1919;399;NO;;;;;;0.0002;0.0000
886;car;0.37;43;2;373;1111;1080;NO;;;;;;0.0002;0.0000
887;car;0.39;4;1766;19;1919;399;NO;;;;;;0.0002;0.0000
887;car;0.36;43;1;374;1110;1080;NO;;;;;;0.0002;0.0000
888;car;0.38;4;1766;19;1919;400;NO;;;;;;0.0002;0.0000
888;car;0.36;43;2;374;1111;1080;NO;;;;;;0.0002;0.0000
889;car;0.32;4;1766;17;1919;399;NO;;;;;;0.0002;0.0000
889;car;0.35;43;0;372;1109;1080;NO;;;;;;0.0002;0.0000
890;car;0.32;4;1766;16;1920;401;NO;;;;;;0.0002;0.0000
890;car;0.35;43;0;371;1109;1080;NO;;;;;;0.0002;0.0000
891;car;0.31;4;1766;16;1920;402;NO;;;;;;0.0003;0.0000
891;car;0.35;43;0;371;1107;1080;NO;;;;;;0.0003;0.0000
892;car;0.31;4;1767;16;1920;402;NO;;;;;;0.0002;0.0000
892;car;0.36;43;0;371;1105;1080;NO;;;;;;0.0002;0.0000
893;car;0.31;4;1767;17;1920;402;NO;;;;;;0.0002;0.0000
893;car;0.36;43;0;371;1103;1080;NO;;;;;;0.0002;0.0000
893;car;0.46;44;1271;321;1469;470;NO;;;;;;0.0002;0.0000
894;car;0.32;4;1767;17;1919;400;NO;;;;;;0.0002;0.0000
894;car;0.36;43;0;371;1104;1080;NO;;;;;;0.0002;0.0000
894;car;0.4;44;1279;320;1483;475;NO;;;;;;0.0002;0.0000
895;car;0.32;4;1767;18;1918;399;NO;;;;;;0.0002;0.0000
895;car;0.36;43;0;371;1103;1080;NO;;;;;;0.0002;0.0000
895;car;0.39;44;1278;322;1493;485;NO;;;;;;0.0002;0.0000
896;car;0.34;4;1767;19;1918;398;NO;;;;;;0.0002;0.0000
896;car;0.35;43;0;371;1104;1080;NO;;;;;;0.0002;0.0000
896;car;0.45;44;1283;321;1507;491;NO;;;;;;0.0002;0.0000
897;car;0.34;4;1767;19;1918;398;NO;;;;;;0.0004;0.0000
897;car;0.35;43;0;371;1103;1080;NO;;;;;;0.0004;0.0000
897;car;0.7;44;1286;319;1521;499;NO;;;;;;0.0004;0.0000
898;car;0.35;4;1767;21;1918;398;NO;;;;;;0.0002;0.0000
898;car;0.34;43;1;371;1104;1080;NO;;;;;;0.0002;0.0000
898;car;0.74;44;1288;320;1527;505;NO;;;;;;0.0002;0.0000
899;car;0.32;4;1767;23;1917;398;NO;;;;;;0.0002;0.0000
899;car;0.33;43;1;371;1103;1080;NO;;;;;;0.0002;0.0000
899;car;0.89;44;1291;321;1531;506;NO;;;;;;0.0002;0.0000
900;car;0.32;4;1767;25;1917;398;NO;;;;;;0.0003;0.0000
900;car;0.33;43;1;372;1102;1080;NO;;;;;;0.0003;0.0000
900;car;0.91;44;1294;321;1539;510;NO;;;;;;0.0003;0.0000
901;car;0.31;4;1767;26;1917;397;NO;;;;;;0.0003;0.0000
901;car;0.31;43;4;370;1107;1080;NO;;;;;;0.0003;0.0000
901;car;0.93;44;1299;320;1552;516;NO;;;;;;0.0003;0.0000
902;car;0.3;4;1767;28;1917;397;NO;;;;;;0.0004;0.0000
902;car;0.3;43;5;369;1110;1080;NO;;;;;;0.0004;0.0000
902;car;0.96;44;1317;320;1572;517;NO;;;;;;0.0004;0.0000
903;car;0.3;4;1767;31;1916;398;NO;;;;;;0.0003;0.0000
903;car;0.31;43;8;370;1112;1080;NO;;;;;;0.0003;0.0000
903;car;0.95;44;1324;320;1583;521;NO;;;;;;0.0003;0.0000
904;car;0.3;4;1767;32;1916;397;NO;;;;;;0.0002;0.0000
904;car;0.32;43;8;371;1113;1080;NO;;;;;;0.0002;0.0000
904;car;0.96;44;1324;321;1592;526;NO;;;;;;0.0002;0.0000
905;car;0.29;4;1767;33;1916;397;NO;;;;;;0.0003;0.0000
905;car;0.32;43;7;371;1113;1080;NO;;;;;;0.0003;0.0000
905;car;0.95;44;1340;321;1610;527;NO;;;;;;0.0003;0.0000
906;car;0.28;4;1767;34;1916;398;NO;;;;;;0.0002;0.0000
906;car;0.31;43;7;371;1113;1080;NO;;;;;;0.0002;0.0000
906;car;0.94;44;1358;321;1634;531;NO;;;;;;0.0002;0.0000
907;car;0.29;4;1767;35;1916;397;NO;;;;;;0.0002;0.0000
907;car;0.31;43;7;371;1113;1080;NO;;;;;;0.0002;0.0000
907;car;0.92;44;1365;322;1651;538;NO;;;;;;0.0002;0.0000
908;car;0.32;4;1768;37;1916;398;NO;;;;;;0.0002;0.0000
908;car;0.3;43;6;371;1113;1080;NO;;;;;;0.0002;0.0000
908;car;0.94;44;1365;323;1664;546;NO;;;;;;0.0002;0.0000
909;car;0.31;4;1768;37;1916;398;NO;;;;;;0.0004;0.0000
909;car;0.28;43;5;371;1111;1080;NO;;;;;;0.0004;0.0000
909;car;0.96;44;1369;324;1687;556;NO;;;;;;0.0004;0.0000
910;car;0.19;4;1767;38;1917;400;NO;;;;;;0.0003;0.0000
910;car;0.26;43;4;371;1111;1080;NO;;;;;;0.0003;0.0000
910;car;0.94;44;1387;324;1719;564;NO;;;;;;0.0003;0.0000
910;licenseplate;0.62;48;1457;486;1538;530;SÍ;1457;486;1538;530;7;0.0003;0.1970
911;car;0.16;4;1766;32;1919;403;NO;;;;;;0.0002;0.0000
911;car;0.27;43;4;371;1111;1080;NO;;;;;;0.0002;0.0000
911;car;0.93;44;1396;323;1748;574;NO;;;;;;0.0002;0.0000
911;licenseplate;0.53;48;1480;487;1558;530;SÍ;1480;487;1558;530;;0.0002;0.1938
912;car;0.25;43;4;371;1111;1080;NO;;;;;;0.0003;0.0000
912;car;0.97;44;1403;323;1774;582;NO;;;;;;0.0003;0.0000
913;car;0.21;43;5;371;1112;1080;NO;;;;;;0.0003;0.0000
913;car;0.93;44;1413;323;1810;595;NO;;;;;;0.0003;0.0000
914;car;0.17;43;6;371;1113;1080;NO;;;;;;0.0002;0.0000
914;car;0.94;44;1430;322;1855;606;NO;;;;;;0.0002;0.0000
915;car;0.14;43;5;371;1114;1080;NO;;;;;;0.0002;0.0000
915;car;0.91;44;1435;321;1885;618;NO;;;;;;0.0002;0.0000
916;car;0.12;43;6;370;1116;1080;NO;;;;;;0.0002;0.0000
916;car;0.82;44;1437;324;1902;629;NO;;;;;;0.0002;0.0000
917;car;0.83;44;1433;324;1920;644;NO;;;;;;0.0004;0.0000
918;car;0.84;44;1433;325;1920;660;NO;;;;;;0.0004;0.0000
919;car;0.83;44;1423;325;1920;686;NO;;;;;;0.0002;0.0000
920;car;0.85;44;1419;327;1920;716;NO;;;;;;0.0002;0.0000
921;car;0.84;44;1429;331;1920;736;NO;;;;;;0.0003;0.0000
922;car;0.8;44;1438;337;1920;760;NO;;;;;;0.0002;0.0000
923;car;0.82;44;1445;340;1920;784;NO;;;;;;0.0002;0.0000
924;car;0.82;44;1485;344;1920;766;NO;;;;;;0.0003;0.0000
925;car;0.73;44;1521;347;1920;755;NO;;;;;;0.0002;0.0000
926;car;0.76;44;1563;368;1920;745;NO;;;;;;0.0002;0.0000
926;car;0.28;43;2;370;1111;1079;NO;;;;;;0.0002;0.0000
927;car;0.8;44;1601;387;1920;744;NO;;;;;;0.0002;0.0000
927;car;0.27;43;3;371;1112;1079;NO;;;;;;0.0002;0.0000
928;car;0.53;44;1641;404;1920;745;NO;;;;;;0.0003;0.0000
928;car;0.3;43;4;371;1113;1079;NO;;;;;;0.0003;0.0000
929;car;0.31;43;4;372;1113;1079;NO;;;;;;0.0002;0.0000
930;car;0.31;43;5;372;1115;1079;NO;;;;;;0.0002;0.0000
930;car;0.27;4;1765;18;1920;400;NO;;;;;;0.0002;0.0000
931;car;0.33;43;6;371;1116;1079;NO;;;;;;0.0003;0.0000
931;car;0.4;4;1765;18;1920;399;NO;;;;;;0.0003;0.0000
932;car;0.34;43;6;372;1115;1079;NO;;;;;;0.0003;0.0000
932;car;0.41;4;1765;18;1920;398;NO;;;;;;0.0003;0.0000
933;car;0.33;43;5;372;1115;1079;NO;;;;;;0.0005;0.0000
933;car;0.42;4;1765;18;1919;398;NO;;;;;;0.0005;0.0000
934;car;0.36;43;5;372;1115;1079;NO;;;;;;0.0002;0.0000
934;car;0.4;4;1765;18;1919;399;NO;;;;;;0.0002;0.0000
935;car;0.35;43;5;373;1115;1079;NO;;;;;;0.0002;0.0000
935;car;0.4;4;1765;18;1919;399;NO;;;;;;0.0002;0.0000
936;car;0.37;43;5;373;1115;1079;NO;;;;;;0.0004;0.0000
936;car;0.43;4;1765;19;1919;399;NO;;;;;;0.0004;0.0000
937;car;0.36;43;3;371;1115;1079;NO;;;;;;0.0003;0.0000
937;car;0.45;4;1765;18;1919;399;NO;;;;;;0.0003;0.0000
938;car;0.36;43;1;371;1113;1079;NO;;;;;;0.0002;0.0000
938;car;0.47;4;1765;18;1919;399;NO;;;;;;0.0002;0.0000
939;car;0.35;43;1;371;1112;1079;NO;;;;;;0.0002;0.0000
939;car;0.45;4;1765;18;1919;399;NO;;;;;;0.0002;0.0000
940;car;0.35;43;0;370;1111;1079;NO;;;;;;0.0002;0.0000
940;car;0.46;4;1765;18;1919;399;NO;;;;;;0.0002;0.0000
941;car;0.35;43;0;371;1110;1079;NO;;;;;;0.0002;0.0000
941;car;0.46;4;1765;19;1919;399;NO;;;;;;0.0002;0.0000
942;car;0.35;43;1;371;1109;1079;NO;;;;;;0.0004;0.0000
942;car;0.45;4;1765;19;1919;399;NO;;;;;;0.0004;0.0000
943;car;0.36;43;1;371;1109;1079;NO;;;;;;0.0002;0.0000
943;car;0.47;4;1766;21;1919;399;NO;;;;;;0.0002;0.0000
944;car;0.37;43;2;371;1111;1079;NO;;;;;;0.0002;0.0000
944;car;0.45;4;1766;20;1919;399;NO;;;;;;0.0002;0.0000
945;car;0.35;43;3;371;1112;1079;NO;;;;;;0.0003;0.0000
945;car;0.47;4;1766;20;1919;399;NO;;;;;;0.0003;0.0000
946;car;0.36;43;4;371;1112;1079;NO;;;;;;0.0004;0.0000
946;car;0.47;4;1766;19;1919;399;NO;;;;;;0.0004;0.0000
947;car;0.34;43;4;369;1114;1079;NO;;;;;;0.0002;0.0000
947;car;0.46;4;1766;19;1919;400;NO;;;;;;0.0002;0.0000
948;car;0.35;43;3;370;1113;1079;NO;;;;;;0.0002;0.0000
948;car;0.49;4;1766;19;1919;400;NO;;;;;;0.0002;0.0000
949;car;0.32;43;3;370;1112;1079;NO;;;;;;0.0002;0.0000
949;car;0.46;4;1766;20;1919;399;NO;;;;;;0.0002;0.0000
950;car;0.32;43;2;370;1112;1079;NO;;;;;;0.0002;0.0000
950;car;0.46;4;1766;20;1919;399;NO;;;;;;0.0002;0.0000
951;car;0.33;43;3;370;1112;1079;NO;;;;;;0.0003;0.0000
951;car;0.45;4;1766;21;1918;398;NO;;;;;;0.0003;0.0000
952;car;0.31;43;3;370;1111;1079;NO;;;;;;0.0002;0.0000
952;car;0.45;4;1767;21;1918;398;NO;;;;;;0.0002;0.0000
953;car;0.32;43;5;370;1113;1079;NO;;;;;;0.0002;0.0000
953;car;0.45;4;1767;22;1918;398;NO;;;;;;0.0002;0.0000
954;car;0.33;43;5;370;1114;1079;NO;;;;;;0.0002;0.0000
954;car;0.44;4;1767;22;1918;398;NO;;;;;;0.0002;0.0000
955;car;0.33;43;6;370;1115;1079;NO;;;;;;0.0003;0.0000
955;car;0.45;4;1767;24;1918;398;NO;;;;;;0.0003;0.0000
956;car;0.32;43;6;370;1117;1079;NO;;;;;;0.0002;0.0000
956;car;0.45;4;1767;24;1918;398;NO;;;;;;0.0002;0.0000
957;car;0.33;43;7;370;1118;1079;NO;;;;;;0.0002;0.0000
957;car;0.44;4;1767;23;1918;397;NO;;;;;;0.0002;0.0000
958;car;0.34;43;7;370;1118;1079;NO;;;;;;0.0002;0.0000
958;car;0.44;4;1767;23;1918;397;NO;;;;;;0.0002;0.0000
959;car;0.35;43;7;371;1118;1079;NO;;;;;;0.0002;0.0000
959;car;0.44;4;1767;23;1918;397;NO;;;;;;0.0002;0.0000
960;car;0.34;43;7;372;1118;1079;NO;;;;;;0.0004;0.0000
960;car;0.44;4;1767;23;1919;397;NO;;;;;;0.0004;0.0000
961;car;0.37;43;4;372;1115;1079;NO;;;;;;0.0003;0.0000
961;car;0.38;4;1767;21;1919;398;NO;;;;;;0.0003;0.0000
962;car;0.36;43;3;371;1114;1079;NO;;;;;;0.0002;0.0000
962;car;0.39;4;1767;21;1919;398;NO;;;;;;0.0002;0.0000
963;car;0.37;43;3;371;1114;1080;NO;;;;;;0.0006;0.0000
963;car;0.4;4;1767;21;1919;398;NO;;;;;;0.0006;0.0000
964;car;0.37;43;3;372;1113;1079;NO;;;;;;0.0002;0.0000
964;car;0.39;4;1767;20;1919;398;NO;;;;;;0.0002;0.0000
965;car;0.37;43;3;372;1112;1080;NO;;;;;;0.0002;0.0000
965;car;0.4;4;1767;21;1919;398;NO;;;;;;0.0002;0.0000
966;car;0.37;43;2;372;1111;1080;NO;;;;;;0.0002;0.0000
966;car;0.39;4;1766;20;1919;398;NO;;;;;;0.0002;0.0000
967;car;0.37;43;2;372;1112;1080;NO;;;;;;0.0004;0.0000
967;car;0.41;4;1766;20;1919;398;NO;;;;;;0.0004;0.0000
968;car;0.37;43;2;372;1112;1080;NO;;;;;;0.0002;0.0000
968;car;0.4;4;1766;20;1919;398;NO;;;;;;0.0002;0.0000
969;car;0.37;43;2;372;1111;1080;NO;;;;;;0.0002;0.0000
969;car;0.4;4;1766;20;1919;398;NO;;;;;;0.0002;0.0000
970;car;0.36;43;2;372;1111;1080;NO;;;;;;0.0002;0.0000
970;car;0.41;4;1766;20;1919;398;NO;;;;;;0.0002;0.0000
971;car;0.36;43;2;371;1112;1080;NO;;;;;;0.0002;0.0000
971;car;0.4;4;1766;19;1919;398;NO;;;;;;0.0002;0.0000
972;car;0.35;43;1;371;1112;1080;NO;;;;;;0.0002;0.0000
972;car;0.41;4;1766;19;1919;398;NO;;;;;;0.0002;0.0000
973;car;0.33;43;2;370;1112;1080;NO;;;;;;0.0003;0.0000
973;car;0.39;4;1766;18;1919;399;NO;;;;;;0.0003;0.0000
974;car;0.32;43;2;370;1113;1080;NO;;;;;;0.0003;0.0000
974;car;0.34;4;1766;18;1919;398;NO;;;;;;0.0003;0.0000
975;car;0.34;43;5;371;1114;1080;NO;;;;;;0.0002;0.0000
975;car;0.32;4;1767;18;1919;397;NO;;;;;;0.0002;0.0000
976;car;0.34;43;5;372;1114;1080;NO;;;;;;0.0002;0.0000
976;car;0.22;4;1767;18;1919;396;NO;;;;;;0.0002;0.0000
977;car;0.32;43;6;372;1115;1080;NO;;;;;;0.0005;0.0000
977;car;0.17;4;1767;17;1920;398;NO;;;;;;0.0005;0.0000
978;car;0.33;43;6;372;1115;1080;NO;;;;;;0.0002;0.0000
978;car;0.28;4;1767;17;1920;401;NO;;;;;;0.0002;0.0000
979;car;0.34;43;4;372;1114;1080;NO;;;;;;0.0002;0.0000
979;car;0.28;4;1767;18;1919;398;NO;;;;;;0.0002;0.0000
980;car;0.33;43;4;372;1114;1080;NO;;;;;;0.0003;0.0000
980;car;0.28;4;1768;21;1918;396;NO;;;;;;0.0003;0.0000
980;car;0.46;56;1771;390;1912;559;NO;;;;;;0.0003;0.0000
981;car;0.35;43;4;372;1114;1080;NO;;;;;;0.0002;0.0000
981;car;0.4;4;1767;20;1917;394;NO;;;;;;0.0002;0.0000
981;car;0.5;56;1761;394;1903;562;NO;;;;;;0.0002;0.0000
982;car;0.34;43;5;372;1115;1080;NO;;;;;;0.0002;0.0000
982;car;0.32;4;1766;18;1918;398;NO;;;;;;0.0002;0.0000
982;car;0.72;56;1748;384;1896;558;NO;;;;;;0.0002;0.0000
983;car;0.33;43;4;372;1115;1080;NO;;;;;;0.0002;0.0000
983;car;0.38;4;1765;17;1918;397;NO;;;;;;0.0002;0.0000
983;car;0.78;56;1722;354;1899;561;NO;;;;;;0.0002;0.0000
984;car;0.32;43;3;372;1115;1080;NO;;;;;;0.0002;0.0000
984;car;0.2;4;1764;14;1918;395;NO;;;;;;0.0002;0.0000
984;car;0.43;56;1709;337;1895;551;NO;;;;;;0.0002;0.0000
985;car;0.29;43;3;371;1115;1080;NO;;;;;;0.0003;0.0000
985;car;0.18;4;1765;12;1916;389;NO;;;;;;0.0003;0.0000
985;car;0.63;56;1699;329;1891;546;NO;;;;;;0.0003;0.0000
986;car;0.29;43;3;371;1115;1080;NO;;;;;;0.0001;0.0000
986;car;0.11;56;1699;325;1888;536;NO;;;;;;0.0001;0.0000
987;car;0.28;43;2;371;1114;1080;NO;;;;;;0.0002;0.0000
988;car;0.29;43;2;371;1113;1080;NO;;;;;;0.0002;0.0000
988;car;0.59;56;1708;324;1895;528;NO;;;;;;0.0002;0.0000
989;car;0.29;43;1;371;1112;1080;NO;;;;;;0.0003;0.0000
989;car;0.67;56;1712;324;1901;528;NO;;;;;;0.0003;0.0000
990;car;0.28;43;1;372;1111;1080;NO;;;;;;0.0003;0.0000
990;car;0.56;56;1676;324;1874;526;NO;;;;;;0.0003;0.0000
991;car;0.29;43;2;372;1112;1080;NO;;;;;;0.0002;0.0000
991;car;0.5;56;1660;324;1866;524;NO;;;;;;0.0002;0.0000
992;car;0.31;43;1;372;1111;1080;NO;;;;;;0.0006;0.0000
992;car;0.73;56;1687;324;1887;517;NO;;;;;;0.0006;0.0000
993;car;0.31;43;2;372;1110;1080;NO;;;;;;0.0003;0.0000
993;car;0.8;56;1656;326;1857;507;NO;;;;;;0.0003;0.0000
994;car;0.33;43;2;372;1109;1080;NO;;;;;;0.0002;0.0000
994;car;0.76;56;1639;327;1837;499;NO;;;;;;0.0002;0.0000
995;car;0.31;43;2;372;1109;1080;NO;;;;;;0.0003;0.0000
995;car;0.61;56;1607;327;1811;494;NO;;;;;;0.0003;0.0000
995;car;0.27;4;1767;16;1918;389;NO;;;;;;0.0003;0.0000
996;car;0.34;43;2;373;1108;1080;NO;;;;;;0.0002;0.0000
996;car;0.48;56;1586;329;1791;492;NO;;;;;;0.0002;0.0000
996;car;0.38;4;1769;21;1919;393;NO;;;;;;0.0002;0.0000
997;car;0.33;43;2;372;1109;1080;NO;;;;;;0.0002;0.0000
997;car;0.1;56;1585;329;1785;486;NO;;;;;;0.0002;0.0000
997;car;0.36;4;1769;22;1919;393;NO;;;;;;0.0002;0.0000
998;car;0.32;43;2;372;1110;1080;NO;;;;;;0.0002;0.0000
998;car;0.13;56;1581;330;1778;482;NO;;;;;;0.0002;0.0000
998;car;0.32;4;1774;65;1916;416;NO;;;;;;0.0002;0.0000
999;car;0.34;43;3;373;1109;1080;NO;;;;;;0.0002;0.0000
999;car;0.19;56;1580;327;1775;479;NO;;;;;;0.0002;0.0000
999;car;0.56;4;1769;39;1917;404;NO;;;;;;0.0002;0.0000
1000;car;0.35;43;3;373;1109;1080;NO;;;;;;0.0002;0.0000
1000;car;0.19;56;1574;328;1761;475;NO;;;;;;0.0002;0.0000
1000;car;0.42;4;1768;29;1918;398;NO;;;;;;0.0002;0.0000
1001;car;0.34;43;4;373;1110;1080;NO;;;;;;0.0002;0.0000
1001;car;0.22;56;1570;327;1752;473;NO;;;;;;0.0002;0.0000
1001;car;0.54;4;1767;26;1919;400;NO;;;;;;0.0002;0.0000
1002;car;0.34;43;6;373;1113;1080;NO;;;;;;0.0002;0.0000
1002;car;0.11;56;1556;326;1737;473;NO;;;;;;0.0002;0.0000
1002;car;0.55;4;1767;25;1919;402;NO;;;;;;0.0002;0.0000
1003;car;0.34;43;4;373;1111;1080;NO;;;;;;0.0002;0.0000
1003;car;0.38;4;1767;25;1918;399;NO;;;;;;0.0002;0.0000
1004;car;0.35;43;2;373;1107;1080;NO;;;;;;0.0002;0.0000
1004;car;0.39;4;1767;25;1919;401;NO;;;;;;0.0002;0.0000
1005;car;0.36;43;1;373;1106;1080;NO;;;;;;0.0004;0.0000
1005;car;0.36;4;1767;23;1919;400;NO;;;;;;0.0004;0.0000
1006;car;0.37;43;2;373;1107;1080;NO;;;;;;0.0002;0.0000
1006;car;0.43;4;1766;23;1919;402;NO;;;;;;0.0002;0.0000
1007;car;0.33;43;3;372;1110;1080;NO;;;;;;0.0002;0.0000
1007;car;0.37;4;1766;23;1919;403;NO;;;;;;0.0002;0.0000
1008;car;0.36;43;1;371;1107;1080;NO;;;;;;0.0002;0.0000
1008;car;0.39;4;1766;23;1919;402;NO;;;;;;0.0002;0.0000
1009;car;0.33;43;0;369;1105;1080;NO;;;;;;0.0004;0.0000
1009;car;0.45;4;1766;23;1919;401;NO;;;;;;0.0004;0.0000
1010;car;0.32;43;0;369;1105;1080;NO;;;;;;0.0002;0.0000
1010;car;0.43;4;1766;23;1918;399;NO;;;;;;0.0002;0.0000
1011;car;0.34;43;0;369;1104;1080;NO;;;;;;0.0002;0.0000
1011;car;0.38;4;1767;23;1918;397;NO;;;;;;0.0002;0.0000
1012;car;0.34;43;0;369;1103;1080;NO;;;;;;0.0002;0.0000
1012;car;0.38;4;1767;23;1918;397;NO;;;;;;0.0002;0.0000
1013;car;0.34;43;0;369;1102;1080;NO;;;;;;0.0002;0.0000
1013;car;0.38;4;1766;22;1918;397;NO;;;;;;0.0002;0.0000
1014;car;0.34;43;0;369;1098;1080;NO;;;;;;0.0002;0.0000
1014;car;0.37;4;1766;22;1918;397;NO;;;;;;0.0002;0.0000
1015;car;0.36;43;0;370;1095;1080;NO;;;;;;0.0002;0.0000
1015;car;0.38;4;1766;20;1919;397;NO;;;;;;0.0002;0.0000
1016;car;0.37;43;0;369;1090;1080;NO;;;;;;0.0003;0.0000
1016;car;0.35;4;1766;19;1919;397;NO;;;;;;0.0003;0.0000
1017;car;0.4;43;0;369;1086;1080;NO;;;;;;0.0004;0.0000
1017;car;0.39;4;1765;19;1919;398;NO;;;;;;0.0004;0.0000
1018;car;0.41;43;0;369;1085;1080;NO;;;;;;0.0002;0.0000
1018;car;0.4;4;1765;18;1919;398;NO;;;;;;0.0002;0.0000
1019;car;0.41;43;0;370;1083;1080;NO;;;;;;0.0003;0.0000
1019;car;0.35;4;1765;18;1919;397;NO;;;;;;0.0003;0.0000
1020;car;0.4;43;0;370;1082;1080;NO;;;;;;0.0002;0.0000
1020;car;0.38;4;1766;19;1919;397;NO;;;;;;0.0002;0.0000
1021;car;0.38;43;0;370;1080;1080;NO;;;;;;0.0003;0.0000
1021;car;0.31;4;1766;18;1919;397;NO;;;;;;0.0003;0.0000
1022;car;0.4;43;0;369;1079;1080;NO;;;;;;0.0003;0.0000
1022;car;0.28;4;1766;18;1919;397;NO;;;;;;0.0003;0.0000
1023;car;0.37;43;0;370;1078;1080;NO;;;;;;0.0002;0.0000
1023;car;0.22;4;1766;18;1919;397;NO;;;;;;0.0002;0.0000
1024;car;0.37;43;0;370;1075;1080;NO;;;;;;0.0002;0.0000
1024;car;0.24;4;1766;18;1919;397;NO;;;;;;0.0002;0.0000
1025;car;0.38;43;0;370;1072;1080;NO;;;;;;0.0002;0.0000
1025;car;0.25;4;1766;17;1919;397;NO;;;;;;0.0002;0.0000
1026;car;0.38;43;0;370;1069;1080;NO;;;;;;0.0003;0.0000
1026;car;0.25;4;1766;18;1919;397;NO;;;;;;0.0003;0.0000
1026;car;0.55;62;966;285;1153;440;NO;;;;;;0.0003;0.0000
1027;car;0.36;43;0;370;1069;1080;NO;;;;;;0.0003;0.0000
1027;car;0.28;4;1767;17;1919;397;NO;;;;;;0.0003;0.0000
1027;car;0.77;62;959;277;1157;441;NO;;;;;;0.0003;0.0000
1028;car;0.34;43;0;369;1070;1080;NO;;;;;;0.0003;0.0000
1028;car;0.31;4;1767;17;1919;397;NO;;;;;;0.0003;0.0000
1028;car;0.8;62;954;272;1160;443;NO;;;;;;0.0003;0.0000
1029;car;0.36;43;0;368;1072;1080;NO;;;;;;0.0002;0.0000
1029;car;0.29;4;1766;16;1919;397;NO;;;;;;0.0002;0.0000
1029;car;0.86;62;946;275;1149;445;NO;;;;;;0.0002;0.0000
1030;car;0.34;43;0;369;1072;1080;NO;;;;;;0.0002;0.0000
1030;car;0.31;4;1766;16;1919;397;NO;;;;;;0.0002;0.0000
1030;car;0.8;62;945;277;1153;450;NO;;;;;;0.0002;0.0000
1031;car;0.3;43;0;369;1070;1080;NO;;;;;;0.0002;0.0000
1031;car;0.28;4;1767;16;1919;398;NO;;;;;;0.0002;0.0000
1031;car;0.73;62;949;281;1152;447;NO;;;;;;0.0002;0.0000
1032;car;0.31;43;0;369;1066;1080;NO;;;;;;0.0003;0.0000
1032;car;0.26;4;1767;16;1919;398;NO;;;;;;0.0003;0.0000
1032;car;0.76;62;931;278;1139;448;NO;;;;;;0.0003;0.0000
1033;car;0.29;43;0;368;1061;1080;NO;;;;;;0.0002;0.0000
1033;car;0.31;4;1767;17;1919;397;NO;;;;;;0.0002;0.0000
1033;car;0.66;62;931;282;1135;447;NO;;;;;;0.0002;0.0000
1034;car;0.31;43;0;368;1057;1080;NO;;;;;;0.0002;0.0000
1034;car;0.32;4;1767;18;1919;397;NO;;;;;;0.0002;0.0000
1034;car;0.81;62;918;281;1138;458;NO;;;;;;0.0002;0.0000
1035;car;0.31;43;0;367;1058;1080;NO;;;;;;0.0002;0.0000
1035;car;0.31;4;1767;18;1919;397;NO;;;;;;0.0002;0.0000
1035;car;0.81;62;904;279;1134;464;NO;;;;;;0.0002;0.0000
1036;car;0.29;43;0;367;1056;1080;NO;;;;;;0.0002;0.0000
1036;car;0.29;4;1767;18;1919;397;NO;;;;;;0.0002;0.0000
1036;car;0.94;62;884;275;1128;472;NO;;;;;;0.0002;0.0000
1037;car;0.28;43;0;367;1054;1080;NO;;;;;;0.0005;0.0000
1037;car;0.29;4;1767;18;1919;397;NO;;;;;;0.0005;0.0000
1037;car;0.92;62;870;272;1122;476;NO;;;;;;0.0005;0.0000
1038;car;0.3;43;0;368;1043;1080;NO;;;;;;0.0002;0.0000
1038;car;0.33;4;1767;18;1919;397;NO;;;;;;0.0002;0.0000
1038;car;0.93;62;858;272;1114;479;NO;;;;;;0.0002;0.0000
1039;car;0.3;43;0;369;1046;1080;NO;;;;;;0.0002;0.0000
1039;car;0.34;4;1768;19;1918;397;NO;;;;;;0.0002;0.0000
1039;car;0.93;62;846;276;1101;483;NO;;;;;;0.0002;0.0000
1040;car;0.3;43;0;370;1050;1080;NO;;;;;;0.0002;0.0000
1040;car;0.34;4;1768;20;1918;397;NO;;;;;;0.0002;0.0000
1040;car;0.94;62;837;279;1094;486;NO;;;;;;0.0002;0.0000
1041;car;0.27;43;3;373;1051;1080;NO;;;;;;0.0002;0.0000
1041;car;0.34;4;1768;20;1918;397;NO;;;;;;0.0002;0.0000
1041;car;0.93;62;827;277;1092;490;NO;;;;;;0.0002;0.0000
1042;car;0.25;43;8;374;1055;1080;NO;;;;;;0.0002;0.0000
1042;car;0.33;4;1768;20;1918;397;NO;;;;;;0.0002;0.0000
1042;car;0.89;62;812;277;1088;498;NO;;;;;;0.0002;0.0000
1043;car;0.27;43;0;373;1040;1080;NO;;;;;;0.0003;0.0000
1043;car;0.35;4;1768;21;1918;397;NO;;;;;;0.0003;0.0000
1043;car;0.93;62;819;277;1110;502;NO;;;;;;0.0003;0.0000
1044;car;0.17;43;0;374;1039;1080;NO;;;;;;0.0003;0.0000
1044;car;0.3;4;1767;19;1920;400;NO;;;;;;0.0003;0.0000
1044;car;0.94;62;792;276;1089;506;NO;;;;;;0.0003;0.0000
1044;licenseplate;0.57;65;841;414;920;453;SÍ;841;414;920;453;TE;0.0003;0.2008
1045;car;0.15;43;10;373;1056;1080;NO;;;;;;0.0002;0.0000
1045;car;0.31;4;1767;18;1920;402;NO;;;;;;0.0002;0.0000
1045;car;0.92;62;768;274;1078;513;NO;;;;;;0.0002;0.0000
1046;car;0.18;43;11;374;1058;1080;NO;;;;;;0.0003;0.0000
1046;car;0.34;4;1767;17;1920;402;NO;;;;;;0.0003;0.0000
1046;car;0.92;62;749;274;1069;518;NO;;;;;;0.0003;0.0000
1047;car;0.42;4;1767;19;1919;400;NO;;;;;;0.0001;0.0000
1047;car;0.91;62;735;274;1062;520;NO;;;;;;0.0001;0.0000
1047;licenseplate;0.64;67;795;423;871;468;SÍ;795;423;871;468;S;0.0001;0.2009
1048;car;0.35;4;1767;19;1919;399;NO;;;;;;0.0003;0.0000
1048;car;0.93;62;709;272;1052;529;NO;;;;;;0.0003;0.0000
1048;licenseplate;0.44;67;776;428;856;474;SÍ;776;428;856;474;;0.0003;0.1933
1049;car;0.36;4;1767;19;1918;399;NO;;;;;;0.0003;0.0000
1049;car;0.9;62;685;268;1045;535;NO;;;;;;0.0003;0.0000
1049;licenseplate;0.69;67;752;431;835;479;SÍ;752;431;835;479;;0.0003;0.1973
1050;car;0.32;4;1767;17;1920;401;NO;;;;;;0.0003;0.0000
1050;car;0.86;62;662;263;1035;537;NO;;;;;;0.0003;0.0000
1050;licenseplate;0.74;67;731;439;810;484;SÍ;731;439;810;484;;0.0003;0.2105
1051;car;0.31;4;1767;18;1919;400;NO;;;;;;0.0003;0.0000
1051;car;0.85;62;636;259;1029;546;NO;;;;;;0.0003;0.0000
1051;licenseplate;0.72;67;710;447;786;490;SÍ;710;447;786;490;;0.0003;0.1981
1052;car;0.33;4;1767;18;1919;399;NO;;;;;;0.0003;0.0000
1052;car;0.82;62;611;258;1021;554;NO;;;;;;0.0003;0.0000
1052;licenseplate;0.74;67;681;453;762;498;SÍ;681;453;762;498;;0.0003;0.1966
1053;car;0.3;4;1767;17;1920;402;NO;;;;;;0.0002;0.0000
1053;car;0.86;62;585;258;1011;562;NO;;;;;;0.0002;0.0000
1053;licenseplate;0.75;67;651;460;734;505;SÍ;651;460;734;505;EE;0.0002;0.2003
1054;car;0.21;4;1767;16;1920;402;NO;;;;;;0.0001;0.0000
1054;car;0.9;62;544;255;992;574;NO;;;;;;0.0001;0.0000
1054;licenseplate;0.72;67;622;468;704;512;SÍ;622;468;704;512;BE;0.0001;0.1945
1055;car;0.18;4;1768;16;1920;403;NO;;;;;;0.0002;0.0000
1055;car;0.89;62;505;254;980;588;NO;;;;;;0.0002;0.0000
1055;licenseplate;0.64;67;583;476;672;523;SÍ;583;476;672;523;EE;0.0002;0.1936
1056;car;0.17;4;1768;16;1920;403;NO;;;;;;0.0002;0.0000
1056;car;0.89;62;467;251;970;601;NO;;;;;;0.0002;0.0000
1056;licenseplate;0.69;67;537;483;638;535;SÍ;537;483;638;535;E;0.0002;0.1931
1057;car;0.18;4;1768;15;1920;403;NO;;;;;;0.0002;0.0000
1057;car;0.88;62;421;250;958;622;NO;;;;;;0.0002;0.0000
1057;licenseplate;0.47;67;492;493;601;548;SÍ;492;493;601;548;;0.0002;0.2068
1058;car;0.19;4;1768;15;1920;403;NO;;;;;;0.0002;0.0000
1058;car;0.88;62;369;250;934;637;NO;;;;;;0.0002;0.0000
1059;car;0.16;4;1769;15;1920;404;NO;;;;;;0.0002;0.0000
1059;car;0.85;62;324;246;919;647;NO;;;;;;0.0002;0.0000
1060;car;0.87;62;260;243;910;677;NO;;;;;;0.0002;0.0000
1061;car;0.87;62;178;239;879;702;NO;;;;;;0.0003;0.0000
1062;car;0.88;62;90;232;859;733;NO;;;;;;0.0002;0.0000
1063;car;0.91;62;27;227;863;771;NO;;;;;;0.0002;0.0000
1064;car;0.91;62;0;223;875;810;NO;;;;;;0.0002;0.0000
1065;car;0.91;62;0;219;916;891;NO;;;;;;0.0001;0.0000
1066;car;0.93;62;0;209;924;927;NO;;;;;;0.0002;0.0000
1067;car;0.87;62;0;199;942;987;NO;;;;;;0.0002;0.0000
1068;car;0.88;62;0;193;945;1036;NO;;;;;;0.0002;0.0000
1069;car;0.9;62;0;180;915;1038;NO;;;;;;0.0002;0.0000
1070;car;0.87;62;0;167;879;1031;NO;;;;;;0.0002;0.0000
1071;car;0.89;62;0;159;830;1019;NO;;;;;;0.0002;0.0000
1072;car;0.91;62;0;145;780;1002;NO;;;;;;0.0002;0.0000
1073;car;0.88;62;0;138;717;981;NO;;;;;;0.0002;0.0000
1074;car;0.84;62;0;146;662;1004;NO;;;;;;0.0002;0.0000
1075;car;0.68;62;0;168;595;1035;NO;;;;;;0.0002;0.0000
1075;car;0.28;4;1769;19;1918;399;NO;;;;;;0.0002;0.0000
1076;car;0.35;4;1768;18;1918;399;NO;;;;;;0.0002;0.0000
1077;car;0.32;4;1768;18;1918;399;NO;;;;;;0.0002;0.0000
1077;car;0.33;43;27;372;1095;1080;NO;;;;;;0.0002;0.0000
1078;car;0.3;4;1768;20;1917;399;NO;;;;;;0.0001;0.0000
1078;car;0.31;43;21;371;1100;1079;NO;;;;;;0.0001;0.0000
1079;car;0.3;4;1768;20;1917;399;NO;;;;;;0.0002;0.0000
1079;car;0.27;43;18;371;1105;1079;NO;;;;;;0.0002;0.0000
1080;car;0.33;4;1768;20;1918;399;NO;;;;;;0.0002;0.0000
1080;car;0.27;43;16;370;1108;1079;NO;;;;;;0.0002;0.0000
1081;car;0.33;4;1768;21;1918;399;NO;;;;;;0.0002;0.0000
1081;car;0.29;43;14;370;1110;1079;NO;;;;;;0.0002;0.0000
1082;car;0.32;4;1768;20;1918;399;NO;;;;;;0.0002;0.0000
1082;car;0.27;43;12;370;1112;1079;NO;;;;;;0.0002;0.0000
1083;car;0.34;4;1768;20;1918;400;NO;;;;;;0.0003;0.0000
1083;car;0.28;43;10;370;1112;1079;NO;;;;;;0.0003;0.0000
1084;car;0.31;4;1768;20;1918;400;NO;;;;;;0.0002;0.0000
1084;car;0.28;43;10;370;1112;1079;NO;;;;;;0.0002;0.0000
1085;car;0.32;4;1768;19;1918;400;NO;;;;;;0.0002;0.0000
1085;car;0.27;43;9;370;1114;1079;NO;;;;;;0.0002;0.0000
1086;car;0.35;4;1768;19;1919;400;NO;;;;;;0.0002;0.0000
1086;car;0.28;43;8;369;1115;1079;NO;;;;;;0.0002;0.0000
1087;car;0.35;4;1768;19;1919;400;NO;;;;;;0.0002;0.0000
1087;car;0.29;43;8;370;1115;1079;NO;;;;;;0.0002;0.0000
1088;car;0.33;4;1768;19;1919;400;NO;;;;;;0.0003;0.0000
1088;car;0.28;43;8;370;1117;1079;NO;;;;;;0.0003;0.0000
1089;car;0.33;4;1768;19;1919;399;NO;;;;;;0.0002;0.0000
1089;car;0.29;43;8;371;1116;1079;NO;;;;;;0.0002;0.0000
1090;car;0.36;4;1768;19;1919;399;NO;;;;;;0.0001;0.0000
1090;car;0.3;43;8;371;1117;1079;NO;;;;;;0.0001;0.0000
1091;car;0.34;4;1768;19;1919;400;NO;;;;;;0.0003;0.0000
1091;car;0.3;43;7;371;1117;1079;NO;;;;;;0.0003;0.0000
1092;car;0.36;4;1768;20;1919;400;NO;;;;;;0.0002;0.0000
1092;car;0.3;43;7;371;1118;1079;NO;;;;;;0.0002;0.0000
1093;car;0.33;4;1768;19;1919;400;NO;;;;;;0.0001;0.0000
1093;car;0.29;43;5;371;1117;1079;NO;;;;;;0.0001;0.0000
1094;car;0.34;4;1768;19;1918;400;NO;;;;;;0.0003;0.0000
1094;car;0.3;43;5;371;1116;1079;NO;;;;;;0.0003;0.0000
1095;car;0.37;4;1768;19;1918;399;NO;;;;;;0.0002;0.0000
1095;car;0.31;43;6;372;1116;1079;NO;;;;;;0.0002;0.0000
1096;car;0.41;4;1767;19;1918;399;NO;;;;;;0.0002;0.0000
1096;car;0.31;43;6;373;1116;1079;NO;;;;;;0.0002;0.0000
1097;car;0.41;4;1767;19;1918;398;NO;;;;;;0.0002;0.0000
1097;car;0.31;43;6;373;1117;1079;NO;;;;;;0.0002;0.0000
1098;car;0.41;4;1767;19;1918;398;NO;;;;;;0.0003;0.0000
1098;car;0.3;43;6;372;1117;1079;NO;;;;;;0.0003;0.0000
1099;car;0.43;4;1767;20;1918;398;NO;;;;;;0.0002;0.0000
1099;car;0.31;43;5;372;1117;1079;NO;;;;;;0.0002;0.0000
1100;car;0.43;4;1767;21;1918;398;NO;;;;;;0.0003;0.0000
1100;car;0.32;43;4;372;1117;1079;NO;;;;;;0.0003;0.0000
1101;car;0.43;4;1767;21;1918;398;NO;;;;;;0.0002;0.0000
1101;car;0.33;43;4;372;1116;1079;NO;;;;;;0.0002;0.0000
1102;car;0.44;4;1767;22;1918;398;NO;;;;;;0.0002;0.0000
1102;car;0.33;43;4;372;1116;1079;NO;;;;;;0.0002;0.0000
1103;car;0.45;4;1768;22;1918;398;NO;;;;;;0.0002;0.0000
1103;car;0.33;43;4;372;1116;1079;NO;;;;;;0.0002;0.0000
1104;car;0.47;4;1768;23;1918;398;NO;;;;;;0.0002;0.0000
1104;car;0.33;43;4;372;1116;1079;NO;;;;;;0.0002;0.0000
1105;car;0.48;4;1767;22;1918;398;NO;;;;;;0.0002;0.0000
1105;car;0.27;43;3;372;1115;1079;NO;;;;;;0.0002;0.0000
1106;car;0.47;4;1767;22;1918;398;NO;;;;;;0.0004;0.0000
1106;car;0.27;43;2;372;1114;1079;NO;;;;;;0.0004;0.0000
1107;car;0.48;4;1767;22;1918;398;NO;;;;;;0.0002;0.0000
1107;car;0.27;43;2;372;1113;1079;NO;;;;;;0.0002;0.0000
1108;car;0.46;4;1767;21;1918;398;NO;;;;;;0.0002;0.0000
1108;car;0.28;43;2;372;1112;1079;NO;;;;;;0.0002;0.0000
1109;car;0.44;4;1767;21;1918;398;NO;;;;;;0.0002;0.0000
1109;car;0.26;43;1;372;1111;1079;NO;;;;;;0.0002;0.0000
1110;car;0.45;4;1767;21;1918;398;NO;;;;;;0.0003;0.0000
1110;car;0.3;43;1;373;1110;1079;NO;;;;;;0.0003;0.0000
1111;car;0.44;4;1767;22;1918;398;NO;;;;;;0.0001;0.0000
1111;car;0.28;43;1;373;1110;1079;NO;;;;;;0.0001;0.0000
1112;car;0.43;4;1767;21;1918;398;NO;;;;;;0.0003;0.0000
1112;car;0.29;43;2;372;1110;1079;NO;;;;;;0.0003;0.0000
1113;car;0.44;4;1767;21;1918;398;NO;;;;;;0.0003;0.0000
1113;car;0.3;43;2;373;1109;1079;NO;;;;;;0.0003;0.0000
1114;car;0.45;4;1767;21;1919;398;NO;;;;;;0.0002;0.0000
1114;car;0.29;43;2;373;1109;1079;NO;;;;;;0.0002;0.0000
1115;car;0.46;4;1767;20;1919;398;NO;;;;;;0.0002;0.0000
1115;car;0.29;43;2;373;1109;1079;NO;;;;;;0.0002;0.0000
1116;car;0.45;4;1767;20;1919;398;NO;;;;;;0.0002;0.0000
1116;car;0.3;43;3;372;1110;1079;NO;;;;;;0.0002;0.0000
1117;car;0.41;4;1767;19;1919;398;NO;;;;;;0.0003;0.0000
1117;car;0.31;43;4;372;1112;1079;NO;;;;;;0.0003;0.0000
1118;car;0.42;4;1767;20;1919;398;NO;;;;;;0.0003;0.0000
1118;car;0.31;43;3;371;1112;1079;NO;;;;;;0.0003;0.0000
1119;car;0.39;4;1767;19;1919;398;NO;;;;;;0.0003;0.0000
1119;car;0.28;43;3;370;1114;1080;NO;;;;;;0.0003;0.0000
1120;car;0.41;4;1767;19;1919;399;NO;;;;;;0.0003;0.0000
1120;car;0.27;43;3;370;1114;1080;NO;;;;;;0.0003;0.0000
1121;car;0.41;4;1767;19;1919;399;NO;;;;;;0.0002;0.0000
1121;car;0.29;43;3;370;1114;1080;NO;;;;;;0.0002;0.0000
1122;car;0.4;4;1767;19;1919;399;NO;;;;;;0.0004;0.0000
1122;car;0.28;43;4;370;1115;1080;NO;;;;;;0.0004;0.0000
1123;car;0.41;4;1766;19;1919;399;NO;;;;;;0.0002;0.0000
1123;car;0.29;43;3;369;1115;1080;NO;;;;;;0.0002;0.0000
1124;car;0.41;4;1766;19;1919;399;NO;;;;;;0.0003;0.0000
1124;car;0.27;43;3;369;1115;1080;NO;;;;;;0.0003;0.0000
1125;car;0.42;4;1766;19;1919;399;NO;;;;;;0.0003;0.0000
1125;car;0.27;43;3;369;1115;1080;NO;;;;;;0.0003;0.0000
1126;car;0.44;4;1766;19;1919;399;NO;;;;;;0.0002;0.0000
1126;car;0.3;43;4;369;1116;1080;NO;;;;;;0.0002;0.0000
1127;car;0.43;4;1767;21;1918;398;NO;;;;;;0.0002;0.0000
1127;car;0.31;43;4;370;1116;1080;NO;;;;;;0.0002;0.0000
1128;car;0.43;4;1767;21;1918;398;NO;;;;;;0.0002;0.0000
1128;car;0.31;43;4;370;1116;1080;NO;;;;;;0.0002;0.0000
1129;car;0.45;4;1766;20;1918;398;NO;;;;;;0.0002;0.0000
1129;car;0.28;43;3;369;1116;1080;NO;;;;;;0.0002;0.0000
1130;car;0.44;4;1766;19;1918;398;NO;;;;;;0.0001;0.0000
1130;car;0.29;43;2;369;1115;1080;NO;;;;;;0.0001;0.0000
1131;car;0.44;4;1766;18;1918;398;NO;;;;;;0.0002;0.0000
1131;car;0.29;43;2;369;1114;1080;NO;;;;;;0.0002;0.0000
1132;car;0.43;4;1766;18;1919;398;NO;;;;;;0.0002;0.0000
1132;car;0.31;43;2;369;1115;1080;NO;;;;;;0.0002;0.0000
1133;car;0.45;4;1766;18;1919;398;NO;;;;;;0.0003;0.0000
1133;car;0.31;43;3;369;1115;1080;NO;;;;;;0.0003;0.0000
1134;car;0.44;4;1766;18;1919;398;NO;;;;;;0.0003;0.0000
1134;car;0.31;43;3;369;1115;1080;NO;;;;;;0.0003;0.0000
1135;car;0.44;4;1766;20;1918;398;NO;;;;;;0.0003;0.0000
1135;car;0.33;43;3;369;1114;1080;NO;;;;;;0.0003;0.0000
1136;car;0.44;4;1767;20;1918;398;NO;;;;;;0.0002;0.0000
1136;car;0.32;43;4;369;1115;1080;NO;;;;;;0.0002;0.0000
1137;car;0.44;4;1767;20;1919;398;NO;;;;;;0.0002;0.0000
1137;car;0.34;43;3;370;1114;1080;NO;;;;;;0.0002;0.0000
1138;car;0.44;4;1767;20;1919;398;NO;;;;;;0.0002;0.0000
1138;car;0.33;43;3;370;1114;1080;NO;;;;;;0.0002;0.0000
1139;car;0.44;4;1767;19;1919;398;NO;;;;;;0.0003;0.0000
1139;car;0.32;43;3;369;1116;1080;NO;;;;;;0.0003;0.0000
1140;car;0.44;4;1767;19;1919;398;NO;;;;;;0.0003;0.0000
1140;car;0.31;43;3;368;1117;1080;NO;;;;;;0.0003;0.0000
1141;car;0.41;4;1766;19;1919;398;NO;;;;;;0.0002;0.0000
1141;car;0.28;43;4;367;1120;1080;NO;;;;;;0.0002;0.0000
1142;car;0.41;4;1766;18;1919;398;NO;;;;;;0.0002;0.0000
1142;car;0.28;43;3;366;1120;1080;NO;;;;;;0.0002;0.0000
1143;car;0.41;4;1767;19;1919;399;NO;;;;;;0.0002;0.0000
1143;car;0.28;43;3;367;1119;1080;NO;;;;;;0.0002;0.0000
1144;car;0.42;4;1767;19;1919;399;NO;;;;;;0.0003;0.0000
1144;car;0.27;43;3;367;1118;1080;NO;;;;;;0.0003;0.0000
1145;car;0.42;4;1767;19;1919;399;NO;;;;;;0.0002;0.0000
1145;car;0.27;43;2;367;1117;1080;NO;;;;;;0.0002;0.0000
1146;car;0.4;4;1767;19;1919;399;NO;;;;;;0.0002;0.0000
1146;car;0.27;43;2;367;1116;1080;NO;;;;;;0.0002;0.0000
1147;car;0.38;4;1767;19;1919;399;NO;;;;;;0.0002;0.0000
1147;car;0.26;43;2;366;1117;1080;NO;;;;;;0.0002;0.0000
1148;car;0.38;4;1767;18;1919;399;NO;;;;;;0.0002;0.0000
1148;car;0.28;43;2;366;1118;1080;NO;;;;;;0.0002;0.0000
1149;car;0.4;4;1767;19;1919;399;NO;;;;;;0.0002;0.0000
1149;car;0.27;43;4;366;1119;1080;NO;;;;;;0.0002;0.0000
1150;car;0.41;4;1767;19;1919;399;NO;;;;;;0.0003;0.0000
1150;car;0.28;43;3;366;1119;1080;NO;;;;;;0.0003;0.0000
1151;car;0.41;4;1767;19;1919;399;NO;;;;;;0.0002;0.0000
1151;car;0.28;43;3;367;1118;1080;NO;;;;;;0.0002;0.0000
1152;car;0.41;4;1767;19;1919;399;NO;;;;;;0.0004;0.0000
1152;car;0.28;43;4;367;1118;1080;NO;;;;;;0.0004;0.0000
1153;car;0.46;4;1767;18;1919;399;NO;;;;;;0.0005;0.0000
1153;car;0.34;43;5;369;1117;1080;NO;;;;;;0.0005;0.0000
1154;car;0.47;4;1767;18;1919;399;NO;;;;;;0.0003;0.0000
1154;car;0.32;43;5;370;1117;1080;NO;;;;;;0.0003;0.0000
1155;car;0.45;4;1767;18;1919;399;NO;;;;;;0.0002;0.0000
1155;car;0.33;43;5;370;1116;1080;NO;;;;;;0.0002;0.0000
1156;car;0.45;4;1767;18;1919;399;NO;;;;;;0.0001;0.0000
1156;car;0.33;43;4;371;1114;1080;NO;;;;;;0.0001;0.0000
1157;car;0.46;4;1767;18;1919;399;NO;;;;;;0.0003;0.0000
1157;car;0.34;43;4;371;1114;1080;NO;;;;;;0.0003;0.0000
1158;car;0.47;4;1767;18;1919;399;NO;;;;;;0.0002;0.0000
1158;car;0.34;43;3;371;1114;1080;NO;;;;;;0.0002;0.0000
1159;car;0.45;4;1767;18;1919;399;NO;;;;;;0.0002;0.0000
1159;car;0.35;43;3;371;1113;1080;NO;;;;;;0.0002;0.0000
1160;car;0.46;4;1767;18;1919;399;NO;;;;;;0.0002;0.0000
1160;car;0.35;43;2;371;1111;1080;NO;;;;;;0.0002;0.0000
1161;car;0.45;4;1767;18;1918;399;NO;;;;;;0.0002;0.0000
1161;car;0.33;43;2;370;1111;1080;NO;;;;;;0.0002;0.0000
1162;car;0.45;4;1767;19;1918;399;NO;;;;;;0.0002;0.0000
1162;car;0.32;43;2;369;1113;1080;NO;;;;;;0.0002;0.0000
1163;car;0.46;4;1767;19;1918;399;NO;;;;;;0.0002;0.0000
1163;car;0.33;43;1;369;1113;1080;NO;;;;;;0.0002;0.0000
1164;car;0.44;4;1767;19;1918;399;NO;;;;;;0.0002;0.0000
1164;car;0.32;43;2;368;1114;1080;NO;;;;;;0.0002;0.0000
1165;car;0.42;4;1767;19;1918;399;NO;;;;;;0.0005;0.0000
1165;car;0.29;43;2;368;1115;1080;NO;;;;;;0.0005;0.0000
1166;car;0.41;4;1767;20;1918;399;NO;;;;;;0.0002;0.0000
1166;car;0.28;43;2;367;1115;1080;NO;;;;;;0.0002;0.0000
1167;car;0.4;4;1767;21;1918;399;NO;;;;;;0.0002;0.0000
1167;car;0.3;43;2;369;1113;1080;NO;;;;;;0.0002;0.0000
1168;car;0.4;4;1767;21;1918;399;NO;;;;;;0.0001;0.0000
1168;car;0.32;43;3;370;1111;1080;NO;;;;;;0.0001;0.0000
1169;car;0.39;4;1767;21;1918;399;NO;;;;;;0.0002;0.0000
1169;car;0.31;43;4;371;1111;1080;NO;;;;;;0.0002;0.0000
1170;car;0.38;4;1767;21;1918;399;NO;;;;;;0.0002;0.0000
1170;car;0.32;43;4;371;1111;1080;NO;;;;;;0.0002;0.0000
1171;car;0.38;4;1766;21;1918;399;NO;;;;;;0.0003;0.0000
1171;car;0.32;43;5;372;1112;1080;NO;;;;;;0.0003;0.0000
1172;car;0.38;4;1767;21;1918;398;NO;;;;;;0.0002;0.0000
1172;car;0.36;43;5;373;1110;1080;NO;;;;;;0.0002;0.0000
1173;car;0.38;4;1766;21;1918;398;NO;;;;;;0.0002;0.0000
1173;car;0.37;43;6;373;1110;1080;NO;;;;;;0.0002;0.0000
1174;car;0.38;4;1766;20;1918;398;NO;;;;;;0.0002;0.0000
1174;car;0.37;43;6;373;1111;1080;NO;;;;;;0.0002;0.0000
1175;car;0.4;4;1766;20;1918;398;NO;;;;;;0.0002;0.0000
1175;car;0.36;43;6;373;1111;1080;NO;;;;;;0.0002;0.0000
1176;car;0.4;4;1766;20;1918;398;NO;;;;;;0.0002;0.0000
1176;car;0.36;43;5;373;1111;1080;NO;;;;;;0.0002;0.0000
1177;car;0.39;4;1766;20;1918;399;NO;;;;;;0.0002;0.0000
1177;car;0.34;43;4;372;1113;1080;NO;;;;;;0.0002;0.0000
1178;car;0.4;4;1766;20;1918;399;NO;;;;;;0.0002;0.0000
1178;car;0.33;43;4;372;1114;1080;NO;;;;;;0.0002;0.0000
1179;car;0.4;4;1766;20;1919;399;NO;;;;;;0.0002;0.0000
1179;car;0.36;43;5;372;1114;1080;NO;;;;;;0.0002;0.0000
1180;car;0.39;4;1766;19;1919;399;NO;;;;;;0.0003;0.0000
1180;car;0.33;43;5;372;1115;1080;NO;;;;;;0.0003;0.0000
1181;car;0.42;4;1766;20;1919;399;NO;;;;;;0.0001;0.0000
1181;car;0.31;43;5;372;1115;1080;NO;;;;;;0.0001;0.0000
1182;car;0.41;4;1766;20;1919;399;NO;;;;;;0.0002;0.0000
1182;car;0.31;43;4;371;1116;1080;NO;;;;;;0.0002;0.0000
1183;car;0.4;4;1766;19;1919;399;NO;;;;;;0.0003;0.0000
1183;car;0.34;43;3;371;1115;1080;NO;;;;;;0.0003;0.0000
1184;car;0.43;4;1766;19;1919;399;NO;;;;;;0.0003;0.0000
1184;car;0.28;43;2;370;1115;1080;NO;;;;;;0.0003;0.0000
1185;car;0.41;4;1766;19;1918;399;NO;;;;;;0.0002;0.0000
1185;car;0.25;43;3;370;1116;1080;NO;;;;;;0.0002;0.0000
1186;car;0.42;4;1766;19;1918;398;NO;;;;;;0.0002;0.0000
1186;car;0.23;43;4;369;1120;1080;NO;;;;;;0.0002;0.0000
1187;car;0.39;4;1766;17;1920;401;NO;;;;;;0.0002;0.0000
1187;car;0.24;43;5;368;1122;1080;NO;;;;;;0.0002;0.0000
1188;car;0.41;4;1766;18;1919;400;NO;;;;;;0.0002;0.0000
1188;car;0.27;43;6;369;1123;1080;NO;;;;;;0.0002;0.0000
1188;car;0.51;78;4;222;115;527;NO;;;;;;0.0002;0.0000
1189;car;0.41;4;1766;18;1919;399;NO;;;;;;0.0002;0.0000
1189;car;0.25;43;5;369;1122;1080;NO;;;;;;0.0002;0.0000
1189;car;0.71;78;10;231;117;521;NO;;;;;;0.0002;0.0000
1190;car;0.41;4;1766;18;1919;399;NO;;;;;;0.0002;0.0000
1190;car;0.27;43;3;367;1122;1080;NO;;;;;;0.0002;0.0000
1190;car;0.6;78;13;233;117;515;NO;;;;;;0.0002;0.0000
1191;car;0.45;4;1766;19;1918;399;NO;;;;;;0.0002;0.0000
1191;car;0.22;43;1;366;1122;1080;NO;;;;;;0.0002;0.0000
1191;car;0.72;78;19;249;117;509;NO;;;;;;0.0002;0.0000
1192;car;0.41;4;1766;19;1918;399;NO;;;;;;0.0002;0.0000
1192;car;0.23;43;0;365;1121;1080;NO;;;;;;0.0002;0.0000
1193;car;0.42;4;1766;19;1919;399;NO;;;;;;0.0004;0.0000
1193;car;0.27;43;1;367;1120;1080;NO;;;;;;0.0004;0.0000
1193;car;0.41;78;27;253;127;513;NO;;;;;;0.0004;0.0000
1194;car;0.44;4;1766;20;1918;399;NO;;;;;;0.0002;0.0000
1194;car;0.24;43;1;367;1119;1080;NO;;;;;;0.0002;0.0000
1194;car;0.63;78;31;255;134;512;NO;;;;;;0.0002;0.0000
1195;car;0.43;4;1766;20;1918;399;NO;;;;;;0.0002;0.0000
1195;car;0.25;43;2;368;1118;1080;NO;;;;;;0.0002;0.0000
1195;car;0.65;78;35;258;139;508;NO;;;;;;0.0002;0.0000
1196;car;0.44;4;1766;21;1918;399;NO;;;;;;0.0003;0.0000
1196;car;0.23;43;2;368;1118;1080;NO;;;;;;0.0003;0.0000
1196;car;0.43;78;40;253;152;510;NO;;;;;;0.0003;0.0000
1197;car;0.43;4;1766;21;1918;399;NO;;;;;;0.0002;0.0000
1197;car;0.23;43;2;368;1118;1080;NO;;;;;;0.0002;0.0000
1197;car;0.6;78;41;262;154;512;NO;;;;;;0.0002;0.0000
1198;car;0.41;4;1766;21;1918;399;NO;;;;;;0.0002;0.0000
1198;car;0.25;43;2;368;1117;1080;NO;;;;;;0.0002;0.0000
1198;car;0.54;78;35;256;153;508;NO;;;;;;0.0002;0.0000
1199;car;0.43;4;1766;21;1918;399;NO;;;;;;0.0001;0.0000
1199;car;0.26;43;3;370;1116;1080;NO;;;;;;0.0001;0.0000
1199;car;0.5;78;49;256;172;514;NO;;;;;;0.0001;0.0000
1200;car;0.4;4;1766;20;1918;399;NO;;;;;;0.0002;0.0000
1200;car;0.3;43;4;372;1114;1080;NO;;;;;;0.0002;0.0000
1201;car;0.38;4;1766;23;1918;398;NO;;;;;;0.0001;0.0000
1201;car;0.32;43;6;374;1113;1080;NO;;;;;;0.0001;0.0000
1202;car;0.38;4;1767;24;1918;398;NO;;;;;;0.0001;0.0000
1202;car;0.34;43;6;376;1111;1080;NO;;;;;;0.0001;0.0000
1203;car;0.35;4;1767;24;1918;398;NO;;;;;;0.0002;0.0000
1203;car;0.29;43;6;377;1111;1080;NO;;;;;;0.0002;0.0000
1204;car;0.34;4;1767;24;1918;398;NO;;;;;;0.0002;0.0000
1204;car;0.28;43;7;378;1110;1080;NO;;;;;;0.0002;0.0000
1205;car;0.34;4;1767;24;1918;398;NO;;;;;;0.0002;0.0000
1205;car;0.26;43;7;379;1109;1080;NO;;;;;;0.0002;0.0000
1206;car;0.35;4;1766;25;1918;398;NO;;;;;;0.0002;0.0000
1206;car;0.25;43;9;381;1111;1080;NO;;;;;;0.0002;0.0000
1206;car;0.62;78;40;228;186;514;NO;;;;;;0.0002;0.0000
1207;car;0.33;4;1766;23;1918;398;NO;;;;;;0.0002;0.0000
1207;car;0.26;43;9;381;1111;1080;NO;;;;;;0.0002;0.0000
1207;car;0.57;78;38;235;191;513;NO;;;;;;0.0002;0.0000
1208;car;0.34;4;1766;22;1918;398;NO;;;;;;0.0003;0.0000
1208;car;0.25;43;8;381;1112;1080;NO;;;;;;0.0003;0.0000
1208;car;0.43;78;42;256;195;513;NO;;;;;;0.0003;0.0000
1209;car;0.34;4;1766;22;1918;398;NO;;;;;;0.0002;0.0000
1209;car;0.26;43;9;381;1112;1080;NO;;;;;;0.0002;0.0000
1209;car;0.48;78;35;242;203;512;NO;;;;;;0.0002;0.0000
1210;car;0.33;4;1766;22;1919;398;NO;;;;;;0.0002;0.0000
1210;car;0.24;43;9;381;1113;1080;NO;;;;;;0.0002;0.0000
1210;car;0.72;78;30;235;208;512;NO;;;;;;0.0002;0.0000
1211;car;0.32;4;1766;22;1919;398;NO;;;;;;0.0002;0.0000
1211;car;0.24;43;9;381;1114;1080;NO;;;;;;0.0002;0.0000
1211;car;0.67;78;27;226;215;514;NO;;;;;;0.0002;0.0000
1212;car;0.34;4;1766;21;1919;398;NO;;;;;;0.0002;0.0000
1212;car;0.25;43;9;381;1116;1080;NO;;;;;;0.0002;0.0000
1212;car;0.21;78;31;257;209;518;NO;;;;;;0.0002;0.0000
1213;car;0.35;4;1766;21;1919;398;NO;;;;;;0.0002;0.0000
1213;car;0.26;43;7;381;1115;1080;NO;;;;;;0.0002;0.0000
1214;car;0.35;4;1766;21;1919;398;NO;;;;;;0.0003;0.0000
1214;car;0.24;43;5;380;1115;1080;NO;;;;;;0.0003;0.0000
1215;car;0.35;4;1767;23;1919;398;NO;;;;;;0.0003;0.0000
1215;car;0.22;43;3;379;1114;1080;NO;;;;;;0.0003;0.0000
1215;car;0.38;78;39;267;215;508;NO;;;;;;0.0003;0.0000
1216;car;0.37;4;1767;23;1919;398;NO;;;;;;0.0002;0.0000
1216;car;0.23;43;3;378;1114;1080;NO;;;;;;0.0002;0.0000
1216;car;0.34;78;38;271;215;499;NO;;;;;;0.0002;0.0000
1217;car;0.35;4;1767;24;1919;398;NO;;;;;;0.0004;0.0000
1217;car;0.24;43;2;378;1114;1080;NO;;;;;;0.0004;0.0000
1218;car;0.35;4;1767;24;1919;398;NO;;;;;;0.0003;0.0000
1218;car;0.23;43;3;378;1115;1080;NO;;;;;;0.0003;0.0000
1219;car;0.35;4;1767;24;1919;398;NO;;;;;;0.0002;0.0000
1219;car;0.21;43;4;378;1115;1080;NO;;;;;;0.0002;0.0000
1220;car;0.37;4;1767;24;1919;398;NO;;;;;;0.0003;0.0000
1220;car;0.22;43;5;379;1114;1080;NO;;;;;;0.0003;0.0000
1220;car;0.36;78;52;241;252;491;NO;;;;;;0.0003;0.0000
1221;car;0.36;4;1767;24;1919;398;NO;;;;;;0.0002;0.0000
1221;car;0.23;43;4;380;1112;1080;NO;;;;;;0.0002;0.0000
1221;car;0.5;78;60;235;267;490;NO;;;;;;0.0002;0.0000
1222;car;0.35;4;1768;23;1919;398;NO;;;;;;0.0002;0.0000
1222;car;0.27;43;6;381;1111;1080;NO;;;;;;0.0002;0.0000
1222;car;0.41;78;40;231;260;493;NO;;;;;;0.0002;0.0000
1223;car;0.35;4;1768;23;1919;398;NO;;;;;;0.0002;0.0000
1223;car;0.24;43;6;382;1111;1080;NO;;;;;;0.0002;0.0000
1223;car;0.62;78;64;235;280;495;NO;;;;;;0.0002;0.0000
1224;car;0.35;4;1768;22;1919;398;NO;;;;;;0.0003;0.0000
1224;car;0.19;43;5;381;1112;1080;NO;;;;;;0.0003;0.0000
1224;car;0.4;78;44;239;269;501;NO;;;;;;0.0003;0.0000
1225;car;0.32;4;1768;21;1920;398;NO;;;;;;0.0003;0.0000
1225;car;0.2;43;5;379;1115;1080;NO;;;;;;0.0003;0.0000
1225;car;0.11;78;29;236;270;512;NO;;;;;;0.0003;0.0000
1226;car;0.35;4;1769;23;1919;397;NO;;;;;;0.0003;0.0000
1226;car;0.23;43;5;379;1114;1080;NO;;;;;;0.0003;0.0000
1227;car;0.32;4;1769;25;1919;397;NO;;;;;;0.0003;0.0000
1227;car;0.23;43;5;379;1115;1080;NO;;;;;;0.0003;0.0000
1228;car;0.2;4;1769;25;1919;396;NO;;;;;;0.0002;0.0000
1228;car;0.18;43;5;379;1115;1080;NO;;;;;;0.0002;0.0000
1229;car;0.19;4;1769;23;1919;396;NO;;;;;;0.0001;0.0000
1229;car;0.2;43;5;379;1115;1080;NO;;;;;;0.0001;0.0000
1230;car;0.27;4;1768;23;1920;402;NO;;;;;;0.0002;0.0000
1230;car;0.2;43;4;380;1113;1080;NO;;;;;;0.0002;0.0000
1231;car;0.17;4;1767;43;1920;428;NO;;;;;;0.0001;0.0000
1231;car;0.19;43;4;381;1112;1080;NO;;;;;;0.0001;0.0000
1231;car;0.43;78;107;246;314;487;NO;;;;;;0.0001;0.0000
1232;car;0.19;4;1766;53;1919;437;NO;;;;;;0.0002;0.0000
1232;car;0.16;43;3;381;1112;1080;NO;;;;;;0.0002;0.0000
1232;car;0.64;84;1763;393;1912;545;NO;;;;;;0.0002;0.0000
1232;car;0.33;78;113;245;316;485;NO;;;;;;0.0002;0.0000
1233;car;0.29;4;1768;35;1918;410;NO;;;;;;0.0002;0.0000
1233;car;0.17;43;3;381;1112;1080;NO;;;;;;0.0002;0.0000
1233;car;0.65;84;1757;398;1899;542;NO;;;;;;0.0002;0.0000
1233;car;0.11;78;113;247;314;485;NO;;;;;;0.0002;0.0000
1234;car;0.4;4;1768;27;1917;399;NO;;;;;;0.0004;0.0000
1234;car;0.17;43;2;381;1110;1080;NO;;;;;;0.0004;0.0000
1234;car;0.68;84;1741;392;1893;545;NO;;;;;;0.0004;0.0000
1234;car;0.46;78;110;234;323;486;NO;;;;;;0.0004;0.0000
1235;car;0.39;4;1768;23;1917;394;NO;;;;;;0.0001;0.0000
1235;car;0.17;43;0;381;1108;1080;NO;;;;;;0.0001;0.0000
1235;car;0.61;84;1721;375;1895;548;NO;;;;;;0.0001;0.0000
1235;car;0.33;78;115;228;331;486;NO;;;;;;0.0001;0.0000
1236;car;0.22;4;1765;16;1919;399;NO;;;;;;0.0003;0.0000
1236;car;0.19;43;1;382;1107;1080;NO;;;;;;0.0003;0.0000
1236;car;0.74;84;1712;368;1888;540;NO;;;;;;0.0003;0.0000
1236;car;0.22;78;120;226;335;486;NO;;;;;;0.0003;0.0000
1237;car;0.2;4;1761;12;1916;393;NO;;;;;;0.0002;0.0000
1237;car;0.19;43;2;382;1108;1080;NO;;;;;;0.0002;0.0000
1237;car;0.75;84;1697;344;1891;532;NO;;;;;;0.0002;0.0000
1237;car;0.13;78;118;220;338;487;NO;;;;;;0.0002;0.0000
1238;car;0.13;4;1758;11;1912;387;NO;;;;;;0.0002;0.0000
1238;car;0.2;43;3;382;1109;1080;NO;;;;;;0.0002;0.0000
1238;car;0.83;84;1683;334;1887;528;NO;;;;;;0.0002;0.0000
1238;car;0.17;78;120;225;336;487;NO;;;;;;0.0002;0.0000
1239;car;0.16;4;1761;11;1915;386;NO;;;;;;0.0002;0.0000
1239;car;0.2;43;5;382;1111;1080;NO;;;;;;0.0002;0.0000
1239;car;0.83;84;1675;332;1880;521;NO;;;;;;0.0002;0.0000
1239;car;0.16;78;136;249;332;485;NO;;;;;;0.0002;0.0000
1240;car;0.11;4;1766;13;1917;380;NO;;;;;;0.0004;0.0000
1240;car;0.19;43;5;383;1110;1080;NO;;;;;;0.0004;0.0000
1240;car;0.81;84;1668;331;1875;515;NO;;;;;;0.0004;0.0000
1240;car;0.11;78;135;233;340;483;NO;;;;;;0.0004;0.0000
1241;car;0.17;4;1766;17;1918;387;NO;;;;;;0.0002;0.0000
1241;car;0.17;43;4;383;1109;1080;NO;;;;;;0.0002;0.0000
1241;car;0.76;84;1710;331;1911;512;NO;;;;;;0.0002;0.0000
1241;car;0.16;78;137;237;339;481;NO;;;;;;0.0002;0.0000
1242;car;0.14;43;2;382;1110;1080;NO;;;;;;0.0002;0.0000
1242;car;0.82;84;1677;332;1876;502;NO;;;;;;0.0002;0.0000
1243;car;0.15;43;2;381;1110;1080;NO;;;;;;0.0002;0.0000
1243;car;0.85;84;1656;333;1861;499;NO;;;;;;0.0002;0.0000
1244;car;0.15;43;2;382;1109;1080;NO;;;;;;0.0002;0.0000
1244;car;0.72;84;1641;336;1845;491;NO;;;;;;0.0002;0.0000
1245;car;0.16;43;4;382;1112;1080;NO;;;;;;0.0002;0.0000
1245;car;0.64;84;1627;337;1833;485;NO;;;;;;0.0002;0.0000
1246;car;0.15;43;6;383;1112;1080;NO;;;;;;0.0001;0.0000
1246;car;0.49;84;1610;339;1816;480;NO;;;;;;0.0001;0.0000
1247;car;0.15;43;4;384;1109;1080;NO;;;;;;0.0002;0.0000
1247;car;0.38;84;1589;342;1792;476;NO;;;;;;0.0002;0.0000
1247;car;0.26;4;1768;24;1920;392;NO;;;;;;0.0002;0.0000
1248;car;0.15;43;2;383;1108;1080;NO;;;;;;0.0002;0.0000
1248;car;0.23;84;1567;340;1780;477;NO;;;;;;0.0002;0.0000
1248;car;0.42;4;1770;29;1919;393;NO;;;;;;0.0002;0.0000
1249;car;0.14;43;2;382;1110;1080;NO;;;;;;0.0002;0.0000
1249;car;0.27;84;1548;341;1763;476;NO;;;;;;0.0002;0.0000
1249;car;0.3;4;1768;26;1919;394;NO;;;;;;0.0002;0.0000
1250;car;0.14;43;3;381;1112;1080;NO;;;;;;0.0001;0.0000
1250;car;0.33;4;1768;27;1919;396;NO;;;;;;0.0001;0.0000
1251;car;0.16;43;3;382;1111;1080;NO;;;;;;0.0004;0.0000
1251;car;0.47;4;1767;28;1919;399;NO;;;;;;0.0004;0.0000
1252;car;0.15;43;3;382;1111;1080;NO;;;;;;0.0003;0.0000
1252;car;0.53;4;1767;31;1919;400;NO;;;;;;0.0003;0.0000
1253;car;0.16;43;3;383;1111;1080;NO;;;;;;0.0002;0.0000
1253;car;0.49;4;1767;32;1918;401;NO;;;;;;0.0002;0.0000
1254;car;0.12;43;4;382;1113;1080;NO;;;;;;0.0002;0.0000
1254;car;0.43;4;1767;30;1919;401;NO;;;;;;0.0002;0.0000
1255;car;0.19;43;6;385;1111;1080;NO;;;;;;0.0004;0.0000
1255;car;0.34;4;1767;27;1920;402;NO;;;;;;0.0004;0.0000
1256;car;0.17;43;5;385;1110;1080;NO;;;;;;0.0003;0.0000
1256;car;0.38;4;1767;27;1920;402;NO;;;;;;0.0003;0.0000
1257;car;0.2;43;7;387;1110;1080;NO;;;;;;0.0004;0.0000
1257;car;0.35;4;1767;27;1919;400;NO;;;;;;0.0004;0.0000
1258;car;0.22;43;8;388;1111;1080;NO;;;;;;0.0002;0.0000
1258;car;0.37;4;1767;27;1919;399;NO;;;;;;0.0002;0.0000
1259;car;0.21;43;8;387;1113;1080;NO;;;;;;0.0003;0.0000
1259;car;0.33;4;1767;26;1919;401;NO;;;;;;0.0003;0.0000
1260;car;0.22;43;7;387;1113;1080;NO;;;;;;0.0003;0.0000
1260;car;0.37;4;1767;28;1919;400;NO;;;;;;0.0003;0.0000
1261;car;0.18;43;4;386;1113;1080;NO;;;;;;0.0003;0.0000
1261;car;0.44;4;1768;27;1918;399;NO;;;;;;0.0003;0.0000
1262;car;0.13;43;2;384;1113;1080;NO;;;;;;0.0001;0.0000
1262;car;0.4;4;1768;27;1918;398;NO;;;;;;0.0001;0.0000
1263;car;0.16;43;1;384;1111;1080;NO;;;;;;0.0002;0.0000
1263;car;0.44;4;1767;25;1919;397;NO;;;;;;0.0002;0.0000
1264;car;0.17;43;0;385;1109;1080;NO;;;;;;0.0002;0.0000
1264;car;0.4;4;1767;25;1919;397;NO;;;;;;0.0002;0.0000
1265;car;0.17;43;0;385;1107;1080;NO;;;;;;0.0001;0.0000
1265;car;0.4;4;1767;25;1919;397;NO;;;;;;0.0001;0.0000
1266;car;0.14;43;0;384;1105;1080;NO;;;;;;0.0003;0.0000
1266;car;0.42;4;1767;25;1919;397;NO;;;;;;0.0003;0.0000
1267;car;0.12;43;0;382;1105;1080;NO;;;;;;0.0002;0.0000
1267;car;0.38;4;1767;25;1918;396;NO;;;;;;0.0002;0.0000
1268;car;0.11;43;0;381;1104;1080;NO;;;;;;0.0003;0.0000
1268;car;0.37;4;1767;25;1918;396;NO;;;;;;0.0003;0.0000
1269;car;0.15;43;0;383;1099;1080;NO;;;;;;0.0003;0.0000
1269;car;0.37;4;1768;26;1918;396;NO;;;;;;0.0003;0.0000
1270;car;0.17;43;0;385;1097;1080;NO;;;;;;0.0003;0.0000
1270;car;0.34;4;1767;25;1919;397;NO;;;;;;0.0003;0.0000
1271;car;0.17;43;0;385;1096;1080;NO;;;;;;0.0003;0.0000
1271;car;0.38;4;1768;26;1919;397;NO;;;;;;0.0003;0.0000
1272;car;0.18;43;0;386;1095;1080;NO;;;;;;0.0002;0.0000
1272;car;0.35;4;1767;25;1919;397;NO;;;;;;0.0002;0.0000
1273;car;0.16;43;0;384;1093;1080;NO;;;;;;0.0002;0.0000
1273;car;0.29;4;1768;26;1919;398;NO;;;;;;0.0002;0.0000
1274;car;0.18;43;0;384;1090;1080;NO;;;;;;0.0002;0.0000
1274;car;0.33;4;1768;25;1919;398;NO;;;;;;0.0002;0.0000
1275;car;0.18;43;0;382;1092;1080;NO;;;;;;0.0003;0.0000
1275;car;0.24;4;1768;25;1919;398;NO;;;;;;0.0003;0.0000
1276;car;0.18;43;0;382;1090;1080;NO;;;;;;0.0002;0.0000
1276;car;0.31;4;1768;25;1919;398;NO;;;;;;0.0002;0.0000
1277;car;0.15;43;0;382;1086;1080;NO;;;;;;0.0003;0.0000
1277;car;0.34;4;1768;25;1919;398;NO;;;;;;0.0003;0.0000
1278;car;0.22;43;0;384;1084;1080;NO;;;;;;0.0003;0.0000
1278;car;0.37;4;1768;26;1919;398;NO;;;;;;0.0003;0.0000
1279;car;0.24;43;0;387;1080;1080;NO;;;;;;0.0002;0.0000
1279;car;0.4;4;1769;27;1919;397;NO;;;;;;0.0002;0.0000
1280;car;0.21;43;0;386;1079;1080;NO;;;;;;0.0002;0.0000
1280;car;0.37;4;1769;28;1918;397;NO;;;;;;0.0002;0.0000
1281;car;0.24;43;0;388;1076;1080;NO;;;;;;0.0003;0.0000
1281;car;0.37;4;1768;27;1918;397;NO;;;;;;0.0003;0.0000
1282;car;0.24;43;0;389;1075;1080;NO;;;;;;0.0002;0.0000
1282;car;0.36;4;1768;27;1919;397;NO;;;;;;0.0002;0.0000
1282;car;0.5;86;941;298;1144;433;NO;;;;;;0.0002;0.0000
1283;car;0.25;43;0;389;1074;1080;NO;;;;;;0.0002;0.0000
1283;car;0.35;4;1768;27;1919;398;NO;;;;;;0.0002;0.0000
1283;car;0.48;86;930;295;1144;438;NO;;;;;;0.0002;0.0000
1284;car;0.19;43;0;389;1072;1080;NO;;;;;;0.0002;0.0000
1284;car;0.31;4;1768;27;1919;398;NO;;;;;;0.0002;0.0000
1284;car;0.35;86;931;296;1150;441;NO;;;;;;0.0002;0.0000
1285;car;0.22;43;0;390;1071;1080;NO;;;;;;0.0003;0.0000
1285;car;0.3;4;1768;24;1919;397;NO;;;;;;0.0003;0.0000
1285;car;0.51;86;924;295;1148;444;NO;;;;;;0.0003;0.0000
1286;car;0.21;43;0;389;1067;1080;NO;;;;;;0.0002;0.0000
1286;car;0.31;4;1768;23;1919;397;NO;;;;;;0.0002;0.0000
1286;car;0.6;86;912;294;1137;444;NO;;;;;;0.0002;0.0000
1287;car;0.2;43;0;389;1062;1080;NO;;;;;;0.0002;0.0000
1287;car;0.35;4;1768;22;1919;397;NO;;;;;;0.0002;0.0000
1287;car;0.74;86;912;294;1144;447;NO;;;;;;0.0002;0.0000
1288;car;0.16;43;0;389;1059;1080;NO;;;;;;0.0004;0.0000
1288;car;0.34;4;1768;21;1919;397;NO;;;;;;0.0004;0.0000
1288;car;0.76;86;884;296;1124;454;NO;;;;;;0.0004;0.0000
1289;car;0.17;43;0;389;1058;1080;NO;;;;;;0.0004;0.0000
1289;car;0.3;4;1768;21;1920;397;NO;;;;;;0.0004;0.0000
1289;car;0.77;86;866;295;1112;459;NO;;;;;;0.0004;0.0000
1290;car;0.2;43;0;389;1051;1080;NO;;;;;;0.0003;0.0000
1290;car;0.29;4;1768;20;1920;397;NO;;;;;;0.0003;0.0000
1290;car;0.83;86;852;296;1102;464;NO;;;;;;0.0003;0.0000
1291;car;0.18;43;0;388;1045;1080;NO;;;;;;0.0002;0.0000
1291;car;0.26;4;1768;21;1919;397;NO;;;;;;0.0002;0.0000
1291;car;0.83;86;837;297;1091;468;NO;;;;;;0.0002;0.0000
1292;car;0.18;43;0;387;1042;1080;NO;;;;;;0.0005;0.0000
1292;car;0.31;4;1768;21;1919;397;NO;;;;;;0.0005;0.0000
1292;car;0.82;86;829;297;1087;472;NO;;;;;;0.0005;0.0000
1293;car;0.12;43;0;388;1051;1080;NO;;;;;;0.0003;0.0000
1293;car;0.27;4;1768;21;1919;397;NO;;;;;;0.0003;0.0000
1293;car;0.77;86;818;292;1090;478;NO;;;;;;0.0003;0.0000
1294;car;0.12;43;0;387;1058;1080;NO;;;;;;0.0004;0.0000
1294;car;0.28;4;1768;19;1920;400;NO;;;;;;0.0004;0.0000
1294;car;0.79;86;814;292;1093;481;NO;;;;;;0.0004;0.0000
1295;car;0.1;43;0;384;1050;1080;NO;;;;;;0.0002;0.0000
1295;car;0.26;4;1768;18;1920;401;NO;;;;;;0.0002;0.0000
1295;car;0.87;86;801;293;1090;485;NO;;;;;;0.0002;0.0000
1296;car;0.26;4;1768;18;1920;402;NO;;;;;;0.0002;0.0000
1296;car;0.82;86;794;291;1098;489;NO;;;;;;0.0002;0.0000
1297;car;0.18;4;1768;17;1920;402;NO;;;;;;0.0004;0.0000
1297;car;0.82;86;753;293;1066;499;NO;;;;;;0.0004;0.0000
1298;car;0.19;4;1768;16;1920;402;NO;;;;;;0.0004;0.0000
1298;car;0.89;86;740;295;1066;508;NO;;;;;;0.0004;0.0000
1299;car;0.16;4;1768;16;1920;403;NO;;;;;;0.0002;0.0000
1299;car;0.91;86;709;297;1044;515;NO;;;;;;0.0002;0.0000
1300;car;0.21;4;1768;17;1920;402;NO;;;;;;0.0002;0.0000
1300;car;0.94;86;689;299;1035;523;NO;;;;;;0.0002;0.0000
1301;car;0.19;4;1769;18;1920;402;NO;;;;;;0.0002;0.0000
1301;car;0.9;86;663;297;1027;531;NO;;;;;;0.0002;0.0000
1302;car;0.22;4;1769;18;1920;402;NO;;;;;;0.0002;0.0000
1302;car;0.93;86;635;296;1023;543;NO;;;;;;0.0002;0.0000
1303;car;0.1;4;1769;18;1920;403;NO;;;;;;0.0002;0.0000
1303;car;0.84;86;598;294;1012;556;NO;;;;;;0.0002;0.0000
1304;car;0.11;4;1769;19;1919;403;NO;;;;;;0.0003;0.0000
1304;car;0.83;86;568;294;989;559;NO;;;;;;0.0003;0.0000
1305;car;0.84;86;529;293;966;566;NO;;;;;;0.0002;0.0000
1306;car;0.86;86;485;291;957;583;NO;;;;;;0.0002;0.0000
1307;car;0.88;86;428;287;943;604;NO;;;;;;0.0003;0.0000
1308;car;0.87;86;375;283;926;619;NO;;;;;;0.0002;0.0000
1309;car;0.82;86;316;278;914;642;NO;;;;;;0.0002;0.0000
1310;car;0.89;86;247;274;888;661;NO;;;;;;0.0002;0.0000
1311;car;0.87;86;165;269;866;688;NO;;;;;;0.0002;0.0000
1312;car;0.89;86;76;267;841;721;NO;;;;;;0.0002;0.0000
1313;car;0.91;86;9;265;845;762;NO;;;;;;0.0003;0.0000
1314;car;0.92;86;0;263;860;812;NO;;;;;;0.0002;0.0000
1315;car;0.91;86;0;258;893;884;NO;;;;;;0.0002;0.0000
1316;car;0.9;86;0;257;913;943;NO;;;;;;0.0002;0.0000
1317;car;0.9;86;0;255;931;1013;NO;;;;;;0.0002;0.0000
1318;car;0.92;86;0;251;873;985;NO;;;;;;0.0002;0.0000
1319;car;0.9;86;0;243;841;989;NO;;;;;;0.0003;0.0000
1320;car;0.91;86;0;236;794;988;NO;;;;;;0.0002;0.0000
1321;car;0.88;86;0;233;743;988;NO;;;;;;0.0002;0.0000
1322;car;0.12;86;0;244;750;1003;NO;;;;;;0.0002;0.0000
1323;car;0.1;86;0;268;826;1031;NO;;;;;;0.0002;0.0000
1323;car;0.26;4;1770;26;1916;397;NO;;;;;;0.0002;0.0000
1324;car;0.29;4;1770;26;1917;397;NO;;;;;;0.0003;0.0000
1325;car;0.28;4;1770;27;1917;397;NO;;;;;;0.0002;0.0000
1326;car;0.28;4;1769;25;1918;397;NO;;;;;;0.0002;0.0000
1327;car;0.28;4;1769;24;1918;397;NO;;;;;;0.0003;0.0000
1328;car;0.27;4;1768;22;1918;397;NO;;;;;;0.0003;0.0000
1329;car;0.27;4;1768;22;1918;397;NO;;;;;;0.0003;0.0000
1330;car;0.26;4;1768;22;1918;397;NO;;;;;;0.0003;0.0000
1331;car;0.25;4;1768;21;1918;397;NO;;;;;;0.0002;0.0000
1332;car;0.25;4;1768;20;1918;397;NO;;;;;;0.0002;0.0000
1333;car;0.25;4;1768;20;1918;397;NO;;;;;;0.0002;0.0000
1334;car;0.27;4;1768;20;1918;397;NO;;;;;;0.0002;0.0000
1335;car;0.3;4;1768;22;1918;396;NO;;;;;;0.0002;0.0000
1336;car;0.3;4;1768;23;1918;396;NO;;;;;;0.0002;0.0000
1337;car;0.32;4;1768;22;1918;396;NO;;;;;;0.0002;0.0000
1338;car;0.29;4;1768;22;1918;396;NO;;;;;;0.0004;0.0000
1339;car;0.28;4;1768;22;1919;396;NO;;;;;;0.0003;0.0000
1340;car;0.29;4;1768;22;1919;396;NO;;;;;;0.0002;0.0000
1341;car;0.31;4;1768;22;1919;396;NO;;;;;;0.0003;0.0000
1342;car;0.28;4;1768;21;1919;396;NO;;;;;;0.0002;0.0000
1342;car;0.53;92;925;296;1146;441;NO;;;;;;0.0002;0.0000
1343;car;0.33;4;1768;20;1919;397;NO;;;;;;0.0004;0.0000
1343;car;0.6;92;918;295;1147;445;NO;;;;;;0.0004;0.0000
1344;car;0.3;4;1768;21;1919;397;NO;;;;;;0.0003;0.0000
1344;car;0.6;92;911;297;1136;444;NO;;;;;;0.0003;0.0000
1345;car;0.32;4;1767;20;1919;398;NO;;;;;;0.0004;0.0000
1345;car;0.73;92;893;294;1128;448;NO;;;;;;0.0004;0.0000
1346;car;0.3;4;1767;19;1919;398;NO;;;;;;0.0003;0.0000
1346;car;0.78;92;878;294;1122;455;NO;;;;;;0.0003;0.0000
1347;car;0.28;4;1767;19;1919;399;NO;;;;;;0.0004;0.0000
1347;car;0.8;92;864;292;1114;459;NO;;;;;;0.0004;0.0000
1348;car;0.3;4;1766;19;1919;399;NO;;;;;;0.0003;0.0000
1348;car;0.78;92;849;292;1108;465;NO;;;;;;0.0003;0.0000
1349;car;0.29;4;1767;19;1919;399;NO;;;;;;0.0002;0.0000
1349;car;0.81;92;841;294;1102;470;NO;;;;;;0.0002;0.0000
1350;car;0.29;4;1767;19;1919;399;NO;;;;;;0.0002;0.0000
1350;car;0.78;92;833;292;1096;470;NO;;;;;;0.0002;0.0000
1351;car;0.27;4;1767;19;1919;399;NO;;;;;;0.0002;0.0000
1351;car;0.79;92;829;293;1099;474;NO;;;;;;0.0002;0.0000
1352;car;0.22;4;1767;19;1919;399;NO;;;;;;0.0003;0.0000
1352;car;0.75;92;815;292;1090;477;NO;;;;;;0.0003;0.0000
1353;car;0.22;4;1767;18;1919;399;NO;;;;;;0.0002;0.0000
1353;car;0.77;92;803;294;1085;483;NO;;;;;;0.0002;0.0000
1354;car;0.23;4;1767;19;1919;399;NO;;;;;;0.0002;0.0000
1354;car;0.83;92;771;294;1057;488;NO;;;;;;0.0002;0.0000
1355;car;0.21;4;1767;19;1919;399;NO;;;;;;0.0004;0.0000
1355;car;0.76;92;768;294;1059;491;NO;;;;;;0.0004;0.0000
1356;car;0.24;4;1767;20;1919;399;NO;;;;;;0.0002;0.0000
1356;car;0.8;92;751;296;1053;500;NO;;;;;;0.0002;0.0000
1357;car;0.19;4;1767;19;1919;399;NO;;;;;;0.0002;0.0000
1357;car;0.83;92;733;296;1049;507;NO;;;;;;0.0002;0.0000
1358;car;0.19;4;1767;20;1919;399;NO;;;;;;0.0004;0.0000
1358;car;0.88;92;718;295;1050;515;NO;;;;;;0.0004;0.0000
1359;car;0.19;4;1767;18;1920;401;NO;;;;;;0.0002;0.0000
1359;car;0.92;92;699;296;1039;520;NO;;;;;;0.0002;0.0000
1360;car;0.21;4;1768;17;1920;402;NO;;;;;;0.0002;0.0000
1360;car;0.87;92;677;297;1028;525;NO;;;;;;0.0002;0.0000
1361;car;0.18;4;1768;16;1920;402;NO;;;;;;0.0003;0.0000
1361;car;0.91;92;658;297;1025;531;NO;;;;;;0.0003;0.0000
1362;car;0.14;4;1768;16;1920;402;NO;;;;;;0.0002;0.0000
1362;car;0.92;92;630;295;1018;539;NO;;;;;;0.0002;0.0000
1362;licenseplate;0.75;95;672;442;755;496;SÍ;672;442;755;496;G;0.0002;0.1935
1363;car;0.13;4;1768;16;1920;402;NO;;;;;;0.0002;0.0000
1363;car;0.92;92;621;295;1043;553;NO;;;;;;0.0002;0.0000
1364;car;0.14;4;1769;16;1920;402;NO;;;;;;0.0004;0.0000
1364;car;0.9;92;597;293;1051;563;NO;;;;;;0.0004;0.0000
1365;car;0.81;92;532;293;994;567;NO;;;;;;0.0004;0.0000
1366;car;0.87;92;481;292;968;580;NO;;;;;;0.0002;0.0000
1367;car;0.85;92;428;290;952;599;NO;;;;;;0.0002;0.0000
1368;car;0.88;92;385;288;938;611;NO;;;;;;0.0002;0.0000
1369;car;0.83;92;337;286;923;626;NO;;;;;;0.0002;0.0000
1370;car;0.86;92;270;280;906;648;NO;;;;;;0.0004;0.0000
1371;car;0.88;92;203;274;888;668;NO;;;;;;0.0002;0.0000
1372;car;0.84;92;124;268;866;692;NO;;;;;;0.0002;0.0000
1373;car;0.85;92;48;267;849;723;NO;;;;;;0.0002;0.0000
1374;car;0.9;92;0;261;856;756;NO;;;;;;0.0003;0.0000
1375;car;0.89;92;0;262;862;796;NO;;;;;;0.0002;0.0000
1376;car;0.88;92;0;257;877;834;NO;;;;;;0.0002;0.0000
1377;car;0.89;92;0;258;907;904;NO;;;;;;0.0003;0.0000
1378;car;0.88;92;0;257;922;963;NO;;;;;;0.0003;0.0000
1379;car;0.89;92;0;254;932;1023;NO;;;;;;0.0002;0.0000
1380;car;0.89;92;0;250;876;993;NO;;;;;;0.0003;0.0000
1381;car;0.89;92;0;247;826;975;NO;;;;;;0.0002;0.0000
1382;car;0.9;92;0;240;781;967;NO;;;;;;0.0002;0.0000
1383;car;0.87;92;0;238;732;964;NO;;;;;;0.0002;0.0000
1384;car;0.8;92;0;250;676;968;NO;;;;;;0.0002;0.0000
1384;car;0.28;4;1769;20;1918;398;NO;;;;;;0.0002;0.0000
1385;car;0.58;92;0;279;597;958;NO;;;;;;0.0004;0.0000
1385;car;0.24;4;1769;21;1918;398;NO;;;;;;0.0004;0.0000
1386;car;0.27;4;1769;19;1919;401;NO;;;;;;0.0001;0.0000
1387;car;0.29;4;1768;19;1918;400;NO;;;;;;0.0003;0.0000
1388;car;0.28;4;1768;19;1918;399;NO;;;;;;0.0002;0.0000
1389;car;0.27;4;1768;20;1918;399;NO;;;;;;0.0002;0.0000
1390;car;0.3;4;1768;20;1918;398;NO;;;;;;0.0002;0.0000
1391;car;0.3;4;1768;22;1917;397;NO;;;;;;0.0004;0.0000
1392;car;0.22;4;1768;22;1918;398;NO;;;;;;0.0002;0.0000
1393;car;0.21;-1;1005;275;1141;403;NO;;;;;;0.0004;0.0000
1393;car;0.13;-1;2;354;1104;1080;NO;;;;;;0.0004;0.0000
1393;car;0.11;-1;940;280;1118;390;NO;;;;;;0.0004;0.0000
1394;car;0.23;-1;998;273;1133;403;NO;;;;;;0.0002;0.0000
1394;car;0.19;-1;3;362;1104;1080;NO;;;;;;0.0002;0.0000
1394;car;0.14;-1;882;280;1123;394;NO;;;;;;0.0002;0.0000
1395;car;0.52;-1;1000;272;1126;411;NO;;;;;;0.0002;0.0000
1395;car;0.19;-1;3;361;1098;1080;NO;;;;;;0.0002;0.0000
1395;car;0.11;-1;1794;375;1918;548;NO;;;;;;0.0002;0.0000
1396;car;0.43;112;990;273;1112;408;NO;;;;;;0.0002;0.0000
1397;car;0.63;112;965;268;1100;416;NO;;;;;;0.0002;0.0000
1397;car;0.7;113;1767;360;1915;544;NO;;;;;;0.0002;0.0000
1398;car;0.72;112;974;263;1121;422;NO;;;;;;0.0003;0.0000
1398;car;0.82;113;1745;328;1920;547;NO;;;;;;0.0003;0.0000
1399;car;0.72;112;979;265;1130;429;NO;;;;;;0.0003;0.0000
1399;car;0.94;113;1739;322;1915;539;NO;;;;;;0.0003;0.0000
1399;car;0.35;4;1763;16;1920;418;NO;;;;;;0.0003;0.0000
1400;car;0.65;112;981;268;1136;434;NO;;;;;;0.0004;0.0000
1400;car;0.95;113;1728;325;1907;546;NO;;;;;;0.0004;0.0000
1400;car;0.37;4;1761;14;1920;427;NO;;;;;;0.0004;0.0000
1401;car;0.63;112;986;277;1141;439;NO;;;;;;0.0004;0.0000
1401;car;0.97;113;1715;325;1903;553;NO;;;;;;0.0004;0.0000
1401;car;0.22;4;1761;12;1920;423;NO;;;;;;0.0004;0.0000
1402;car;0.87;112;969;279;1126;441;NO;;;;;;0.0003;0.0000
1402;car;0.95;113;1709;325;1894;546;NO;;;;;;0.0003;0.0000
1402;car;0.19;4;1763;11;1918;406;NO;;;;;;0.0003;0.0000
1403;car;0.79;112;948;280;1106;442;NO;;;;;;0.0002;0.0000
1403;car;0.95;113;1702;324;1887;540;NO;;;;;;0.0002;0.0000
1404;car;0.77;112;945;275;1113;442;NO;;;;;;0.0002;0.0000
1404;car;0.91;113;1697;323;1882;534;NO;;;;;;0.0002;0.0000
1405;car;0.85;112;936;274;1111;446;NO;;;;;;0.0004;0.0000
1405;car;0.91;113;1690;323;1879;531;NO;;;;;;0.0004;0.0000
1406;car;0.89;112;933;272;1120;451;NO;;;;;;0.0002;0.0000
1406;car;0.9;113;1686;323;1879;529;NO;;;;;;0.0002;0.0000
1407;car;0.85;112;921;271;1116;453;NO;;;;;;0.0002;0.0000
1407;car;0.89;113;1677;324;1872;524;NO;;;;;;0.0002;0.0000
1408;car;0.85;112;919;273;1126;461;NO;;;;;;0.0002;0.0000
1408;car;0.88;113;1665;324;1867;520;NO;;;;;;0.0002;0.0000
1409;car;0.9;112;910;276;1125;465;NO;;;;;;0.0003;0.0000
1409;car;0.89;113;1656;324;1866;519;NO;;;;;;0.0003;0.0000
1410;car;0.93;112;886;274;1112;472;NO;;;;;;0.0002;0.0000
1410;car;0.89;113;1651;325;1866;515;NO;;;;;;0.0002;0.0000
1411;car;0.89;112;869;276;1097;475;NO;;;;;;0.0002;0.0000
1411;car;0.91;113;1642;325;1863;512;NO;;;;;;0.0002;0.0000
1412;car;0.89;112;857;278;1087;478;NO;;;;;;0.0002;0.0000
1412;car;0.79;113;1634;326;1853;502;NO;;;;;;0.0002;0.0000
1413;car;0.91;112;846;277;1083;481;NO;;;;;;0.0003;0.0000
1413;car;0.85;113;1621;327;1840;496;NO;;;;;;0.0003;0.0000
1414;car;0.87;112;855;273;1118;492;NO;;;;;;0.0004;0.0000
1414;car;0.78;113;1611;327;1830;490;NO;;;;;;0.0004;0.0000
1415;car;0.91;112;830;272;1101;493;NO;;;;;;0.0002;0.0000
1415;car;0.65;113;1594;328;1815;487;NO;;;;;;0.0002;0.0000
1416;car;0.96;112;807;275;1080;495;NO;;;;;;0.0002;0.0000
1416;car;0.77;113;1576;328;1804;488;NO;;;;;;0.0002;0.0000
1416;car;0.33;4;1774;20;1920;394;NO;;;;;;0.0002;0.0000
1417;car;0.93;112;793;271;1086;504;NO;;;;;;0.0002;0.0000
1417;car;0.74;113;1561;328;1790;487;NO;;;;;;0.0002;0.0000
1417;car;0.27;4;1774;26;1919;395;NO;;;;;;0.0002;0.0000
1418;car;0.92;112;795;270;1109;510;NO;;;;;;0.0002;0.0000
1418;car;0.71;113;1552;327;1780;483;NO;;;;;;0.0002;0.0000
1418;car;0.15;4;1773;25;1919;397;NO;;;;;;0.0002;0.0000
1419;car;0.95;112;754;273;1071;515;NO;;;;;;0.0003;0.0000
1419;car;0.72;113;1536;324;1768;482;NO;;;;;;0.0003;0.0000
1419;car;0.13;4;1771;25;1919;402;NO;;;;;;0.0003;0.0000
1420;car;0.85;112;732;274;1054;519;NO;;;;;;0.0002;0.0000
1420;car;0.64;113;1524;323;1760;482;NO;;;;;;0.0002;0.0000
1420;car;0.22;4;1772;27;1918;397;NO;;;;;;0.0002;0.0000
1421;car;0.94;112;717;274;1058;527;NO;;;;;;0.0003;0.0000
1421;car;0.33;113;1544;322;1772;481;NO;;;;;;0.0003;0.0000
1421;car;0.31;4;1772;27;1917;396;NO;;;;;;0.0003;0.0000
1422;car;0.87;112;700;269;1068;536;NO;;;;;;0.0003;0.0000
1422;car;0.49;113;1553;322;1769;478;NO;;;;;;0.0003;0.0000
1422;car;0.4;4;1771;28;1917;398;NO;;;;;;0.0003;0.0000
1423;car;0.82;112;658;264;1042;540;NO;;;;;;0.0002;0.0000
1423;car;0.35;113;1546;318;1755;473;NO;;;;;;0.0002;0.0000
1423;car;0.32;4;1771;26;1918;399;NO;;;;;;0.0002;0.0000
1424;car;0.75;112;622;260;1022;546;NO;;;;;;0.0003;0.0000
1424;car;0.12;113;1530;316;1740;472;NO;;;;;;0.0003;0.0000
1424;car;0.21;4;1770;25;1918;399;NO;;;;;;0.0003;0.0000
1425;car;0.85;112;592;259;1006;554;NO;;;;;;0.0002;0.0000
1426;car;0.89;112;552;257;989;568;NO;;;;;;0.0002;0.0000
1427;car;0.88;112;511;255;972;581;NO;;;;;;0.0003;0.0000
1428;car;0.88;112;469;253;964;601;NO;;;;;;0.0003;0.0000
1429;car;0.85;112;423;252;954;621;NO;;;;;;0.0004;0.0000
1430;car;0.88;112;377;252;933;634;NO;;;;;;0.0002;0.0000
1431;car;0.88;112;328;249;915;647;NO;;;;;;0.0002;0.0000
1432;car;0.87;112;262;244;908;678;NO;;;;;;0.0002;0.0000
1433;car;0.88;112;177;240;878;706;NO;;;;;;0.0002;0.0000
1434;car;0.89;112;83;235;861;746;NO;;;;;;0.0002;0.0000
1435;car;0.91;112;18;231;860;785;NO;;;;;;0.0004;0.0000
1436;car;0.9;112;0;226;906;875;NO;;;;;;0.0003;0.0000
1437;car;0.9;112;0;223;920;926;NO;;;;;;0.0002;0.0000
1438;car;0.91;112;0;211;931;970;NO;;;;;;0.0003;0.0000
1439;car;0.86;112;0;201;945;1027;NO;;;;;;0.0002;0.0000
1440;car;0.87;112;0;193;940;1057;NO;;;;;;0.0002;0.0000
1441;car;0.86;112;0;177;918;1044;NO;;;;;;0.0002;0.0000
1442;car;0.85;112;0;164;870;1034;NO;;;;;;0.0002;0.0000
1443;car;0.88;112;0;158;813;1026;NO;;;;;;0.0002;0.0000
1444;car;0.81;112;0;148;760;1024;NO;;;;;;0.0002;0.0000
1445;car;0.59;112;0;143;697;1018;NO;;;;;;0.0003;0.0000
1446;car;0.2;-1;0;158;347;1047;NO;;;;;;0.0002;0.0000
1446;car;0.15;-1;1771;19;1919;402;NO;;;;;;0.0002;0.0000
1447;car;0.17;-1;1770;19;1919;402;NO;;;;;;0.0004;0.0000
1448;car;0.17;-1;1200;301;1353;446;NO;;;;;;0.0002;0.0000
1448;car;0.17;-1;1770;20;1919;402;NO;;;;;;0.0002;0.0000
1448;car;0.14;-1;7;372;1139;1080;NO;;;;;;0.0002;0.0000
1449;car;0.62;-1;1198;301;1360;451;NO;;;;;;0.0002;0.0000
1449;car;0.21;-1;3;370;1136;1080;NO;;;;;;0.0002;0.0000
1449;car;0.18;-1;1770;20;1919;402;NO;;;;;;0.0002;0.0000
1450;car;0.72;128;1204;306;1363;453;NO;;;;;;0.0003;0.0000
1451;car;0.69;128;1204;306;1366;456;NO;;;;;;0.0003;0.0000
1452;car;0.78;128;1205;304;1376;462;NO;;;;;;0.0002;0.0000
1453;car;0.81;128;1203;298;1387;468;NO;;;;;;0.0002;0.0000
1454;car;0.84;128;1204;297;1393;473;NO;;;;;;0.0002;0.0000
1455;car;0.89;128;1204;295;1398;475;NO;;;;;;0.0002;0.0000
1456;car;0.83;128;1213;296;1411;479;NO;;;;;;0.0002;0.0000
1457;car;0.86;128;1217;295;1419;481;NO;;;;;;0.0003;0.0000
1458;car;0.9;128;1223;293;1429;482;NO;;;;;;0.0002;0.0000
1459;car;0.91;128;1222;290;1434;485;NO;;;;;;0.0002;0.0000
1460;car;0.95;128;1227;288;1443;487;NO;;;;;;0.0002;0.0000
1461;car;0.95;128;1234;289;1458;494;NO;;;;;;0.0002;0.0000
1462;car;0.95;128;1240;289;1469;498;NO;;;;;;0.0004;0.0000
1463;car;0.94;128;1246;289;1487;508;NO;;;;;;0.0003;0.0000
1464;car;0.96;128;1253;290;1502;515;NO;;;;;;0.0002;0.0000
1465;car;0.96;128;1262;290;1515;519;NO;;;;;;0.0002;0.0000
1466;car;0.96;128;1265;292;1529;529;NO;;;;;;0.0003;0.0000
1466;licenseplate;0.44;136;1371;440;1468;479;SÍ;1371;440;1468;479;BS;0.0003;0.1993
1467;car;0.97;128;1280;291;1551;534;NO;;;;;;0.0001;0.0000
1467;licenseplate;0.58;136;1385;447;1491;490;SÍ;1385;447;1491;490;EET;0.0001;0.2025
1468;car;0.97;128;1293;292;1575;544;NO;;;;;;0.0003;0.0000
1468;licenseplate;0.58;136;1396;454;1504;498;SÍ;1396;454;1504;498;;0.0003;0.1944
1469;car;0.98;128;1304;294;1596;554;NO;;;;;;0.0002;0.0000
1469;licenseplate;0.55;136;1417;461;1527;505;SÍ;1417;461;1527;505;S;0.0002;0.1983
1470;car;0.96;128;1320;293;1622;561;NO;;;;;;0.0001;0.0000
1470;licenseplate;0.8;136;1452;468;1555;509;SÍ;1452;468;1555;509;SS;0.0001;0.2149
1471;car;0.95;128;1315;290;1634;569;NO;;;;;;0.0002;0.0000
1471;licenseplate;0.67;136;1481;477;1586;519;SÍ;1481;477;1586;519;SD;0.0002;0.1937
1472;car;0.96;128;1342;289;1675;579;NO;;;;;;0.0002;0.0000
1472;licenseplate;0.64;136;1512;486;1617;528;SÍ;1512;486;1617;528;;0.0002;0.1956
1473;car;0.91;128;1360;289;1714;594;NO;;;;;;0.0002;0.0000
1473;licenseplate;0.76;136;1537;493;1652;539;SÍ;1537;493;1652;539;;0.0002;0.1914
1474;car;0.89;128;1345;291;1721;605;NO;;;;;;0.0002;0.0000
1474;licenseplate;0.65;136;1572;504;1690;552;SÍ;1572;504;1690;552;;0.0002;0.1938
1475;car;0.88;128;1349;292;1753;619;NO;;;;;;0.0002;0.0000
1475;licenseplate;0.76;136;1610;516;1732;565;SÍ;1610;516;1732;565;;0.0002;0.2045
1476;car;0.86;128;1360;289;1807;638;NO;;;;;;0.0002;0.0000
1476;licenseplate;0.74;136;1649;529;1783;583;SÍ;1649;529;1783;583;;0.0002;0.2632
1477;car;0.86;128;1363;285;1845;652;NO;;;;;;0.0002;0.0000
1477;licenseplate;0.66;136;1700;542;1835;596;SÍ;1700;542;1835;596;;0.0002;0.1969
1478;car;0.9;128;1357;285;1872;670;NO;;;;;;0.0001;0.0000
1479;car;0.89;128;1354;284;1896;686;NO;;;;;;0.0002;0.0000
1480;car;0.87;128;1344;282;1920;714;NO;;;;;;0.0002;0.0000
1481;car;0.86;128;1329;281;1920;756;NO;;;;;;0.0003;0.0000
1482;car;0.89;128;1319;281;1920;793;NO;;;;;;0.0002;0.0000
1483;car;0.88;128;1317;279;1920;818;NO;;;;;;0.0002;0.0000
1484;car;0.82;128;1329;278;1920;840;NO;;;;;;0.0002;0.0000
1485;car;0.86;128;1369;282;1920;818;NO;;;;;;0.0003;0.0000
1486;car;0.8;128;1410;285;1920;803;NO;;;;;;0.0003;0.0000
1487;car;0.75;128;1445;289;1920;799;NO;;;;;;0.0003;0.0000
1488;car;0.76;128;1479;291;1920;788;NO;;;;;;0.0003;0.0000
1489;car;0.58;128;1509;287;1920;802;NO;;;;;;0.0002;0.0000
1490;car;0.11;-1;3;362;1128;1080;NO;;;;;;0.0001;0.0000
1491;car;0.31;-1;1756;433;1919;831;NO;;;;;;0.0002;0.0000
1491;car;0.12;-1;3;362;1129;1080;NO;;;;;;0.0002;0.0000
1492;car;0.18;-1;1768;26;1919;394;NO;;;;;;0.0002;0.0000
1492;car;0.16;-1;3;362;1132;1080;NO;;;;;;0.0002;0.0000
1493;car;0.31;-1;1768;23;1919;397;NO;;;;;;0.0003;0.0000
1493;car;0.2;-1;3;363;1129;1080;NO;;;;;;0.0003;0.0000
1494;car;0.35;144;1768;24;1918;397;NO;;;;;;0.0003;0.0000
1495;car;0.36;144;1768;25;1918;396;NO;;;;;;0.0003;0.0000
1496;car;0.38;144;1768;26;1918;396;NO;;;;;;0.0001;0.0000
1497;car;0.42;144;1768;26;1918;396;NO;;;;;;0.0005;0.0000
1498;car;0.43;144;1768;27;1918;397;NO;;;;;;0.0002;0.0000
1499;car;0.4;144;1768;26;1918;397;NO;;;;;;0.0002;0.0000
1500;car;0.4;144;1769;28;1918;397;NO;;;;;;0.0002;0.0000
1501;car;0.34;144;1768;26;1918;397;NO;;;;;;0.0002;0.0000
1502;car;0.31;144;1768;25;1918;397;NO;;;;;;0.0002;0.0000
1503;car;0.27;144;1768;25;1919;397;NO;;;;;;0.0002;0.0000
1504;car;0.28;144;1768;25;1918;397;NO;;;;;;0.0003;0.0000
1505;car;0.29;144;1768;25;1918;397;NO;;;;;;0.0001;0.0000
1506;car;0.28;144;1768;25;1918;396;NO;;;;;;0.0002;0.0000
1507;car;0.25;144;1768;24;1919;396;NO;;;;;;0.0002;0.0000
1508;car;0.27;144;1768;23;1919;396;NO;;;;;;0.0003;0.0000
1509;car;0.28;144;1767;22;1919;396;NO;;;;;;0.0002;0.0000
1510;car;0.29;144;1767;21;1919;396;NO;;;;;;0.0001;0.0000
1511;car;0.29;144;1767;22;1919;396;NO;;;;;;0.0001;0.0000
1512;car;0.31;144;1767;21;1919;396;NO;;;;;;0.0002;0.0000
1513;car;0.38;144;1767;22;1919;396;NO;;;;;;0.0002;0.0000
1514;car;0.38;144;1767;22;1919;396;NO;;;;;;0.0002;0.0000
1515;car;0.37;144;1767;22;1919;396;NO;;;;;;0.0002;0.0000
1516;car;0.36;144;1768;23;1919;396;NO;;;;;;0.0002;0.0000
1517;car;0.38;144;1768;23;1919;396;NO;;;;;;0.0003;0.0000
1518;car;0.38;144;1768;23;1918;395;NO;;;;;;0.0002;0.0000
1519;car;0.37;144;1768;25;1918;396;NO;;;;;;0.0002;0.0000
1520;car;0.4;144;1768;29;1918;398;NO;;;;;;0.0002;0.0000
1521;car;0.36;144;1769;30;1917;394;NO;;;;;;0.0001;0.0000
1522;car;0.29;144;1769;27;1917;393;NO;;;;;;0.0002;0.0000
1523;car;0.34;144;1769;27;1918;391;NO;;;;;;0.0003;0.0000
1524;car;0.46;144;1770;27;1917;388;NO;;;;;;0.0002;0.0000
1525;car;0.39;144;1768;22;1918;388;NO;;;;;;0.0001;0.0000
1525;car;0.64;160;1767;350;1920;510;NO;;;;;;0.0001;0.0000
1526;car;0.26;144;1759;21;1920;430;NO;;;;;;0.0002;0.0000
1526;car;0.67;160;1755;337;1917;500;NO;;;;;;0.0002;0.0000
1527;car;0.1;144;1763;25;1920;415;NO;;;;;;0.0002;0.0000
1527;car;0.46;160;1746;327;1909;492;NO;;;;;;0.0002;0.0000
1528;car;0.21;144;1760;81;1916;466;NO;;;;;;0.0003;0.0000
1528;car;0.24;160;1721;278;1920;488;NO;;;;;;0.0003;0.0000
1529;car;0.14;144;1766;132;1905;464;NO;;;;;;0.0002;0.0000
1530;car;0.14;144;1777;119;1911;437;NO;;;;;;0.0004;0.0000
1531;car;0.11;144;1775;141;1905;440;NO;;;;;;0.0002;0.0000
1532;car;0.12;144;1768;63;1917;408;NO;;;;;;0.0002;0.0000
1533;car;0.14;144;1767;41;1920;397;NO;;;;;;0.0002;0.0000
1534;car;0.16;144;1765;29;1920;397;NO;;;;;;0.0002;0.0000
1535;car;0.37;144;1767;37;1920;394;NO;;;;;;0.0003;0.0000
1536;car;0.32;144;1767;34;1920;394;NO;;;;;;0.0002;0.0000
1537;car;0.16;144;1765;25;1920;396;NO;;;;;;0.0002;0.0000
1538;car;0.15;144;1765;22;1920;399;NO;;;;;;0.0003;0.0000
1539;car;0.13;144;1765;20;1920;399;NO;;;;;;0.0002;0.0000
1540;car;0.15;144;1765;19;1920;399;NO;;;;;;0.0002;0.0000
1541;car;0.21;144;1765;18;1920;401;NO;;;;;;0.0002;0.0000
1542;car;0.17;144;1766;18;1920;401;NO;;;;;;0.0002;0.0000
1543;car;0.17;144;1766;18;1920;401;NO;;;;;;0.0003;0.0000
1544;car;0.21;144;1766;18;1920;401;NO;;;;;;0.0004;0.0000
1545;car;0.2;144;1767;19;1920;401;NO;;;;;;0.0002;0.0000
1546;car;0.23;144;1767;19;1920;402;NO;;;;;;0.0003;0.0000
1547;car;0.22;144;1767;18;1920;401;NO;;;;;;0.0005;0.0000
1548;car;0.2;144;1767;18;1920;401;NO;;;;;;0.0002;0.0000
1548;car;0.33;173;4;376;1119;1080;NO;;;;;;0.0002;0.0000
1549;car;0.2;144;1767;16;1920;401;NO;;;;;;0.0002;0.0000
1549;car;0.34;173;1;376;1117;1080;NO;;;;;;0.0002;0.0000
1550;car;0.2;144;1767;16;1920;401;NO;;;;;;0.0005;0.0000
1550;car;0.3;173;0;373;1121;1080;NO;;;;;;0.0005;0.0000
1551;car;0.24;144;1767;16;1920;401;NO;;;;;;0.0002;0.0000
1551;car;0.32;173;4;376;1120;1080;NO;;;;;;0.0002;0.0000
1552;car;0.27;144;1768;17;1919;397;NO;;;;;;0.0002;0.0000
1552;car;0.35;173;3;379;1115;1080;NO;;;;;;0.0002;0.0000
1552;car;0.47;176;1212;308;1385;468;NO;;;;;;0.0002;0.0000
1553;car;0.29;144;1768;19;1918;395;NO;;;;;;0.0002;0.0000
1553;car;0.37;173;2;380;1111;1080;NO;;;;;;0.0002;0.0000
1553;car;0.64;176;1214;307;1389;468;NO;;;;;;0.0002;0.0000
1554;car;0.29;144;1768;19;1918;395;NO;;;;;;0.0002;0.0000
1554;car;0.36;173;2;379;1112;1080;NO;;;;;;0.0002;0.0000
1554;car;0.66;176;1218;307;1393;468;NO;;;;;;0.0002;0.0000
1555;car;0.27;144;1768;20;1918;395;NO;;;;;;0.0003;0.0000
1555;car;0.33;173;4;378;1115;1080;NO;;;;;;0.0003;0.0000
1555;car;0.7;176;1220;305;1398;469;NO;;;;;;0.0003;0.0000
1556;car;0.25;144;1768;21;1918;395;NO;;;;;;0.0002;0.0000
1556;car;0.31;173;4;377;1117;1080;NO;;;;;;0.0002;0.0000
1556;car;0.8;176;1222;305;1404;473;NO;;;;;;0.0002;0.0000
1557;car;0.27;144;1768;22;1917;395;NO;;;;;;0.0002;0.0000
1557;car;0.32;173;3;377;1116;1080;NO;;;;;;0.0002;0.0000
1557;car;0.88;176;1224;301;1412;474;NO;;;;;;0.0002;0.0000
1558;car;0.29;144;1768;22;1918;395;NO;;;;;;0.0003;0.0000
1558;car;0.3;173;3;377;1116;1080;NO;;;;;;0.0003;0.0000
1558;car;0.85;176;1223;299;1416;477;NO;;;;;;0.0003;0.0000
1559;car;0.29;144;1768;23;1918;395;NO;;;;;;0.0003;0.0000
1559;car;0.3;173;3;377;1115;1080;NO;;;;;;0.0003;0.0000
1559;car;0.9;176;1229;298;1428;481;NO;;;;;;0.0003;0.0000
1560;car;0.28;144;1768;23;1918;395;NO;;;;;;0.0002;0.0000
1560;car;0.29;173;4;378;1116;1080;NO;;;;;;0.0002;0.0000
1560;car;0.9;176;1233;296;1437;483;NO;;;;;;0.0002;0.0000
1561;car;0.27;144;1768;24;1918;395;NO;;;;;;0.0003;0.0000
1561;car;0.27;173;4;378;1115;1080;NO;;;;;;0.0003;0.0000
1561;car;0.92;176;1240;295;1446;484;NO;;;;;;0.0003;0.0000
1562;car;0.22;144;1768;26;1917;395;NO;;;;;;0.0004;0.0000
1562;car;0.24;173;5;379;1116;1080;NO;;;;;;0.0004;0.0000
1562;car;0.93;176;1245;295;1457;489;NO;;;;;;0.0004;0.0000
1563;car;0.23;144;1768;26;1918;396;NO;;;;;;0.0002;0.0000
1563;car;0.22;173;3;379;1113;1080;NO;;;;;;0.0002;0.0000
1563;car;0.93;176;1248;292;1467;491;NO;;;;;;0.0002;0.0000
1564;car;0.22;144;1768;25;1918;396;NO;;;;;;0.0002;0.0000
1564;car;0.24;173;3;380;1111;1080;NO;;;;;;0.0002;0.0000
1564;car;0.93;176;1252;291;1486;505;NO;;;;;;0.0002;0.0000
1565;car;0.18;144;1768;24;1918;397;NO;;;;;;0.0002;0.0000
1565;car;0.26;173;5;382;1110;1080;NO;;;;;;0.0002;0.0000
1565;car;0.97;176;1259;291;1501;513;NO;;;;;;0.0002;0.0000
1566;car;0.2;144;1768;24;1918;397;NO;;;;;;0.0002;0.0000
1566;car;0.25;173;7;382;1112;1080;NO;;;;;;0.0002;0.0000
1566;car;0.96;176;1268;293;1512;517;NO;;;;;;0.0002;0.0000
1567;car;0.13;144;1768;27;1918;397;NO;;;;;;0.0002;0.0000
1567;car;0.25;173;7;383;1112;1080;NO;;;;;;0.0002;0.0000
1567;car;0.94;176;1278;294;1528;523;NO;;;;;;0.0002;0.0000
1568;car;0.21;144;1768;27;1918;397;NO;;;;;;0.0002;0.0000
1568;car;0.26;173;7;384;1112;1080;NO;;;;;;0.0002;0.0000
1568;car;0.93;176;1285;294;1541;529;NO;;;;;;0.0002;0.0000
1569;car;0.2;144;1768;29;1918;397;NO;;;;;;0.0002;0.0000
1569;car;0.22;173;9;383;1116;1080;NO;;;;;;0.0002;0.0000
1569;car;0.97;176;1298;296;1558;534;NO;;;;;;0.0002;0.0000
1570;car;0.21;144;1769;37;1916;398;NO;;;;;;0.0003;0.0000
1570;car;0.23;173;7;383;1114;1080;NO;;;;;;0.0003;0.0000
1570;car;0.98;176;1305;299;1573;542;NO;;;;;;0.0003;0.0000
1571;car;0.18;144;1770;43;1916;398;NO;;;;;;0.0002;0.0000
1571;car;0.23;173;5;383;1111;1080;NO;;;;;;0.0002;0.0000
1571;car;0.98;176;1323;301;1596;547;NO;;;;;;0.0002;0.0000
1572;car;0.18;144;1770;46;1915;399;NO;;;;;;0.0004;0.0000
1572;car;0.24;173;4;384;1110;1080;NO;;;;;;0.0004;0.0000
1572;car;0.96;176;1334;301;1619;557;NO;;;;;;0.0004;0.0000
1573;car;0.15;144;1769;42;1916;401;NO;;;;;;0.0003;0.0000
1573;car;0.21;173;5;383;1112;1080;NO;;;;;;0.0003;0.0000
1573;car;0.98;176;1350;299;1646;564;NO;;;;;;0.0003;0.0000
1574;car;0.19;173;7;384;1114;1080;NO;;;;;;0.0002;0.0000
1574;car;0.93;176;1340;296;1656;575;NO;;;;;;0.0002;0.0000
1575;car;0.15;173;7;384;1113;1080;NO;;;;;;0.0002;0.0000
1575;car;0.94;176;1348;291;1687;585;NO;;;;;;0.0002;0.0000
1576;car;0.15;173;6;383;1116;1080;NO;;;;;;0.0003;0.0000
1576;car;0.9;176;1380;288;1733;596;NO;;;;;;0.0003;0.0000
1577;car;0.14;173;7;382;1118;1080;NO;;;;;;0.0004;0.0000
1577;car;0.88;176;1372;292;1740;604;NO;;;;;;0.0004;0.0000
1578;car;0.17;173;7;383;1119;1080;NO;;;;;;0.0002;0.0000
1578;car;0.87;176;1371;293;1764;616;NO;;;;;;0.0002;0.0000
1579;car;0.13;173;6;383;1118;1080;NO;;;;;;0.0002;0.0000
1579;car;0.84;176;1385;291;1818;636;NO;;;;;;0.0002;0.0000
1580;car;0.85;176;1391;290;1849;645;NO;;;;;;0.0004;0.0000
1581;car;0.87;176;1390;291;1871;656;NO;;;;;;0.0002;0.0000
1582;car;0.85;176;1388;290;1892;669;NO;;;;;;0.0002;0.0000
1583;car;0.85;176;1385;290;1917;691;NO;;;;;;0.0004;0.0000
1584;car;0.88;176;1378;290;1920;716;NO;;;;;;0.0002;0.0000
1585;car;0.86;176;1372;289;1920;747;NO;;;;;;0.0004;0.0000
1586;car;0.86;176;1378;291;1920;763;NO;;;;;;0.0003;0.0000
1587;car;0.82;176;1380;292;1920;786;NO;;;;;;0.0002;0.0000
1588;car;0.82;176;1376;292;1920;819;NO;;;;;;0.0002;0.0000
1589;car;0.79;176;1402;294;1920;806;NO;;;;;;0.0002;0.0000
1590;car;0.79;176;1445;296;1920;788;NO;;;;;;0.0002;0.0000
1591;car;0.84;176;1476;297;1920;782;NO;;;;;;0.0002;0.0000
1592;car;0.83;176;1510;299;1920;777;NO;;;;;;0.0002;0.0000
1593;car;0.76;176;1537;296;1920;773;NO;;;;;;0.0002;0.0000
1594;car;0.87;176;1578;297;1920;760;NO;;;;;;0.0002;0.0000
1595;car;0.61;176;1595;276;1920;778;NO;;;;;;0.0003;0.0000
1595;car;0.26;173;2;385;1110;1080;NO;;;;;;0.0003;0.0000
1596;car;0.27;173;3;386;1111;1080;NO;;;;;;0.0001;0.0000
1597;car;0.27;173;3;385;1112;1080;NO;;;;;;0.0002;0.0000
1598;car;0.29;173;3;385;1112;1080;NO;;;;;;0.0003;0.0000
1598;car;0.42;144;1767;26;1920;399;NO;;;;;;0.0003;0.0000
1599;car;0.32;173;3;386;1110;1080;NO;;;;;;0.0002;0.0000
1599;car;0.43;144;1768;26;1920;398;NO;;;;;;0.0002;0.0000
1600;car;0.32;173;2;386;1108;1080;NO;;;;;;0.0002;0.0000
1600;car;0.4;144;1768;26;1919;398;NO;;;;;;0.0002;0.0000
1601;car;0.32;173;2;387;1107;1080;NO;;;;;;0.0003;0.0000
1601;car;0.41;144;1768;26;1919;398;NO;;;;;;0.0003;0.0000
1602;car;0.32;173;1;386;1106;1080;NO;;;;;;0.0003;0.0000
1602;car;0.39;144;1768;25;1919;398;NO;;;;;;0.0003;0.0000
1603;car;0.35;173;0;386;1104;1080;NO;;;;;;0.0004;0.0000
1603;car;0.35;144;1768;25;1919;398;NO;;;;;;0.0004;0.0000
1604;car;0.33;173;1;387;1104;1080;NO;;;;;;0.0002;0.0000
1604;car;0.34;144;1768;25;1919;397;NO;;;;;;0.0002;0.0000
1605;car;0.33;173;1;387;1104;1080;NO;;;;;;0.0001;0.0000
1605;car;0.32;144;1768;25;1919;398;NO;;;;;;0.0001;0.0000
1606;car;0.32;173;0;386;1103;1080;NO;;;;;;0.0002;0.0000
1606;car;0.3;144;1768;23;1919;398;NO;;;;;;0.0002;0.0000
1607;car;0.29;173;1;385;1105;1080;NO;;;;;;0.0004;0.0000
1607;car;0.28;144;1768;23;1919;398;NO;;;;;;0.0004;0.0000
1608;car;0.3;173;0;384;1104;1080;NO;;;;;;0.0002;0.0000
1608;car;0.27;144;1768;23;1919;398;NO;;;;;;0.0002;0.0000
1609;car;0.31;173;0;386;1102;1080;NO;;;;;;0.0001;0.0000
1609;car;0.26;144;1768;25;1918;397;NO;;;;;;0.0001;0.0000
1610;car;0.31;173;0;387;1099;1080;NO;;;;;;0.0002;0.0000
1610;car;0.27;144;1768;24;1918;396;NO;;;;;;0.0002;0.0000
1611;car;0.31;173;0;387;1097;1080;NO;;;;;;0.0002;0.0000
1611;car;0.23;144;1768;24;1918;397;NO;;;;;;0.0002;0.0000
1612;car;0.3;173;0;388;1097;1080;NO;;;;;;0.0003;0.0000
1612;car;0.26;144;1768;25;1918;396;NO;;;;;;0.0003;0.0000
1613;car;0.28;173;1;387;1098;1080;NO;;;;;;0.0002;0.0000
1613;car;0.23;144;1768;25;1918;396;NO;;;;;;0.0002;0.0000
1614;car;0.26;173;0;386;1098;1080;NO;;;;;;0.0002;0.0000
1614;car;0.23;144;1768;27;1918;396;NO;;;;;;0.0002;0.0000
1615;car;0.29;173;0;385;1097;1080;NO;;;;;;0.0002;0.0000
1615;car;0.28;144;1769;28;1918;396;NO;;;;;;0.0002;0.0000
1616;car;0.29;173;0;385;1095;1080;NO;;;;;;0.0002;0.0000
1616;car;0.27;144;1768;28;1918;397;NO;;;;;;0.0002;0.0000
1617;car;0.31;173;0;386;1094;1080;NO;;;;;;0.0003;0.0000
1617;car;0.27;144;1768;26;1918;397;NO;;;;;;0.0003;0.0000
1618;car;0.32;173;0;386;1092;1080;NO;;;;;;0.0002;0.0000
1618;car;0.31;144;1767;26;1918;398;NO;;;;;;0.0002;0.0000
1619;car;0.32;173;0;386;1091;1080;NO;;;;;;0.0001;0.0000
1619;car;0.38;144;1767;26;1918;398;NO;;;;;;0.0001;0.0000
1620;car;0.32;173;0;386;1088;1080;NO;;;;;;0.0002;0.0000
1620;car;0.39;144;1768;28;1918;397;NO;;;;;;0.0002;0.0000
1621;car;0.32;173;0;386;1088;1080;NO;;;;;;0.0002;0.0000
1621;car;0.45;144;1767;26;1918;397;NO;;;;;;0.0002;0.0000
1622;car;0.33;173;0;385;1085;1080;NO;;;;;;0.0002;0.0000
1622;car;0.39;144;1767;26;1918;397;NO;;;;;;0.0002;0.0000
1623;car;0.33;173;0;385;1083;1080;NO;;;;;;0.0002;0.0000
1623;car;0.37;144;1767;25;1919;398;NO;;;;;;0.0002;0.0000
1624;car;0.34;173;0;385;1080;1080;NO;;;;;;0.0002;0.0000
1624;car;0.37;144;1767;24;1919;398;NO;;;;;;0.0002;0.0000
1625;car;0.35;173;0;386;1078;1080;NO;;;;;;0.0002;0.0000
1625;car;0.33;144;1767;22;1920;399;NO;;;;;;0.0002;0.0000
1626;car;0.37;173;0;387;1076;1080;NO;;;;;;0.0003;0.0000
1626;car;0.36;144;1767;22;1919;399;NO;;;;;;0.0003;0.0000
1627;car;0.39;173;0;386;1075;1080;NO;;;;;;0.0002;0.0000
1627;car;0.34;144;1767;23;1919;400;NO;;;;;;0.0002;0.0000
1628;car;0.38;173;0;386;1074;1080;NO;;;;;;0.0002;0.0000
1628;car;0.34;144;1767;23;1919;400;NO;;;;;;0.0002;0.0000
1629;car;0.36;173;0;386;1072;1080;NO;;;;;;0.0002;0.0000
1629;car;0.36;144;1767;24;1919;399;NO;;;;;;0.0002;0.0000
1630;car;0.38;173;0;386;1071;1080;NO;;;;;;0.0002;0.0000
1630;car;0.31;144;1767;23;1919;399;NO;;;;;;0.0002;0.0000
1631;car;0.36;173;0;386;1071;1080;NO;;;;;;0.0002;0.0000
1631;car;0.35;144;1767;23;1919;398;NO;;;;;;0.0002;0.0000
1632;car;0.4;173;0;385;1067;1080;NO;;;;;;0.0002;0.0000
1632;car;0.35;144;1767;24;1918;397;NO;;;;;;0.0002;0.0000
1632;car;0.43;191;911;286;1119;439;NO;;;;;;0.0002;0.0000
1633;car;0.39;173;0;384;1064;1080;NO;;;;;;0.0004;0.0000
1633;car;0.29;144;1768;27;1918;397;NO;;;;;;0.0004;0.0000
1633;car;0.62;191;897;282;1115;444;NO;;;;;;0.0004;0.0000
1634;car;0.41;173;0;384;1060;1080;NO;;;;;;0.0002;0.0000
1634;car;0.29;144;1768;26;1918;397;NO;;;;;;0.0002;0.0000
1634;car;0.77;191;883;275;1118;450;NO;;;;;;0.0002;0.0000
1635;car;0.4;173;0;383;1058;1080;NO;;;;;;0.0002;0.0000
1635;car;0.3;144;1768;26;1918;397;NO;;;;;;0.0002;0.0000
1635;car;0.74;191;870;279;1113;460;NO;;;;;;0.0002;0.0000
1636;car;0.38;173;0;382;1057;1080;NO;;;;;;0.0002;0.0000
1636;car;0.3;144;1768;27;1918;397;NO;;;;;;0.0002;0.0000
1636;car;0.78;191;865;284;1104;463;NO;;;;;;0.0002;0.0000
1637;car;0.37;173;0;383;1052;1080;NO;;;;;;0.0002;0.0000
1637;car;0.34;144;1768;28;1918;398;NO;;;;;;0.0002;0.0000
1637;car;0.76;191;851;285;1097;471;NO;;;;;;0.0002;0.0000
1638;car;0.36;173;0;383;1049;1080;NO;;;;;;0.0004;0.0000
1638;car;0.32;144;1768;29;1918;398;NO;;;;;;0.0004;0.0000
1638;car;0.83;191;846;284;1096;473;NO;;;;;;0.0004;0.0000
1639;car;0.33;173;0;383;1048;1080;NO;;;;;;0.0004;0.0000
1639;car;0.33;144;1767;28;1918;399;NO;;;;;;0.0004;0.0000
1639;car;0.88;191;839;283;1095;476;NO;;;;;;0.0004;0.0000
1640;car;0.32;173;0;383;1056;1080;NO;;;;;;0.0002;0.0000
1640;car;0.37;144;1767;27;1919;400;NO;;;;;;0.0002;0.0000
1640;car;0.79;191;829;285;1088;479;NO;;;;;;0.0002;0.0000
1641;car;0.31;173;1;382;1059;1080;NO;;;;;;0.0001;0.0000
1641;car;0.38;144;1767;27;1919;400;NO;;;;;;0.0001;0.0000
1641;car;0.78;191;801;288;1059;483;NO;;;;;;0.0001;0.0000
1642;car;0.31;173;0;382;1053;1080;NO;;;;;;0.0002;0.0000
1642;car;0.36;144;1767;27;1919;401;NO;;;;;;0.0002;0.0000
1642;car;0.83;191;796;288;1063;487;NO;;;;;;0.0002;0.0000
1643;car;0.28;173;0;381;1051;1080;NO;;;;;;0.0002;0.0000
1643;car;0.36;144;1767;29;1919;402;NO;;;;;;0.0002;0.0000
1643;car;0.73;191;776;288;1048;491;NO;;;;;;0.0002;0.0000
1644;car;0.26;173;0;380;1054;1080;NO;;;;;;0.0002;0.0000
1644;car;0.36;144;1768;30;1919;403;NO;;;;;;0.0002;0.0000
1644;car;0.84;191;756;288;1039;499;NO;;;;;;0.0002;0.0000
1645;car;0.16;173;3;375;1066;1080;NO;;;;;;0.0004;0.0000
1645;car;0.39;144;1768;30;1918;402;NO;;;;;;0.0004;0.0000
1645;car;0.74;191;729;290;1020;507;NO;;;;;;0.0004;0.0000
1646;car;0.34;144;1768;32;1918;401;NO;;;;;;0.0002;0.0000
1646;car;0.75;191;712;289;1019;515;NO;;;;;;0.0002;0.0000
1647;car;0.3;144;1768;33;1918;402;NO;;;;;;0.0004;0.0000
1647;car;0.92;191;692;290;1015;525;NO;;;;;;0.0004;0.0000
1648;car;0.39;144;1768;33;1918;401;NO;;;;;;0.0002;0.0000
1648;car;0.88;191;665;284;1004;530;NO;;;;;;0.0002;0.0000
1649;car;0.3;144;1768;34;1918;401;NO;;;;;;0.0002;0.0000
1649;car;0.89;191;646;281;1012;542;NO;;;;;;0.0002;0.0000
1650;car;0.24;144;1769;34;1918;400;NO;;;;;;0.0002;0.0000
1650;car;0.86;191;629;280;1029;556;NO;;;;;;0.0002;0.0000
1651;car;0.2;144;1768;32;1918;400;NO;;;;;;0.0002;0.0000
1651;car;0.87;191;577;277;986;557;NO;;;;;;0.0002;0.0000
1652;car;0.23;144;1768;31;1918;401;NO;;;;;;0.0002;0.0000
1652;car;0.85;191;530;277;959;568;NO;;;;;;0.0002;0.0000
1653;car;0.26;144;1768;30;1919;401;NO;;;;;;0.0002;0.0000
1653;car;0.89;191;478;274;945;588;NO;;;;;;0.0002;0.0000
1654;car;0.24;144;1768;29;1919;402;NO;;;;;;0.0004;0.0000
1654;car;0.88;191;425;270;929;608;NO;;;;;;0.0004;0.0000
1655;car;0.17;144;1767;24;1920;404;NO;;;;;;0.0002;0.0000
1655;car;0.9;191;366;270;903;625;NO;;;;;;0.0002;0.0000
1656;car;0.18;144;1767;22;1920;405;NO;;;;;;0.0002;0.0000
1656;car;0.91;191;297;260;885;646;NO;;;;;;0.0002;0.0000
1657;car;0.18;144;1767;24;1920;402;NO;;;;;;0.0003;0.0000
1657;car;0.9;191;223;259;861;673;NO;;;;;;0.0003;0.0000
1657;car;0.62;194;1240;299;1402;463;NO;;;;;;0.0003;0.0000
1658;car;0.18;144;1767;26;1919;401;NO;;;;;;0.0002;0.0000
1658;car;0.91;191;141;259;829;700;NO;;;;;;0.0002;0.0000
1658;car;0.72;194;1241;298;1404;463;NO;;;;;;0.0002;0.0000
1659;car;0.92;191;57;257;817;740;NO;;;;;;0.0002;0.0000
1659;car;0.66;194;1240;296;1411;469;NO;;;;;;0.0002;0.0000
1660;car;0.91;191;0;250;823;788;NO;;;;;;0.0002;0.0000
1660;car;0.62;194;1241;294;1418;473;NO;;;;;;0.0002;0.0000
1661;car;0.91;191;0;245;843;852;NO;;;;;;0.0002;0.0000
1661;car;0.66;194;1242;293;1422;474;NO;;;;;;0.0002;0.0000
1662;car;0.9;191;0;242;871;927;NO;;;;;;0.0003;0.0000
1662;car;0.71;194;1244;290;1429;476;NO;;;;;;0.0003;0.0000
1663;car;0.9;191;0;230;895;1006;NO;;;;;;0.0002;0.0000
1663;car;0.8;194;1244;287;1434;478;NO;;;;;;0.0002;0.0000
1664;car;0.9;191;0;227;849;993;NO;;;;;;0.0002;0.0000
1664;car;0.86;194;1244;285;1438;480;NO;;;;;;0.0002;0.0000
1665;car;0.9;191;0;224;808;991;NO;;;;;;0.0002;0.0000
1665;car;0.93;194;1246;284;1444;482;NO;;;;;;0.0002;0.0000
1666;car;0.89;191;0;225;753;994;NO;;;;;;0.0002;0.0000
1666;car;0.96;194;1248;281;1451;484;NO;;;;;;0.0002;0.0000
1667;car;0.97;194;1252;281;1459;486;NO;;;;;;0.0002;0.0000
1667;car;0.35;144;1768;27;1919;401;NO;;;;;;0.0002;0.0000
1668;car;0.97;194;1255;279;1465;487;NO;;;;;;0.0001;0.0000
1668;car;0.29;144;1768;25;1919;400;NO;;;;;;0.0001;0.0000
1669;car;0.95;194;1256;280;1472;492;NO;;;;;;0.0002;0.0000
1669;car;0.28;144;1768;22;1919;399;NO;;;;;;0.0002;0.0000
1670;car;0.97;194;1255;281;1485;505;NO;;;;;;0.0002;0.0000
1670;car;0.28;144;1768;22;1919;398;NO;;;;;;0.0002;0.0000
1670;car;0.43;173;26;371;1112;1079;NO;;;;;;0.0002;0.0000
1671;car;0.97;194;1259;281;1496;511;NO;;;;;;0.0003;0.0000
1671;car;0.21;144;1768;25;1918;401;NO;;;;;;0.0003;0.0000
1671;car;0.36;173;20;371;1116;1079;NO;;;;;;0.0003;0.0000
1672;car;0.97;194;1261;281;1505;515;NO;;;;;;0.0003;0.0000
1672;car;0.19;144;1768;31;1917;402;NO;;;;;;0.0003;0.0000
1672;car;0.39;173;17;372;1117;1079;NO;;;;;;0.0003;0.0000
1672;licenseplate;0.45;196;1363;432;1459;473;SÍ;1363;432;1459;473;I;0.0003;0.2031
1672;licenseplate;0.44;197;1339;435;1458;477;SÍ;1339;435;1458;477;2;0.0003;0.2069
1673;car;0.98;194;1266;282;1517;520;NO;;;;;;0.0002;0.0000
1673;car;0.21;144;1768;37;1916;402;NO;;;;;;0.0002;0.0000
1673;car;0.34;173;13;371;1117;1080;NO;;;;;;0.0002;0.0000
1673;licenseplate;0.5;196;1377;434;1479;477;SÍ;1377;434;1479;477;;0.0002;0.1957
1674;car;0.98;194;1271;282;1530;525;NO;;;;;;0.0001;0.0000
1674;car;0.33;173;11;372;1117;1080;NO;;;;;;0.0001;0.0000
1674;licenseplate;0.28;196;1374;436;1481;481;SÍ;1374;436;1481;481;;0.0001;0.2010
1675;car;0.98;194;1279;282;1544;529;NO;;;;;;0.0002;0.0000
1675;car;0.33;173;7;372;1114;1080;NO;;;;;;0.0002;0.0000
1675;licenseplate;0.42;196;1401;442;1502;485;SÍ;1401;442;1502;485;M;0.0002;0.1968
1676;car;0.98;194;1289;282;1565;536;NO;;;;;;0.0002;0.0000
1676;car;0.31;173;3;372;1108;1080;NO;;;;;;0.0002;0.0000
1676;licenseplate;0.66;196;1420;448;1521;491;SÍ;1420;448;1521;491;D;0.0002;0.1939
1677;car;0.98;194;1295;283;1579;544;NO;;;;;;0.0001;0.0000
1677;car;0.26;173;0;373;1103;1080;NO;;;;;;0.0001;0.0000
1677;licenseplate;0.63;196;1435;454;1539;498;SÍ;1435;454;1539;498;2;0.0001;0.1946
1678;car;0.98;194;1298;283;1591;549;NO;;;;;;0.0002;0.0000
1678;car;0.27;173;0;373;1102;1080;NO;;;;;;0.0002;0.0000
1678;licenseplate;0.54;196;1453;458;1556;502;SÍ;1453;458;1556;502;;0.0002;0.1898
1679;car;0.98;194;1299;281;1608;560;NO;;;;;;0.0003;0.0000
1679;car;0.26;173;0;372;1102;1080;NO;;;;;;0.0003;0.0000
1679;licenseplate;0.73;196;1468;464;1571;509;SÍ;1468;464;1571;509;B;0.0003;0.2012
1680;car;0.97;194;1324;281;1640;566;NO;;;;;;0.0002;0.0000
1680;car;0.25;173;0;372;1100;1080;NO;;;;;;0.0002;0.0000
1680;licenseplate;0.65;196;1491;473;1592;517;SÍ;1491;473;1592;517;P;0.0002;0.2111
1681;car;0.98;194;1333;282;1658;573;NO;;;;;;0.0003;0.0000
1681;car;0.3;173;0;374;1095;1080;NO;;;;;;0.0003;0.0000
1681;licenseplate;0.68;196;1509;478;1617;525;SÍ;1509;478;1617;525;;0.0003;0.1937
1682;car;0.97;194;1335;280;1677;581;NO;;;;;;0.0002;0.0000
1682;car;0.21;173;0;374;1095;1080;NO;;;;;;0.0002;0.0000
1682;licenseplate;0.67;196;1530;485;1639;533;SÍ;1530;485;1639;533;P;0.0002;0.1920
1683;car;0.92;194;1342;277;1702;588;NO;;;;;;0.0002;0.0000
1683;car;0.19;173;0;374;1091;1080;NO;;;;;;0.0002;0.0000
1683;licenseplate;0.73;196;1556;495;1661;541;SÍ;1556;495;1661;541;S350;0.0002;0.2143
1684;car;0.92;194;1382;275;1771;595;NO;;;;;;0.0002;0.0000
1684;car;0.21;173;0;374;1090;1080;NO;;;;;;0.0002;0.0000
1684;licenseplate;0.7;196;1584;503;1690;549;SÍ;1584;503;1690;549;T;0.0002;0.2092
1685;car;0.89;194;1372;274;1781;607;NO;;;;;;0.0003;0.0000
1685;car;0.23;173;0;373;1091;1080;NO;;;;;;0.0003;0.0000
1685;licenseplate;0.8;196;1610;512;1723;561;SÍ;1610;512;1723;561;;0.0003;0.1903
1686;car;0.87;194;1377;272;1806;616;NO;;;;;;0.0002;0.0000
1686;car;0.14;173;0;372;1090;1080;NO;;;;;;0.0002;0.0000
1686;licenseplate;0.7;196;1638;521;1760;574;SÍ;1638;521;1760;574;;0.0002;0.2041
1687;car;0.88;194;1392;271;1850;631;NO;;;;;;0.0002;0.0000
1687;car;0.15;173;0;372;1087;1080;NO;;;;;;0.0002;0.0000
1687;licenseplate;0.81;196;1671;531;1798;587;SÍ;1671;531;1798;587;3;0.0002;0.2089
1688;car;0.9;194;1393;269;1879;647;NO;;;;;;0.0002;0.0000
1688;car;0.12;173;0;372;1086;1080;NO;;;;;;0.0002;0.0000
1688;licenseplate;0.66;196;1712;543;1837;597;SÍ;1712;543;1837;597;EE;0.0002;0.2105
1689;car;0.9;194;1392;269;1898;658;NO;;;;;;0.0002;0.0000
1689;licenseplate;0.73;196;1756;557;1887;612;SÍ;1756;557;1887;612;B;0.0002;0.2066
1690;car;0.91;194;1392;269;1918;674;NO;;;;;;0.0002;0.0000
1690;licenseplate;0.55;196;1794;572;1920;627;SÍ;1794;572;1920;627;;0.0002;0.1899
1691;car;0.89;194;1387;267;1920;695;NO;;;;;;0.0003;0.0000
1692;car;0.87;194;1382;265;1920;723;NO;;;;;;0.0002;0.0000
1693;car;0.85;194;1377;266;1920;755;NO;;;;;;0.0005;0.0000
1694;car;0.85;194;1377;263;1920;779;NO;;;;;;0.0002;0.0000
1695;car;0.86;194;1376;261;1920;807;NO;;;;;;0.0002;0.0000
1696;car;0.86;194;1377;260;1920;833;NO;;;;;;0.0002;0.0000
1697;car;0.84;194;1406;255;1920;832;NO;;;;;;0.0001;0.0000
1698;car;0.8;194;1441;259;1920;819;NO;;;;;;0.0003;0.0000
1699;car;0.87;194;1471;258;1920;808;NO;;;;;;0.0002;0.0000
1700;car;0.81;194;1504;256;1920;799;NO;;;;;;0.0003;0.0000
1700;car;0.71;206;922;271;1114;444;NO;;;;;;0.0003;0.0000
1701;car;0.76;194;1541;266;1920;793;NO;;;;;;0.0003;0.0000
1701;car;0.86;206;912;274;1104;445;NO;;;;;;0.0003;0.0000
1702;car;0.82;194;1574;264;1920;784;NO;;;;;;0.0004;0.0000
1702;car;0.8;206;903;275;1098;449;NO;;;;;;0.0004;0.0000
1703;car;0.52;194;1587;227;1920;798;NO;;;;;;0.0003;0.0000
1703;car;0.68;206;892;282;1081;450;NO;;;;;;0.0003;0.0000
1704;car;0.82;206;881;284;1076;457;NO;;;;;;0.0003;0.0000
1705;car;0.85;206;874;283;1077;463;NO;;;;;;0.0002;0.0000
1705;car;0.26;173;0;369;1065;1079;NO;;;;;;0.0002;0.0000
1706;car;0.88;206;862;283;1072;467;NO;;;;;;0.0002;0.0000
1706;car;0.28;173;0;368;1061;1079;NO;;;;;;0.0002;0.0000
1707;car;0.9;206;850;281;1071;472;NO;;;;;;0.0002;0.0000
1707;car;0.24;173;0;368;1067;1079;NO;;;;;;0.0002;0.0000
1707;car;0.48;208;1767;34;1919;404;NO;;;;;;0.0002;0.0000
1708;car;0.94;206;840;278;1072;477;NO;;;;;;0.0002;0.0000
1708;car;0.2;173;0;369;1070;1079;NO;;;;;;0.0002;0.0000
1708;car;0.47;208;1768;34;1919;404;NO;;;;;;0.0002;0.0000
1709;car;0.92;206;830;280;1069;481;NO;;;;;;0.0002;0.0000
1709;car;0.22;173;0;371;1068;1079;NO;;;;;;0.0002;0.0000
1709;car;0.53;208;1767;34;1919;404;NO;;;;;;0.0002;0.0000
1710;car;0.91;206;818;282;1067;487;NO;;;;;;0.0003;0.0000
1710;car;0.21;173;0;370;1067;1079;NO;;;;;;0.0003;0.0000
1710;car;0.56;208;1768;34;1920;407;NO;;;;;;0.0003;0.0000
1711;car;0.88;206;802;283;1061;492;NO;;;;;;0.0003;0.0000
1711;car;0.13;173;0;368;1070;1079;NO;;;;;;0.0003;0.0000
1711;car;0.59;208;1768;35;1920;408;NO;;;;;;0.0003;0.0000
1712;car;0.91;206;785;281;1064;502;NO;;;;;;0.0002;0.0000
1712;car;0.16;173;0;369;1068;1079;NO;;;;;;0.0002;0.0000
1712;car;0.68;208;1768;38;1920;410;NO;;;;;;0.0002;0.0000
1713;car;0.93;206;766;282;1055;505;NO;;;;;;0.0002;0.0000
1713;car;0.69;208;1769;42;1920;410;NO;;;;;;0.0002;0.0000
1714;car;0.9;206;735;282;1036;513;NO;;;;;;0.0002;0.0000
1714;car;0.7;208;1769;41;1920;410;NO;;;;;;0.0002;0.0000
1715;car;0.95;206;706;281;1021;522;NO;;;;;;0.0002;0.0000
1715;car;0.62;208;1769;40;1919;409;NO;;;;;;0.0002;0.0000
1716;car;0.91;206;679;280;1004;527;NO;;;;;;0.0002;0.0000
1716;car;0.65;208;1768;39;1919;410;NO;;;;;;0.0002;0.0000
1717;car;0.93;206;655;279;998;536;NO;;;;;;0.0004;0.0000
1717;car;0.7;208;1767;37;1920;411;NO;;;;;;0.0004;0.0000
1718;car;0.92;206;631;279;991;544;NO;;;;;;0.0002;0.0000
1718;car;0.76;208;1768;40;1919;411;NO;;;;;;0.0002;0.0000
1719;car;0.9;206;609;276;996;556;NO;;;;;;0.0002;0.0000
1719;car;0.71;208;1768;42;1918;411;NO;;;;;;0.0002;0.0000
1720;car;0.84;206;563;276;963;562;NO;;;;;;0.0002;0.0000
1720;car;0.67;208;1769;43;1918;411;NO;;;;;;0.0002;0.0000
1721;car;0.84;206;517;275;942;578;NO;;;;;;0.0002;0.0000
1721;car;0.69;208;1769;45;1918;412;NO;;;;;;0.0002;0.0000
1722;car;0.89;206;466;270;934;600;NO;;;;;;0.0002;0.0000
1722;car;0.67;208;1769;44;1918;411;NO;;;;;;0.0002;0.0000
1723;car;0.89;206;415;265;916;615;NO;;;;;;0.0004;0.0000
1723;car;0.68;208;1770;45;1918;407;NO;;;;;;0.0004;0.0000
1724;car;0.9;206;353;261;894;637;NO;;;;;;0.0002;0.0000
1724;car;0.59;208;1770;49;1917;408;NO;;;;;;0.0002;0.0000
1725;car;0.9;206;289;254;875;658;NO;;;;;;0.0002;0.0000
1725;car;0.53;208;1770;48;1918;409;NO;;;;;;0.0002;0.0000
1726;car;0.89;206;216;252;852;686;NO;;;;;;0.0002;0.0000
1726;car;0.52;208;1770;51;1917;410;NO;;;;;;0.0002;0.0000
1727;car;0.88;206;147;250;829;711;NO;;;;;;0.0002;0.0000
1727;car;0.56;208;1771;52;1918;411;NO;;;;;;0.0002;0.0000
1728;car;0.9;206;52;247;814;761;NO;;;;;;0.0003;0.0000
1728;car;0.53;208;1770;50;1918;412;NO;;;;;;0.0003;0.0000
1729;car;0.89;206;0;245;811;806;NO;;;;;;0.0002;0.0000
1729;car;0.55;208;1770;50;1918;413;NO;;;;;;0.0002;0.0000
1730;car;0.91;206;0;239;850;896;NO;;;;;;0.0003;0.0000
1730;car;0.36;208;1770;50;1919;413;NO;;;;;;0.0003;0.0000
1731;car;0.93;206;0;230;859;947;NO;;;;;;0.0001;0.0000
1731;car;0.31;208;1770;48;1919;413;NO;;;;;;0.0001;0.0000
1732;car;0.88;206;0;225;863;1006;NO;;;;;;0.0003;0.0000
1732;car;0.5;208;1770;48;1919;413;NO;;;;;;0.0003;0.0000
1733;car;0.92;206;0;218;812;981;NO;;;;;;0.0002;0.0000
1733;car;0.52;208;1770;48;1919;413;NO;;;;;;0.0002;0.0000
1734;car;0.93;206;0;208;765;967;NO;;;;;;0.0001;0.0000
1734;car;0.6;208;1771;48;1918;411;NO;;;;;;0.0001;0.0000
1735;car;0.91;206;0;198;710;954;NO;;;;;;0.0002;0.0000
1735;car;0.69;208;1771;49;1918;411;NO;;;;;;0.0002;0.0000
1736;car;0.88;206;0;193;650;957;NO;;;;;;0.0004;0.0000
1736;car;0.67;208;1771;49;1918;410;NO;;;;;;0.0004;0.0000
1737;car;0.72;208;1771;49;1918;409;NO;;;;;;0.0002;0.0000
1738;car;0.67;208;1769;47;1918;411;NO;;;;;;0.0003;0.0000
1739;car;0.73;208;1769;44;1919;413;NO;;;;;;0.0001;0.0000
1739;car;0.37;173;25;369;1104;1076;NO;;;;;;0.0001;0.0000
1740;car;0.73;208;1768;44;1919;414;NO;;;;;;0.0003;0.0000
1740;car;0.26;173;19;368;1110;1078;NO;;;;;;0.0003;0.0000
1741;car;0.72;208;1769;44;1919;413;NO;;;;;;0.0003;0.0000
1741;car;0.27;173;14;367;1112;1079;NO;;;;;;0.0003;0.0000
1742;car;0.7;208;1768;42;1919;415;NO;;;;;;0.0002;0.0000
1742;car;0.26;173;10;366;1111;1079;NO;;;;;;0.0002;0.0000
1743;car;0.73;208;1768;42;1919;416;NO;;;;;;0.0002;0.0000
1743;car;0.28;173;9;367;1113;1080;NO;;;;;;0.0002;0.0000
1744;car;0.69;208;1768;40;1920;417;NO;;;;;;0.0002;0.0000
1744;car;0.27;173;9;367;1113;1080;NO;;;;;;0.0002;0.0000
1745;car;0.66;208;1768;37;1920;417;NO;;;;;;0.0004;0.0000
1745;car;0.24;173;7;366;1115;1080;NO;;;;;;0.0004;0.0000
1746;car;0.65;208;1768;37;1920;416;NO;;;;;;0.0003;0.0000
1746;car;0.29;173;6;367;1112;1080;NO;;;;;;0.0003;0.0000
1747;car;0.61;208;1768;35;1920;413;NO;;;;;;0.0002;0.0000
1747;car;0.27;173;5;367;1113;1080;NO;;;;;;0.0002;0.0000
1748;car;0.64;208;1769;37;1919;412;NO;;;;;;0.0002;0.0000
1748;car;0.27;173;6;366;1115;1080;NO;;;;;;0.0002;0.0000
1749;car;0.66;208;1769;37;1919;412;NO;;;;;;0.0003;0.0000
1749;car;0.23;173;7;365;1119;1080;NO;;;;;;0.0003;0.0000
1750;car;0.68;208;1769;37;1919;412;NO;;;;;;0.0002;0.0000
1750;car;0.3;173;5;365;1117;1080;NO;;;;;;0.0002;0.0000
1751;car;0.65;208;1771;40;1917;407;NO;;;;;;0.0004;0.0000
1751;car;0.28;173;6;365;1119;1080;NO;;;;;;0.0004;0.0000
1752;car;0.6;208;1773;43;1915;396;NO;;;;;;0.0002;0.0000
1752;car;0.29;173;7;366;1121;1080;NO;;;;;;0.0002;0.0000
1753;car;0.59;208;1773;44;1915;395;NO;;;;;;0.0002;0.0000
1753;car;0.29;173;6;366;1119;1080;NO;;;;;;0.0002;0.0000
1754;car;0.62;208;1772;44;1915;396;NO;;;;;;0.0002;0.0000
1754;car;0.31;173;3;367;1114;1080;NO;;;;;;0.0002;0.0000
1755;car;0.67;208;1772;45;1916;399;NO;;;;;;0.0002;0.0000
1755;car;0.32;173;2;369;1110;1080;NO;;;;;;0.0002;0.0000
1756;car;0.65;208;1772;46;1916;399;NO;;;;;;0.0003;0.0000
1756;car;0.34;173;1;370;1106;1080;NO;;;;;;0.0003;0.0000
1757;car;0.67;208;1771;46;1916;402;NO;;;;;;0.0002;0.0000
1757;car;0.34;173;0;370;1103;1080;NO;;;;;;0.0002;0.0000
1758;car;0.67;208;1771;46;1916;400;NO;;;;;;0.0002;0.0000
1758;car;0.34;173;0;371;1101;1080;NO;;;;;;0.0002;0.0000
1759;car;0.68;208;1772;47;1916;400;NO;;;;;;0.0002;0.0000
1759;car;0.31;173;0;370;1103;1080;NO;;;;;;0.0002;0.0000
1760;car;0.69;208;1771;48;1917;403;NO;;;;;;0.0002;0.0000
1760;car;0.31;173;0;369;1103;1080;NO;;;;;;0.0002;0.0000
1761;car;0.69;208;1771;46;1918;404;NO;;;;;;0.0002;0.0000
1761;car;0.34;173;0;369;1099;1080;NO;;;;;;0.0002;0.0000
1762;car;0.72;208;1771;45;1919;403;NO;;;;;;0.0002;0.0000
1762;car;0.36;173;0;369;1096;1080;NO;;;;;;0.0002;0.0000
1763;car;0.69;208;1771;43;1919;406;NO;;;;;;0.0002;0.0000
1763;car;0.35;173;0;370;1093;1080;NO;;;;;;0.0002;0.0000
1764;car;0.67;208;1770;42;1920;407;NO;;;;;;0.0004;0.0000
1764;car;0.35;173;0;370;1091;1080;NO;;;;;;0.0004;0.0000
1765;car;0.65;208;1770;39;1920;408;NO;;;;;;0.0002;0.0000
1765;car;0.33;173;0;369;1089;1080;NO;;;;;;0.0002;0.0000
1766;car;0.66;208;1770;38;1920;408;NO;;;;;;0.0002;0.0000
1766;car;0.36;173;0;369;1087;1080;NO;;;;;;0.0002;0.0000
1767;car;0.6;208;1769;38;1920;410;NO;;;;;;0.0002;0.0000
1767;car;0.32;173;0;369;1085;1080;NO;;;;;;0.0002;0.0000
1768;car;0.54;208;1769;39;1920;413;NO;;;;;;0.0002;0.0000
1768;car;0.33;173;0;370;1083;1080;NO;;;;;;0.0002;0.0000
1769;car;0.57;208;1768;38;1920;413;NO;;;;;;0.0002;0.0000
1769;car;0.35;173;0;371;1080;1080;NO;;;;;;0.0002;0.0000
1770;car;0.53;208;1769;39;1919;412;NO;;;;;;0.0004;0.0000
1770;car;0.36;173;0;371;1079;1080;NO;;;;;;0.0004;0.0000
1771;car;0.5;208;1769;39;1919;411;NO;;;;;;0.0001;0.0000
1771;car;0.33;173;0;370;1080;1080;NO;;;;;;0.0001;0.0000
1771;car;0.48;228;986;286;1149;436;NO;;;;;;0.0001;0.0000
1772;car;0.44;208;1769;39;1918;407;NO;;;;;;0.0002;0.0000
1772;car;0.32;173;0;371;1079;1080;NO;;;;;;0.0002;0.0000
1772;car;0.83;228;978;280;1150;438;NO;;;;;;0.0002;0.0000
1773;car;0.48;208;1769;40;1918;408;NO;;;;;;0.0002;0.0000
1773;car;0.28;173;0;369;1080;1080;NO;;;;;;0.0002;0.0000
1773;car;0.78;228;969;277;1147;441;NO;;;;;;0.0002;0.0000
1774;car;0.4;208;1770;43;1918;408;NO;;;;;;0.0002;0.0000
1774;car;0.27;173;0;368;1079;1080;NO;;;;;;0.0002;0.0000
1774;car;0.76;228;971;277;1152;441;NO;;;;;;0.0002;0.0000
1775;car;0.36;208;1770;45;1917;406;NO;;;;;;0.0002;0.0000
1775;car;0.24;173;0;367;1078;1080;NO;;;;;;0.0002;0.0000
1775;car;0.83;228;961;277;1148;444;NO;;;;;;0.0002;0.0000
1776;car;0.34;208;1770;45;1916;404;NO;;;;;;0.0002;0.0000
1776;car;0.25;173;0;366;1078;1080;NO;;;;;;0.0002;0.0000
1776;car;0.77;228;934;276;1123;445;NO;;;;;;0.0002;0.0000
1777;car;0.43;208;1770;45;1917;407;NO;;;;;;0.0002;0.0000
1777;car;0.24;173;0;368;1074;1080;NO;;;;;;0.0002;0.0000
1777;car;0.88;228;923;276;1115;448;NO;;;;;;0.0002;0.0000
1778;car;0.44;208;1769;44;1918;409;NO;;;;;;0.0003;0.0000
1778;car;0.25;173;0;368;1073;1080;NO;;;;;;0.0003;0.0000
1778;car;0.91;228;915;278;1111;454;NO;;;;;;0.0003;0.0000
1779;car;0.44;208;1770;45;1918;408;NO;;;;;;0.0002;0.0000
1779;car;0.22;173;0;367;1069;1080;NO;;;;;;0.0002;0.0000
1779;car;0.91;228;912;278;1112;456;NO;;;;;;0.0002;0.0000
1780;car;0.42;208;1770;45;1917;408;NO;;;;;;0.0004;0.0000
1780;car;0.22;173;0;366;1067;1080;NO;;;;;;0.0004;0.0000
1780;car;0.92;228;899;277;1105;461;NO;;;;;;0.0004;0.0000
1781;car;0.39;208;1770;48;1917;408;NO;;;;;;0.0001;0.0000
1781;car;0.18;173;0;365;1067;1080;NO;;;;;;0.0001;0.0000
1781;car;0.92;228;889;275;1102;465;NO;;;;;;0.0001;0.0000
1782;car;0.37;208;1771;50;1916;404;NO;;;;;;0.0002;0.0000
1782;car;0.19;173;0;366;1062;1080;NO;;;;;;0.0002;0.0000
1782;car;0.91;228;880;275;1097;468;NO;;;;;;0.0002;0.0000
1783;car;0.39;208;1771;51;1916;405;NO;;;;;;0.0004;0.0000
1783;car;0.25;173;0;368;1057;1080;NO;;;;;;0.0004;0.0000
1783;car;0.93;228;873;278;1093;471;NO;;;;;;0.0004;0.0000
1784;car;0.4;208;1771;52;1916;404;NO;;;;;;0.0002;0.0000
1784;car;0.23;173;0;369;1060;1080;NO;;;;;;0.0002;0.0000
1784;car;0.96;228;859;277;1084;474;NO;;;;;;0.0002;0.0000
1785;car;0.4;208;1771;52;1916;404;NO;;;;;;0.0002;0.0000
1785;car;0.21;173;0;368;1062;1080;NO;;;;;;0.0002;0.0000
1785;car;0.96;228;849;277;1082;481;NO;;;;;;0.0002;0.0000
1786;car;0.34;208;1771;53;1916;402;NO;;;;;;0.0002;0.0000
1786;car;0.18;173;0;368;1063;1080;NO;;;;;;0.0002;0.0000
1786;car;0.93;228;840;278;1081;485;NO;;;;;;0.0002;0.0000
1787;car;0.32;208;1772;54;1915;399;NO;;;;;;0.0003;0.0000
1787;car;0.17;173;1;370;1060;1080;NO;;;;;;0.0003;0.0000
1787;car;0.94;228;829;278;1075;488;NO;;;;;;0.0003;0.0000
1788;car;0.33;208;1771;55;1916;401;NO;;;;;;0.0002;0.0000
1788;car;0.19;173;0;372;1052;1080;NO;;;;;;0.0002;0.0000
1788;car;0.96;228;815;277;1066;489;NO;;;;;;0.0002;0.0000
1789;car;0.29;208;1770;49;1917;401;NO;;;;;;0.0003;0.0000
1789;car;0.15;173;0;368;1055;1080;NO;;;;;;0.0003;0.0000
1789;car;0.95;228;801;278;1060;496;NO;;;;;;0.0003;0.0000
1790;car;0.25;208;1770;47;1917;398;NO;;;;;;0.0003;0.0000
1790;car;0.11;173;2;365;1065;1080;NO;;;;;;0.0003;0.0000
1790;car;0.91;228;786;279;1055;502;NO;;;;;;0.0003;0.0000
1791;car;0.27;208;1769;42;1918;398;NO;;;;;;0.0002;0.0000
1791;car;0.94;228;765;278;1046;510;NO;;;;;;0.0002;0.0000
1791;licenseplate;0.73;232;815;426;905;465;SÍ;815;426;905;465;;0.0002;0.1980
1792;car;0.22;208;1769;42;1918;397;NO;;;;;;0.0003;0.0000
1792;car;0.93;228;748;276;1040;515;NO;;;;;;0.0003;0.0000
1792;licenseplate;0.76;232;798;427;891;467;SÍ;798;427;891;467;BSG;0.0003;0.1962
1793;car;0.26;208;1769;41;1918;396;NO;;;;;;0.0002;0.0000
1793;car;0.92;228;735;277;1035;519;NO;;;;;;0.0002;0.0000
1793;licenseplate;0.72;232;778;432;873;472;SÍ;778;432;873;472;S;0.0002;0.1937
1794;car;0.23;208;1769;41;1918;397;NO;;;;;;0.0004;0.0000
1794;car;0.94;228;723;276;1039;527;NO;;;;;;0.0004;0.0000
1794;licenseplate;0.39;232;765;440;851;477;SÍ;765;440;851;477;HH;0.0004;0.2012
1795;car;0.16;208;1770;43;1917;394;NO;;;;;;0.0002;0.0000
1795;car;0.93;228;699;276;1028;535;NO;;;;;;0.0002;0.0000
1795;licenseplate;0.74;232;743;447;836;486;SÍ;743;447;836;486;;0.0002;0.1966
1796;car;0.13;208;1771;47;1916;392;NO;;;;;;0.0003;0.0000
1796;car;0.93;228;679;275;1022;541;NO;;;;;;0.0003;0.0000
1796;licenseplate;0.77;232;720;451;814;491;SÍ;720;451;814;491;;0.0003;0.1963
1797;car;0.14;208;1771;49;1916;392;NO;;;;;;0.0003;0.0000
1797;car;0.94;228;663;270;1033;551;NO;;;;;;0.0003;0.0000
1797;licenseplate;0.76;232;696;456;793;498;SÍ;696;456;793;498;ER;0.0003;0.1956
1798;car;0.13;208;1771;47;1917;392;NO;;;;;;0.0002;0.0000
1798;car;0.88;228;632;267;1023;560;NO;;;;;;0.0002;0.0000
1798;licenseplate;0.78;232;670;463;771;506;SÍ;670;463;771;506;J;0.0002;0.1952
1799;car;0.12;208;1768;35;1920;396;NO;;;;;;0.0003;0.0000
1799;car;0.83;228;610;267;1012;562;NO;;;;;;0.0003;0.0000
1799;licenseplate;0.81;232;643;469;742;511;SÍ;643;469;742;511;;0.0003;0.1950
1800;car;0.89;228;591;270;1008;569;NO;;;;;;0.0001;0.0000
1800;licenseplate;0.74;232;612;475;716;519;SÍ;612;475;716;519;;0.0001;0.2003
1801;car;0.85;228;542;267;994;586;NO;;;;;;0.0004;0.0000
1801;licenseplate;0.71;232;577;484;689;531;SÍ;577;484;689;531;TE;0.0004;0.1966
1802;car;0.88;228;490;266;974;605;NO;;;;;;0.0002;0.0000
1802;licenseplate;0.78;232;545;492;654;538;SÍ;545;492;654;538;;0.0002;0.1979
1803;car;0.9;228;450;262;957;613;NO;;;;;;0.0002;0.0000
1803;licenseplate;0.75;232;501;501;620;550;SÍ;501;501;620;550;;0.0002;0.1978
1804;car;0.88;228;401;258;943;630;NO;;;;;;0.0002;0.0000
1804;licenseplate;0.73;232;459;513;577;562;SÍ;459;513;577;562;SE;0.0002;0.1950
1805;car;0.89;228;351;256;930;649;NO;;;;;;0.0003;0.0000
1805;licenseplate;0.72;232;405;525;534;578;SÍ;405;525;534;578;;0.0003;0.2020
1806;car;0.9;228;299;255;916;669;NO;;;;;;0.0002;0.0000
1806;licenseplate;0.74;232;347;539;483;594;SÍ;347;539;483;594;;0.0002;0.1943
1807;car;0.87;228;237;247;905;691;NO;;;;;;0.0002;0.0000
1807;licenseplate;0.67;232;281;555;424;613;SÍ;281;555;424;613;;0.0002;0.1944
1808;car;0.88;228;162;247;877;717;NO;;;;;;0.0002;0.0000
1808;licenseplate;0.71;232;202;572;361;636;SÍ;202;572;361;636;;0.0002;0.1988
1809;car;0.89;228;80;242;854;745;NO;;;;;;0.0003;0.0000
1810;car;0.91;228;24;243;853;780;NO;;;;;;0.0003;0.0000
1811;car;0.91;228;0;241;867;821;NO;;;;;;0.0003;0.0000
1812;car;0.92;228;0;236;895;884;NO;;;;;;0.0003;0.0000
1813;car;0.93;228;0;229;919;946;NO;;;;;;0.0002;0.0000
1814;car;0.85;228;0;226;925;990;NO;;;;;;0.0001;0.0000
1815;car;0.89;228;0;222;887;964;NO;;;;;;0.0002;0.0000
1816;car;0.88;228;0;216;892;1012;NO;;;;;;0.0003;0.0000
1817;car;0.87;228;0;208;877;1033;NO;;;;;;0.0002;0.0000
1818;car;0.89;228;0;196;853;1038;NO;;;;;;0.0002;0.0000
1819;car;0.87;228;0;182;816;1035;NO;;;;;;0.0003;0.0000
1820;car;0.81;228;0;169;778;1038;NO;;;;;;0.0003;0.0000
1820;car;0.3;208;1768;41;1920;403;NO;;;;;;0.0003;0.0000
1821;car;0.56;228;0;167;727;1044;NO;;;;;;0.0002;0.0000
1821;car;0.29;208;1769;41;1919;402;NO;;;;;;0.0002;0.0000
1822;car;0.39;208;1769;42;1919;401;NO;;;;;;0.0004;0.0000
1823;car;0.38;208;1770;42;1918;400;NO;;;;;;0.0002;0.0000
1824;car;0.4;208;1770;44;1918;399;NO;;;;;;0.0003;0.0000
1825;car;0.41;208;1769;40;1919;400;NO;;;;;;0.0002;0.0000
1826;car;0.41;208;1769;37;1919;398;NO;;;;;;0.0001;0.0000
1827;car;0.43;208;1769;36;1919;399;NO;;;;;;0.0002;0.0000
1828;car;0.41;208;1769;36;1920;400;NO;;;;;;0.0003;0.0000
1829;car;0.4;208;1769;36;1919;400;NO;;;;;;0.0002;0.0000
1830;car;0.39;208;1769;36;1920;401;NO;;;;;;0.0004;0.0000
1831;car;0.37;208;1770;36;1919;402;NO;;;;;;0.0004;0.0000
1832;car;0.41;208;1770;37;1919;401;NO;;;;;;0.0002;0.0000
1833;car;0.38;208;1770;39;1919;402;NO;;;;;;0.0002;0.0000
1834;car;0.37;208;1771;41;1918;402;NO;;;;;;0.0002;0.0000
1835;car;0.38;208;1771;44;1918;401;NO;;;;;;0.0002;0.0000
1836;car;0.39;208;1771;45;1917;399;NO;;;;;;0.0002;0.0000
1837;car;0.37;208;1770;39;1918;398;NO;;;;;;0.0002;0.0000
1838;car;0.36;208;1770;37;1918;398;NO;;;;;;0.0002;0.0000
1839;car;0.32;208;1769;33;1919;398;NO;;;;;;0.0002;0.0000
1840;car;0.35;208;1769;32;1919;399;NO;;;;;;0.0002;0.0000
1841;car;0.33;208;1769;33;1919;399;NO;;;;;;0.0004;0.0000
1842;car;0.36;208;1769;34;1919;400;NO;;;;;;0.0003;0.0000
1843;car;0.37;208;1769;33;1919;400;NO;;;;;;0.0002;0.0000
1844;car;0.39;208;1769;31;1919;400;NO;;;;;;0.0001;0.0000
1845;car;0.39;208;1769;32;1919;399;NO;;;;;;0.0002;0.0000
1846;car;0.39;208;1769;32;1919;399;NO;;;;;;0.0001;0.0000
1847;car;0.37;208;1769;32;1919;399;NO;;;;;;0.0001;0.0000
1848;car;0.36;208;1768;30;1919;400;NO;;;;;;0.0002;0.0000
1849;car;0.37;208;1769;34;1918;400;NO;;;;;;0.0003;0.0000
1850;car;0.37;208;1769;36;1918;401;NO;;;;;;0.0004;0.0000
1851;car;0.38;208;1769;36;1918;401;NO;;;;;;0.0005;0.0000
1852;car;0.39;208;1769;36;1918;401;NO;;;;;;0.0004;0.0000
1853;car;0.39;208;1769;36;1918;401;NO;;;;;;0.0002;0.0000
1854;car;0.4;208;1769;36;1918;401;NO;;;;;;0.0003;0.0000
1855;car;0.4;208;1769;36;1918;401;NO;;;;;;0.0001;0.0000
1855;car;0.3;248;4;371;1104;1080;NO;;;;;;0.0001;0.0000
1856;car;0.4;208;1769;37;1918;400;NO;;;;;;0.0001;0.0000
1856;car;0.3;248;5;371;1105;1080;NO;;;;;;0.0001;0.0000
1857;car;0.38;208;1769;38;1918;400;NO;;;;;;0.0002;0.0000
1857;car;0.31;248;5;372;1104;1080;NO;;;;;;0.0002;0.0000
1858;car;0.36;208;1770;38;1918;399;NO;;;;;;0.0002;0.0000
1858;car;0.29;248;4;372;1104;1080;NO;;;;;;0.0002;0.0000
1859;car;0.36;208;1770;39;1917;399;NO;;;;;;0.0003;0.0000
1859;car;0.25;248;4;371;1105;1080;NO;;;;;;0.0003;0.0000
1860;car;0.4;208;1770;38;1917;397;NO;;;;;;0.0002;0.0000
1860;car;0.27;248;3;370;1104;1080;NO;;;;;;0.0002;0.0000
1861;car;0.4;208;1769;35;1918;396;NO;;;;;;0.0003;0.0000
1861;car;0.25;248;0;369;1102;1080;NO;;;;;;0.0003;0.0000
1862;car;0.39;208;1769;34;1918;395;NO;;;;;;0.0002;0.0000
1862;car;0.22;248;1;368;1105;1080;NO;;;;;;0.0002;0.0000
1863;car;0.36;208;1769;32;1918;395;NO;;;;;;0.0002;0.0000
1863;car;0.23;248;4;368;1107;1080;NO;;;;;;0.0002;0.0000
1864;car;0.35;208;1769;31;1919;395;NO;;;;;;0.0002;0.0000
1864;car;0.22;248;5;368;1109;1080;NO;;;;;;0.0002;0.0000
1865;car;0.36;208;1769;30;1919;395;NO;;;;;;0.0002;0.0000
1865;car;0.25;248;4;369;1109;1080;NO;;;;;;0.0002;0.0000
1866;car;0.38;208;1769;30;1919;395;NO;;;;;;0.0002;0.0000
1866;car;0.27;248;4;370;1107;1080;NO;;;;;;0.0002;0.0000
1867;car;0.38;208;1769;31;1919;395;NO;;;;;;0.0002;0.0000
1867;car;0.25;248;4;370;1106;1080;NO;;;;;;0.0002;0.0000
1868;car;0.37;208;1769;30;1919;396;NO;;;;;;0.0002;0.0000
1868;car;0.25;248;4;370;1107;1080;NO;;;;;;0.0002;0.0000
1869;car;0.39;208;1769;29;1919;397;NO;;;;;;0.0002;0.0000
1869;car;0.26;248;4;370;1107;1080;NO;;;;;;0.0002;0.0000
1870;car;0.42;208;1769;29;1919;396;NO;;;;;;0.0002;0.0000
1870;car;0.22;248;3;369;1107;1080;NO;;;;;;0.0002;0.0000
1871;car;0.43;208;1769;28;1919;395;NO;;;;;;0.0002;0.0000
1871;car;0.24;248;1;370;1104;1080;NO;;;;;;0.0002;0.0000
1872;car;0.42;208;1769;28;1919;395;NO;;;;;;0.0002;0.0000
1872;car;0.27;248;0;371;1098;1080;NO;;;;;;0.0002;0.0000
1873;car;0.45;208;1769;32;1918;395;NO;;;;;;0.0001;0.0000
1873;car;0.22;248;0;368;1102;1080;NO;;;;;;0.0001;0.0000
1874;car;0.44;208;1770;33;1918;396;NO;;;;;;0.0001;0.0000
1874;car;0.23;248;0;367;1102;1080;NO;;;;;;0.0001;0.0000
1875;car;0.41;208;1770;34;1918;395;NO;;;;;;0.0002;0.0000
1875;car;0.23;248;0;367;1102;1080;NO;;;;;;0.0002;0.0000
1876;car;0.4;208;1770;34;1918;395;NO;;;;;;0.0003;0.0000
1876;car;0.21;248;0;367;1101;1080;NO;;;;;;0.0003;0.0000
1877;car;0.41;208;1770;35;1917;394;NO;;;;;;0.0002;0.0000
1877;car;0.22;248;0;367;1101;1080;NO;;;;;;0.0002;0.0000
1878;car;0.43;208;1769;34;1918;395;NO;;;;;;0.0002;0.0000
1878;car;0.21;248;1;366;1103;1080;NO;;;;;;0.0002;0.0000
1879;car;0.39;208;1769;34;1918;396;NO;;;;;;0.0003;0.0000
1879;car;0.19;248;2;366;1105;1080;NO;;;;;;0.0003;0.0000
1880;car;0.42;208;1769;34;1918;395;NO;;;;;;0.0001;0.0000
1880;car;0.22;248;4;366;1107;1080;NO;;;;;;0.0001;0.0000
1881;car;0.43;208;1769;34;1918;395;NO;;;;;;0.0003;0.0000
1881;car;0.23;248;4;367;1106;1080;NO;;;;;;0.0003;0.0000
1882;car;0.42;208;1769;32;1918;394;NO;;;;;;0.0002;0.0000
1882;car;0.23;248;3;367;1104;1080;NO;;;;;;0.0002;0.0000
1883;car;0.41;208;1769;33;1918;394;NO;;;;;;0.0002;0.0000
1883;car;0.2;248;4;366;1107;1080;NO;;;;;;0.0002;0.0000
1884;car;0.42;208;1769;33;1918;394;NO;;;;;;0.0005;0.0000
1884;car;0.23;248;4;367;1107;1080;NO;;;;;;0.0005;0.0000
1885;car;0.4;208;1768;30;1918;394;NO;;;;;;0.0002;0.0000
1885;car;0.23;248;4;366;1107;1080;NO;;;;;;0.0002;0.0000
1886;car;0.41;208;1768;29;1919;394;NO;;;;;;0.0003;0.0000
1886;car;0.25;248;0;367;1100;1080;NO;;;;;;0.0003;0.0000
1887;car;0.4;208;1768;26;1919;395;NO;;;;;;0.0002;0.0000
1887;car;0.25;248;0;368;1092;1080;NO;;;;;;0.0002;0.0000
1888;car;0.36;208;1767;25;1919;395;NO;;;;;;0.0001;0.0000
1888;car;0.2;248;0;367;1093;1080;NO;;;;;;0.0001;0.0000
1889;car;0.36;208;1767;25;1919;395;NO;;;;;;0.0002;0.0000
1889;car;0.22;248;0;366;1093;1080;NO;;;;;;0.0002;0.0000
1890;car;0.33;208;1768;26;1919;394;NO;;;;;;0.0003;0.0000
1890;car;0.25;248;0;367;1089;1080;NO;;;;;;0.0003;0.0000
1891;car;0.28;208;1768;27;1919;395;NO;;;;;;0.0002;0.0000
1891;car;0.26;248;0;369;1086;1080;NO;;;;;;0.0002;0.0000
1892;car;0.29;208;1768;26;1919;395;NO;;;;;;0.0003;0.0000
1892;car;0.22;248;0;368;1084;1080;NO;;;;;;0.0003;0.0000
1893;car;0.2;208;1768;26;1919;396;NO;;;;;;0.0002;0.0000
1893;car;0.25;248;0;369;1082;1080;NO;;;;;;0.0002;0.0000
1894;car;0.19;208;1768;25;1919;397;NO;;;;;;0.0004;0.0000
1894;car;0.26;248;0;370;1081;1080;NO;;;;;;0.0004;0.0000
1895;car;0.4;208;1769;30;1918;396;NO;;;;;;0.0002;0.0000
1895;car;0.23;248;0;370;1081;1080;NO;;;;;;0.0002;0.0000
1895;car;0.52;249;1796;399;1908;551;NO;;;;;;0.0002;0.0000
1896;car;0.38;208;1779;89;1909;397;NO;;;;;;0.0003;0.0000
1896;car;0.25;248;0;369;1080;1080;NO;;;;;;0.0003;0.0000
1896;car;0.69;249;1786;401;1900;554;NO;;;;;;0.0003;0.0000
1897;car;0.41;208;1782;115;1904;396;NO;;;;;;0.0002;0.0000
1897;car;0.2;248;0;369;1079;1080;NO;;;;;;0.0002;0.0000
1897;car;0.74;249;1775;396;1891;550;NO;;;;;;0.0002;0.0000
1898;car;0.44;208;1774;74;1911;390;NO;;;;;;0.0002;0.0000
1898;car;0.23;248;0;370;1078;1080;NO;;;;;;0.0002;0.0000
1898;car;0.78;249;1768;396;1885;549;NO;;;;;;0.0002;0.0000
1899;car;0.19;208;1768;46;1917;389;NO;;;;;;0.0002;0.0000
1899;car;0.24;248;0;371;1077;1080;NO;;;;;;0.0002;0.0000
1899;car;0.89;249;1741;344;1895;543;NO;;;;;;0.0002;0.0000
1900;car;0.24;248;0;370;1076;1080;NO;;;;;;0.0003;0.0000
1900;car;0.61;249;1729;345;1887;544;NO;;;;;;0.0003;0.0000
1900;car;0.56;251;1013;274;1186;419;NO;;;;;;0.0003;0.0000
1901;car;0.23;248;0;370;1076;1080;NO;;;;;;0.0002;0.0000
1901;car;0.71;249;1715;334;1887;545;NO;;;;;;0.0002;0.0000
1901;car;0.53;251;1006;274;1182;422;NO;;;;;;0.0002;0.0000
1902;car;0.27;248;0;370;1075;1080;NO;;;;;;0.0003;0.0000
1902;car;0.73;249;1707;325;1883;535;NO;;;;;;0.0003;0.0000
1902;car;0.5;251;1006;275;1185;425;NO;;;;;;0.0003;0.0000
1903;car;0.24;248;0;370;1074;1080;NO;;;;;;0.0004;0.0000
1903;car;0.59;249;1710;323;1889;532;NO;;;;;;0.0004;0.0000
1903;car;0.65;251;993;274;1179;429;NO;;;;;;0.0004;0.0000
1904;car;0.26;248;0;371;1073;1080;NO;;;;;;0.0003;0.0000
1904;car;0.65;249;1698;321;1879;523;NO;;;;;;0.0003;0.0000
1904;car;0.68;251;984;272;1177;433;NO;;;;;;0.0003;0.0000
1905;car;0.27;248;0;372;1070;1080;NO;;;;;;0.0001;0.0000
1905;car;0.77;249;1683;319;1872;522;NO;;;;;;0.0001;0.0000
1905;car;0.61;251;978;271;1175;435;NO;;;;;;0.0001;0.0000
1906;car;0.28;248;0;373;1069;1080;NO;;;;;;0.0002;0.0000
1906;car;0.63;249;1683;320;1879;523;NO;;;;;;0.0002;0.0000
1906;car;0.74;251;975;268;1174;434;NO;;;;;;0.0002;0.0000
1907;car;0.23;248;0;371;1068;1080;NO;;;;;;0.0003;0.0000
1907;car;0.76;249;1698;322;1890;517;NO;;;;;;0.0003;0.0000
1907;car;0.79;251;966;267;1169;435;NO;;;;;;0.0003;0.0000
1908;car;0.24;248;0;369;1069;1080;NO;;;;;;0.0003;0.0000
1908;car;0.91;249;1669;321;1869;514;NO;;;;;;0.0003;0.0000
1908;car;0.84;251;956;265;1163;437;NO;;;;;;0.0003;0.0000
1909;car;0.24;248;0;368;1069;1080;NO;;;;;;0.0003;0.0000
1909;car;0.79;249;1648;323;1854;511;NO;;;;;;0.0003;0.0000
1909;car;0.86;251;948;263;1162;441;NO;;;;;;0.0003;0.0000
1910;car;0.16;248;0;364;1071;1080;NO;;;;;;0.0002;0.0000
1910;car;0.68;249;1633;322;1836;498;NO;;;;;;0.0002;0.0000
1910;car;0.9;251;937;262;1156;444;NO;;;;;;0.0002;0.0000
1911;car;0.19;248;0;364;1068;1080;NO;;;;;;0.0004;0.0000
1911;car;0.5;249;1618;323;1819;490;NO;;;;;;0.0004;0.0000
1911;car;0.92;251;923;262;1144;446;NO;;;;;;0.0004;0.0000
1912;car;0.17;248;0;364;1064;1080;NO;;;;;;0.0001;0.0000
1912;car;0.57;249;1598;324;1800;486;NO;;;;;;0.0001;0.0000
1912;car;0.93;251;912;261;1137;450;NO;;;;;;0.0001;0.0000
1913;car;0.16;248;0;362;1063;1080;NO;;;;;;0.0002;0.0000
1913;car;0.37;249;1583;325;1788;485;NO;;;;;;0.0002;0.0000
1913;car;0.95;251;896;260;1129;457;NO;;;;;;0.0002;0.0000
1914;car;0.12;248;0;360;1062;1080;NO;;;;;;0.0002;0.0000
1914;car;0.29;249;1588;325;1786;483;NO;;;;;;0.0002;0.0000
1914;car;0.96;251;887;258;1127;462;NO;;;;;;0.0002;0.0000
1915;car;0.11;248;0;358;1061;1080;NO;;;;;;0.0002;0.0000
1915;car;0.47;249;1569;323;1770;482;NO;;;;;;0.0002;0.0000
1915;car;0.96;251;873;259;1114;466;NO;;;;;;0.0002;0.0000
1916;car;0.16;248;0;359;1059;1080;NO;;;;;;0.0002;0.0000
1916;car;0.46;249;1575;323;1771;480;NO;;;;;;0.0002;0.0000
1916;car;0.96;251;866;259;1109;468;NO;;;;;;0.0002;0.0000
1917;car;0.18;248;0;361;1055;1080;NO;;;;;;0.0002;0.0000
1917;car;0.28;249;1573;322;1761;475;NO;;;;;;0.0002;0.0000
1917;car;0.98;251;854;260;1101;472;NO;;;;;;0.0002;0.0000
1917;car;0.31;208;1768;45;1919;395;NO;;;;;;0.0002;0.0000
1918;car;0.12;248;0;362;1062;1080;NO;;;;;;0.0002;0.0000
1918;car;0.22;249;1572;320;1751;468;NO;;;;;;0.0002;0.0000
1918;car;0.98;251;843;258;1098;477;NO;;;;;;0.0002;0.0000
1918;car;0.29;208;1768;45;1920;398;NO;;;;;;0.0002;0.0000
1919;car;0.13;248;6;362;1070;1080;NO;;;;;;0.0003;0.0000
1919;car;0.98;251;826;257;1088;481;NO;;;;;;0.0003;0.0000
1919;car;0.32;208;1768;44;1919;398;NO;;;;;;0.0003;0.0000
1920;car;0.11;248;9;361;1076;1080;NO;;;;;;0.0002;0.0000
1920;car;0.98;251;814;256;1087;487;NO;;;;;;0.0002;0.0000
1920;car;0.18;208;1768;41;1920;399;NO;;;;;;0.0002;0.0000
1921;car;0.98;251;800;254;1083;490;NO;;;;;;0.0002;0.0000
1921;car;0.15;208;1767;35;1920;400;NO;;;;;;0.0002;0.0000
1922;car;0.98;251;782;252;1082;502;NO;;;;;;0.0003;0.0000
1922;car;0.12;208;1767;32;1920;400;NO;;;;;;0.0003;0.0000
1923;car;0.96;251;764;249;1081;510;NO;;;;;;0.0001;0.0000
1923;car;0.11;208;1766;30;1920;401;NO;;;;;;0.0001;0.0000
1924;car;0.96;251;739;243;1073;516;NO;;;;;;0.0002;0.0000
1924;car;0.11;208;1765;27;1920;402;NO;;;;;;0.0002;0.0000
1925;car;0.91;251;715;236;1067;521;NO;;;;;;0.0004;0.0000
1926;car;0.86;251;690;233;1055;527;NO;;;;;;0.0002;0.0000
1927;car;0.88;251;662;224;1049;534;NO;;;;;;0.0003;0.0000
1928;car;0.86;251;630;219;1043;547;NO;;;;;;0.0002;0.0000
1929;car;0.85;251;605;218;1034;556;NO;;;;;;0.0002;0.0000
1930;car;0.89;251;571;216;1023;567;NO;;;;;;0.0002;0.0000
1931;car;0.88;251;530;213;1015;585;NO;;;;;;0.0005;0.0000
1932;car;0.88;251;480;207;1003;603;NO;;;;;;0.0002;0.0000
1933;car;0.87;251;437;204;992;618;NO;;;;;;0.0003;0.0000
1934;car;0.9;251;368;201;967;642;NO;;;;;;0.0003;0.0000
1935;car;0.91;251;311;197;968;671;NO;;;;;;0.0001;0.0000
1936;car;0.91;251;226;187;943;699;NO;;;;;;0.0003;0.0000
1937;car;0.91;251;124;178;909;729;NO;;;;;;0.0002;0.0000
1938;car;0.91;251;59;169;925;771;NO;;;;;;0.0002;0.0000
1939;car;0.92;251;0;159;932;818;NO;;;;;;0.0004;0.0000
1940;car;0.92;251;0;149;958;884;NO;;;;;;0.0003;0.0000
1941;car;0.89;251;0;135;990;962;NO;;;;;;0.0002;0.0000
1942;car;0.89;251;0;113;1019;1031;NO;;;;;;0.0002;0.0000
1943;car;0.91;251;0;93;1002;1048;NO;;;;;;0.0004;0.0000
1944;car;0.91;251;0;50;992;1060;NO;;;;;;0.0002;0.0000
1945;car;0.88;251;0;28;956;1061;NO;;;;;;0.0003;0.0000
1946;car;0.86;251;0;15;925;1055;NO;;;;;;0.0001;0.0000
1947;car;0.81;251;0;4;880;1048;NO;;;;;;0.0002;0.0000
1948;car;0.81;251;0;0;804;1044;NO;;;;;;0.0002;0.0000
1949;car;0.16;251;0;0;886;1057;NO;;;;;;0.0002;0.0000
1950;car;0.19;-1;1768;40;1918;397;NO;;;;;;0.0002;0.0000
1951;car;0.27;208;1768;41;1917;396;NO;;;;;;0.0002;0.0000
1952;car;0.23;208;1769;44;1917;396;NO;;;;;;0.0002;0.0000
1953;car;0.26;208;1769;45;1917;396;NO;;;;;;0.0002;0.0000
1954;car;0.26;208;1769;48;1916;396;NO;;;;;;0.0003;0.0000
1955;car;0.25;208;1769;50;1916;396;NO;;;;;;0.0002;0.0000
1956;car;0.27;208;1769;53;1916;396;NO;;;;;;0.0002;0.0000
1957;car;0.28;208;1769;54;1916;396;NO;;;;;;0.0003;0.0000
1958;car;0.28;208;1769;52;1917;396;NO;;;;;;0.0004;0.0000
1959;car;0.27;208;1769;54;1917;396;NO;;;;;;0.0002;0.0000
1960;car;0.25;208;1769;56;1916;396;NO;;;;;;0.0003;0.0000
1961;car;0.25;208;1769;54;1917;396;NO;;;;;;0.0002;0.0000
1962;car;0.24;208;1769;56;1917;397;NO;;;;;;0.0002;0.0000
1963;car;0.25;208;1769;54;1917;397;NO;;;;;;0.0002;0.0000
1964;car;0.25;208;1768;53;1918;397;NO;;;;;;0.0002;0.0000
1965;car;0.24;208;1769;53;1918;396;NO;;;;;;0.0002;0.0000
1966;car;0.26;208;1768;49;1919;396;NO;;;;;;0.0001;0.0000
1967;car;0.27;208;1767;47;1919;396;NO;;;;;;0.0003;0.0000
1968;car;0.24;208;1767;44;1919;396;NO;;;;;;0.0002;0.0000
1969;car;0.25;208;1767;45;1919;397;NO;;;;;;0.0004;0.0000
1970;car;0.27;208;1767;44;1919;397;NO;;;;;;0.0003;0.0000
1971;car;0.28;208;1767;44;1919;397;NO;;;;;;0.0002;0.0000
1972;car;0.26;208;1767;44;1919;397;NO;;;;;;0.0004;0.0000
1973;car;0.28;208;1768;45;1919;397;NO;;;;;;0.0002;0.0000
1974;car;0.3;208;1768;45;1919;397;NO;;;;;;0.0003;0.0000
1975;car;0.27;208;1768;46;1919;397;NO;;;;;;0.0003;0.0000
1976;car;0.28;208;1768;47;1918;397;NO;;;;;;0.0002;0.0000
1977;car;0.27;208;1768;48;1918;397;NO;;;;;;0.0004;0.0000
1978;car;0.29;208;1768;49;1918;397;NO;;;;;;0.0002;0.0000
1979;car;0.28;208;1769;51;1917;397;NO;;;;;;0.0003;0.0000
1980;car;0.26;208;1769;54;1917;397;NO;;;;;;0.0002;0.0000
1981;car;0.28;208;1769;53;1917;396;NO;;;;;;0.0004;0.0000
1982;car;0.27;208;1769;53;1917;396;NO;;;;;;0.0002;0.0000
1983;car;0.29;208;1768;49;1918;396;NO;;;;;;0.0002;0.0000
1984;car;0.27;208;1768;47;1918;396;NO;;;;;;0.0003;0.0000
1985;car;0.25;208;1768;48;1918;396;NO;;;;;;0.0004;0.0000
