fotograma;tipo_objeto;confianza_deteccion;x1;y1;x2;y2;matrícula_detectada;x1_matrícula;y1_matrícula;x2_matrícula;y2_matrícula;texto_matricula_ocr;tiempo_inferencia_yolo;tiempo_inferencia_easyocr
1;bus;0.9357355237007141;1402;52;1918;476;SÍ;1402;56;1918;471;LPJA5BUS214;0.047500;0.180435
1;car;0.843891978263855;1321;312;1398;371;NO;1321;312;1397;371;;0.047500;0.080078
2;bus;0.9329602718353271;1402;57;1918;470;SÍ;1402;99;1917;470;LPOSBUS211;0.000208;0.107731
2;car;0.8147820234298706;1321;312;1396;371;NO;1321;312;1395;371;;0.000208;0.011539
3;bus;0.9363880753517151;1393;65;1918;466;SÍ;1393;69;1917;465;LPJSBUS214;0.000208;0.078032
3;car;0.8186869621276855;1320;312;1395;371;NO;1320;312;1394;371;;0.000208;0.009558
4;bus;0.8994826674461365;1388;67;1918;467;SÍ;1388;73;1917;467;LPA5BUS211;0.000236;0.055405
4;car;0.838044285774231;1317;311;1395;371;NO;1317;311;1387;371;;0.000236;0.008667
5;bus;0.9296820759773254;1392;73;1918;464;SÍ;1393;81;1916;464;LPBA5211;0.000240;0.063559
5;car;0.81711345911026;1316;312;1394;371;NO;1316;312;1392;371;;0.000240;0.007883
6;bus;0.9346266388893127;1394;76;1918;461;SÍ;1395;84;1915;461;LP5BUS211;0.000171;0.052080
6;car;0.8076267838478088;1317;312;1391;370;NO;1317;312;1391;370;;0.000171;0.011963
7;bus;0.9344354271888733;1391;79;1918;461;SÍ;1392;82;1915;457;LP5BUS211;0.000201;0.068018
7;car;0.7960490584373474;1316;312;1390;370;NO;1316;312;1390;370;;0.000201;0.006903
8;bus;0.9352458119392395;1388;84;1918;458;SÍ;1388;86;1915;458;LPB211;0.000295;0.096795
8;car;0.7868657112121582;1314;312;1389;369;NO;1314;312;1388;369;;0.000295;0.010790
9;bus;0.9372075200080872;1385;88;1918;457;SÍ;1385;88;1917;457;LPSBAS211;0.000162;0.052383
9;car;0.7812942862510681;1313;312;1387;368;NO;1313;312;1386;368;;0.000162;0.009363
10;bus;0.9405499696731567;1383;92;1918;457;SÍ;1383;92;1917;456;211LPBAS;0.000192;0.079849
10;car;0.8054531216621399;1311;312;1386;368;NO;1311;312;1382;368;;0.000192;0.013215
11;bus;0.9372714161872864;1382;95;1918;456;SÍ;1382;97;1916;455;LRB211;0.000399;0.061966
11;car;0.801827073097229;1309;312;1386;368;NO;1309;312;1381;368;;0.000399;0.012135
12;bus;0.9274043440818787;1383;96;1918;456;SÍ;1383;97;1916;454;LPB6;0.000273;0.057623
12;car;0.7825300693511963;1309;312;1384;368;NO;1309;312;1383;368;;0.000273;0.011735
13;bus;0.9315822124481201;1382;101;1914;452;SÍ;1382;102;1909;452;JBB6;0.000212;0.093094
13;car;0.787931501865387;1309;312;1382;368;NO;1309;312;1381;368;;0.000212;0.006851
14;bus;0.9279751777648926;1382;104;1896;451;SÍ;1382;106;1894;449;ISRB;0.000193;0.091780
14;car;0.7944396138191223;1309;312;1380;368;NO;1309;312;1379;368;;0.000193;0.007375
15;bus;0.9187809824943542;1380;107;1883;451;SÍ;1380;107;1880;451;IRB211;0.000413;0.049793
15;car;0.7784576416015625;1309;312;1378;368;NO;1309;312;1377;368;;0.000413;0.007639
16;bus;0.9248377084732056;1377;111;1865;450;SÍ;1377;112;1863;450;IRB;0.000300;0.042520
16;car;0.7742733955383301;1309;313;1375;367;NO;1309;313;1374;367;;0.000300;0.008116
17;bus;0.9197785258293152;1376;114;1866;449;NO;1376;114;1859;449;;0.000370;0.031827
17;car;0.782078742980957;1309;313;1374;367;NO;1309;313;1373;367;;0.000370;0.075317
18;bus;0.909003496170044;1377;117;1857;451;SÍ;1377;117;1847;450;241SB;0.000175;0.152186
18;car;0.7768177390098572;1309;313;1373;366;NO;1309;313;1373;366;;0.000175;0.006960
19;bus;0.9153727889060974;1375;121;1834;448;NO;1375;123;1832;447;;0.000200;0.028214
19;car;0.7696271538734436;1308;314;1372;367;NO;1308;314;1371;367;;0.000200;0.007503
20;bus;0.9250412583351135;1374;126;1822;446;NO;1374;126;1820;444;;0.000194;0.084735
20;car;0.7845978736877441;1308;314;1369;367;NO;1308;314;1368;367;;0.000194;0.006792
21;bus;0.919062614440918;1372;127;1815;444;SÍ;1372;127;1814;438;IE;0.000154;0.034636
21;car;0.7537834644317627;1308;313;1369;368;NO;1308;313;1368;365;;0.000154;0.006641
22;bus;0.9185844659805298;1370;132;1810;442;SÍ;1370;132;1804;440;22LC;0.000345;0.080084
22;car;0.7297064065933228;1308;313;1368;368;NO;1308;313;1367;367;;0.000345;0.007265
23;bus;0.914568305015564;1369;135;1812;442;SÍ;1369;135;1794;442;5522I6;0.000184;0.090974
23;car;0.7410067319869995;1308;313;1366;368;NO;1308;313;1365;368;;0.000184;0.007648
24;bus;0.9054214954376221;1370;140;1806;441;NO;1370;140;1798;441;;0.000181;0.025167
24;car;0.7166047096252441;1308;313;1366;366;NO;1308;313;1365;365;;0.000181;0.007429
25;bus;0.8878803253173828;1368;140;1781;442;SÍ;1368;140;1771;439;5252IE;0.000208;0.149309
25;car;0.703859269618988;1308;311;1366;365;NO;1308;311;1365;364;;0.000208;0.007693
26;bus;0.9046904444694519;1366;142;1767;442;SÍ;1366;142;1763;439;025122ILE;0.000175;0.081237
26;car;0.7074179649353027;1308;312;1366;366;NO;1308;312;1364;365;;0.000175;0.007052
27;bus;0.8976420164108276;1366;144;1759;440;SÍ;1366;144;1758;434;EETESILE;0.000270;0.058444
28;bus;0.8993059396743774;1363;148;1743;436;SÍ;1363;148;1742;433;GE;0.000176;0.102026
29;bus;0.9025062918663025;1363;150;1736;436;NO;1363;150;1735;430;;0.000276;0.021505
30;bus;0.8954524993896484;1363;151;1733;438;SÍ;1363;153;1732;430;9549;0.000179;0.044128
31;bus;0.9032875299453735;1360;153;1730;431;SÍ;1360;154;1728;426;2229;0.000189;0.045417
32;bus;0.8908318281173706;1361;155;1730;429;SÍ;1361;155;1726;429;22;0.000286;0.032041
33;bus;0.9198441505432129;1360;158;1709;424;SÍ;1360;160;1708;419;UK29IE;0.000180;0.116000
34;bus;0.9261160492897034;1357;159;1700;428;SÍ;1357;161;1699;426;CESIE;0.000173;0.051551
35;bus;0.9207499027252197;1354;161;1696;431;SÍ;1354;161;1694;430;E29HE;0.000163;0.059898
36;bus;0.9115561246871948;1356;163;1693;429;SÍ;1356;163;1687;428;I;0.000187;0.027471
37;bus;0.9200437068939209;1355;166;1681;427;SÍ;1355;166;1680;426;1;0.000213;0.039862
38;bus;0.9190113544464111;1354;165;1674;425;NO;1354;165;1673;419;;0.000392;0.078255
39;bus;0.9081627130508423;1352;168;1669;424;NO;1353;168;1668;418;;0.000338;0.015224
40;bus;0.9029629230499268;1351;166;1661;422;NO;1351;166;1660;414;;0.000165;0.014682
41;bus;0.9097073674201965;1348;169;1656;421;NO;1349;169;1655;414;;0.000193;0.014385
42;bus;0.9246846437454224;1349;173;1650;416;NO;1349;173;1649;411;;0.000194;0.014466
43;bus;0.9320007562637329;1345;175;1644;416;NO;1345;175;1644;410;;0.000226;0.015454
44;bus;0.928646445274353;1344;176;1637;415;NO;1344;176;1636;409;;0.000159;0.014420
45;bus;0.9288424849510193;1343;178;1638;414;NO;1344;178;1636;413;;0.000157;0.014550
46;bus;0.9199233651161194;1342;178;1630;412;NO;1342;178;1629;407;;0.000162;0.082986
47;bus;0.9226667284965515;1341;181;1627;413;NO;1342;181;1627;407;;0.000298;0.013741
48;bus;0.9171482920646667;1342;182;1625;414;NO;1343;182;1623;407;;0.000196;0.013403
49;bus;0.9205083250999451;1340;184;1614;413;NO;1340;184;1613;408;;0.000156;0.093085
50;bus;0.9159210920333862;1341;185;1614;411;NO;1341;185;1613;404;;0.000349;0.013135
51;bus;0.9254714250564575;1340;188;1601;412;NO;1341;188;1601;407;;0.000179;0.013130
52;bus;0.9386306405067444;1337;187;1598;411;NO;1337;187;1597;405;;0.000164;0.012583
53;bus;0.922925591468811;1336;189;1597;412;NO;1336;189;1596;405;;0.000143;0.012868
54;bus;0.9218800663948059;1336;190;1592;412;NO;1336;190;1591;403;;0.000198;0.081007
55;bus;0.9193131923675537;1335;191;1593;408;NO;1335;191;1591;404;;0.000190;0.011029
56;bus;0.9010626077651978;1334;190;1583;409;NO;1334;190;1582;401;;0.000165;0.010969
57;bus;0.90484619140625;1334;192;1579;408;NO;1336;192;1579;401;;0.000178;0.010610
58;bus;0.9099679589271545;1335;191;1576;407;NO;1335;191;1575;403;;0.000157;0.010620
59;bus;0.9141926765441895;1333;193;1570;406;NO;1333;193;1569;402;;0.000209;0.010884
60;bus;0.9051889777183533;1332;195;1567;403;NO;1332;195;1566;400;;0.000171;0.011191
61;bus;0.8944060206413269;1333;195;1564;404;NO;1333;196;1563;397;;0.000184;0.011670
62;bus;0.9091606736183167;1333;196;1562;405;NO;1333;197;1561;397;;0.000289;0.010912
63;bus;0.9010274410247803;1333;198;1555;406;NO;1333;198;1554;403;;0.000189;0.081491
64;bus;0.8806240558624268;1329;198;1551;405;NO;1331;198;1550;396;;0.000193;0.010544
65;bus;0.8671985864639282;1327;198;1549;403;NO;1329;199;1548;395;;0.000156;0.010037
66;bus;0.8439590930938721;1327;199;1543;401;NO;1330;199;1542;393;;0.000203;0.010167
67;bus;0.8059606552124023;1326;201;1538;399;NO;1329;201;1537;394;;0.000182;0.010026
68;bus;0.7643815279006958;1324;201;1537;396;NO;1325;201;1536;389;;0.000184;0.076247
69;bus;0.7682362198829651;1324;203;1534;397;NO;1325;204;1533;390;;0.000280;0.009666
70;bus;0.7441288828849792;1324;204;1531;395;NO;1326;204;1530;388;;0.000168;0.012430
71;bus;0.7579914331436157;1324;204;1528;398;NO;1325;204;1527;392;;0.000287;0.012470
72;bus;0.7596768140792847;1321;205;1524;396;NO;1322;205;1523;393;;0.000179;0.012286
73;bus;0.7680552005767822;1320;208;1524;394;NO;1320;208;1523;388;;0.000156;0.012218
74;bus;0.7859919667243958;1321;209;1520;393;NO;1322;209;1519;387;;0.000180;0.012610
75;bus;0.7740035653114319;1320;210;1515;392;NO;1321;210;1514;387;;0.000431;0.012957
76;bus;0.7823843359947205;1319;210;1513;393;NO;1320;210;1512;390;;0.000171;0.082980
77;bus;0.7467359304428101;1319;211;1511;390;NO;1320;211;1510;385;;0.000203;0.012073
81;bus;0.7696449160575867;1317;214;1501;390;NO;1318;214;1500;384;;0.000194;0.011833
82;bus;0.7918550372123718;1315;215;1499;389;NO;1316;215;1498;386;;0.000159;0.011849
83;bus;0.7761338353157043;1316;214;1497;391;NO;1317;214;1496;386;;0.000158;0.013394
84;bus;0.7742271423339844;1314;214;1495;389;NO;1315;214;1494;383;;0.000330;0.012766
85;bus;0.7371875047683716;1314;215;1490;387;NO;1314;215;1489;380;;0.000152;0.012161
86;bus;0.7069119215011597;1314;216;1489;388;NO;1314;216;1488;381;;0.000196;0.012481
97;car;0.7249678373336792;1448;319;1514;382;NO;1448;319;1513;380;;0.000268;0.007852
97;bus;0.7033511400222778;1311;223;1464;381;NO;1312;223;1464;380;;0.000268;0.067796
98;bus;0.754375696182251;1310;225;1463;380;NO;1311;225;1463;380;;0.000197;0.010411
98;car;0.7101313471794128;1449;320;1514;381;NO;1449;320;1513;381;;0.000197;0.006960
99;bus;0.7274625897407532;1310;226;1462;380;NO;1310;226;1462;380;;0.000151;0.010552
99;car;0.7210901975631714;1445;320;1514;380;NO;1459;320;1513;378;;0.000151;0.006613
100;bus;0.783915102481842;1309;226;1460;380;NO;1309;226;1460;379;;0.000197;0.010668
100;car;0.7123953700065613;1442;319;1514;380;NO;1444;319;1513;378;;0.000197;0.008814
101;bus;0.8089321851730347;1308;226;1459;378;NO;1308;226;1459;377;;0.000156;0.010870
102;bus;0.7013636231422424;1309;227;1458;379;NO;1309;227;1457;378;;0.000158;0.011155
103;bus;0.7829713821411133;1309;228;1457;378;NO;1309;228;1457;377;;0.000153;0.011456
104;bus;0.7648444175720215;1310;228;1457;379;NO;1310;228;1456;377;;0.000249;0.011286
104;car;0.7171441912651062;1436;320;1518;382;NO;1455;320;1517;380;;0.000249;0.007896
105;car;0.7269627451896667;1437;320;1519;382;NO;1437;320;1519;381;;0.000165;0.007649
106;bus;0.7725866436958313;1308;229;1453;379;NO;1308;229;1452;378;;0.000182;0.010975
106;car;0.7277166247367859;1435;320;1519;382;NO;1436;320;1518;382;;0.000182;0.006960
107;bus;0.7514396905899048;1309;230;1449;379;NO;1309;230;1449;378;;0.000108;0.011486
107;car;0.736254870891571;1434;320;1519;382;NO;1434;320;1518;380;;0.000108;0.006956
108;car;0.7318606972694397;1434;320;1519;381;NO;1434;320;1517;380;;0.000176;0.006763
109;car;0.7315117716789246;1433;320;1518;381;NO;1433;320;1517;380;;0.000157;0.007311
110;bus;0.761297345161438;1303;232;1446;377;NO;1303;232;1446;376;;0.000223;0.012340
110;car;0.7443272471427917;1431;321;1517;381;NO;1431;321;1516;380;;0.000223;0.007724
111;car;0.7568498253822327;1431;321;1518;381;NO;1431;321;1517;381;;0.000151;0.007925
111;bus;0.7550589442253113;1303;233;1443;377;NO;1303;233;1441;376;;0.000151;0.011949
112;car;0.7587039470672607;1430;321;1517;381;NO;1430;321;1516;381;;0.000204;0.007048
113;car;0.7682345509529114;1428;321;1517;382;NO;1428;321;1516;382;;0.000211;0.007222
114;car;0.7779580354690552;1428;321;1517;382;NO;1428;321;1516;382;;0.000160;0.009420
115;car;0.7960327863693237;1425;320;1517;382;NO;1425;320;1516;382;;0.000186;0.006883
116;car;0.7886006832122803;1424;321;1517;382;NO;1424;321;1516;382;;0.000156;0.007174
117;car;0.7873837947845459;1420;321;1517;382;NO;1420;321;1516;381;;0.000159;0.006947
118;car;0.7968006134033203;1420;320;1516;382;NO;1420;320;1515;382;;0.000271;0.007833
119;car;0.7999687194824219;1421;320;1516;382;NO;1421;320;1515;382;;0.000177;0.007686
120;car;0.7973433136940002;1418;321;1516;382;NO;1418;321;1515;382;;0.000165;0.088186
121;car;0.7646157145500183;1419;321;1517;382;NO;1419;321;1516;382;;0.000428;0.007826
122;car;0.7450394630432129;1417;321;1517;382;NO;1417;321;1516;382;;0.000221;0.008334
123;car;0.7388373017311096;1419;321;1517;382;NO;1419;321;1516;382;;0.000190;0.008706
124;car;0.7410591840744019;1421;322;1517;382;NO;1421;322;1516;381;;0.000157;0.007214
125;car;0.7501545548439026;1422;321;1517;382;NO;1422;321;1516;382;;0.000237;0.008081
126;car;0.7457810044288635;1423;322;1517;381;NO;1423;322;1516;380;;0.000188;0.007579
127;car;0.7439225316047668;1421;322;1516;381;NO;1421;322;1515;381;;0.000282;0.008126
128;car;0.7420047521591187;1422;322;1516;382;NO;1422;322;1516;382;;0.000305;0.007414
128;bus;0.7162753939628601;1289;239;1419;371;NO;1289;239;1418;370;;0.000305;0.013440
129;bus;0.748579740524292;1289;241;1416;371;NO;1289;241;1414;370;;0.000156;0.075314
129;car;0.7358153462409973;1430;321;1516;381;NO;1431;321;1515;380;;0.000156;0.007659
130;car;0.7179685235023499;1432;321;1516;381;NO;1433;321;1515;380;;0.000154;0.007442
130;bus;0.7095319628715515;1287;241;1416;370;NO;1287;241;1415;369;;0.000154;0.083828
131;car;0.715197741985321;1432;321;1515;381;NO;1433;321;1514;380;;0.000208;0.007853
131;bus;0.7004045248031616;1288;242;1415;369;NO;1288;242;1414;368;;0.000208;0.010653
132;car;0.7162792682647705;1429;321;1515;381;NO;1429;321;1514;381;;0.000153;0.007829
132;bus;0.7110481858253479;1287;241;1412;369;NO;1287;241;1410;368;;0.000153;0.010506
133;car;0.7229557037353516;1421;321;1515;382;NO;1421;321;1515;381;;0.000161;0.008422
133;bus;0.7072856426239014;1287;242;1411;368;NO;1287;242;1411;367;;0.000161;0.010801
134;car;0.7132036089897156;1425;321;1514;381;NO;1425;321;1513;381;;0.000198;0.013468
135;car;0.7189955711364746;1425;320;1513;382;NO;1425;320;1512;382;;0.000160;0.013183
136;car;0.7097123861312866;1423;321;1513;382;NO;1423;321;1512;382;;0.000184;0.013116
137;car;0.7174818515777588;1418;320;1513;382;NO;1418;320;1512;382;;0.000207;0.012512
137;bus;0.7121531963348389;1287;246;1409;367;NO;1287;246;1408;363;;0.000207;0.017356
138;car;0.707011342048645;1421;320;1514;382;NO;1421;320;1513;382;;0.000155;0.013040
139;car;0.7070020437240601;1418;320;1514;382;NO;1418;320;1513;382;;0.000152;0.012273
140;bus;0.7005804181098938;1284;249;1405;368;NO;1284;249;1404;363;;0.000215;0.016582
141;bus;0.7016099095344543;1283;249;1402;367;NO;1283;249;1401;363;;0.000190;0.016645
149;bus;0.7166491150856018;1276;250;1392;365;NO;1276;250;1391;362;;0.000137;0.007446
150;bus;0.7389500737190247;1276;250;1392;365;NO;1276;250;1391;364;;0.000220;0.007142
151;bus;0.7526464462280273;1275;250;1391;364;NO;1275;250;1391;359;;0.000158;0.006909
152;bus;0.7775289416313171;1274;250;1389;364;NO;1274;250;1388;361;;0.000232;0.007800
153;bus;0.8252187967300415;1274;251;1386;364;NO;1274;251;1386;363;;0.000161;0.007883
154;bus;0.8121193051338196;1274;250;1385;364;NO;1274;250;1384;363;;0.000166;0.006875
155;bus;0.7739453315734863;1273;251;1384;361;NO;1273;251;1383;358;;0.000159;0.008320
156;bus;0.7818579077720642;1271;251;1382;362;NO;1271;251;1381;361;;0.000151;0.006649
157;bus;0.7565973997116089;1270;252;1381;362;NO;1270;252;1380;359;;0.000216;0.007228
158;bus;0.7538172602653503;1270;252;1379;362;NO;1270;252;1379;361;;0.000203;0.006576
159;bus;0.7090893387794495;1270;252;1378;362;NO;1270;252;1378;362;;0.000199;0.008354
160;bus;0.7475545406341553;1271;251;1380;362;NO;1271;251;1380;362;;0.000109;0.006941
161;bus;0.7829259634017944;1270;252;1379;362;NO;1270;252;1379;362;;0.000167;0.007014
162;bus;0.773150622844696;1269;252;1378;361;NO;1269;252;1377;361;;0.000160;0.007524
163;bus;0.7581536769866943;1269;252;1377;361;NO;1269;252;1377;361;;0.000157;0.006484
164;bus;0.7590615153312683;1270;252;1375;361;NO;1270;252;1373;361;;0.000175;0.007332
165;bus;0.7845379114151001;1269;252;1374;362;NO;1269;252;1372;362;;0.000162;0.007372
166;bus;0.7641716003417969;1266;254;1373;360;NO;1266;254;1372;359;;0.000182;0.007548
167;bus;0.7723640203475952;1263;254;1370;360;NO;1263;254;1369;360;;0.000223;0.007570
168;bus;0.7819696664810181;1264;254;1371;359;NO;1264;254;1370;356;;0.000156;0.006931
169;bus;0.7942745089530945;1261;254;1369;358;NO;1261;254;1368;355;;0.000166;0.006999
170;bus;0.7896712422370911;1260;254;1368;357;NO;1260;254;1367;354;;0.000171;0.008624
171;bus;0.7733396291732788;1258;255;1366;358;NO;1258;255;1365;355;;0.000183;0.007906
172;bus;0.7568880915641785;1258;256;1365;357;NO;1258;256;1364;357;;0.000157;0.006983
173;bus;0.7237162590026855;1258;256;1364;357;NO;1258;256;1363;356;;0.000154;0.008181
174;bus;0.7213014960289001;1259;257;1362;357;NO;1259;257;1361;354;;0.000166;0.008401
175;bus;0.722175657749176;1258;257;1361;357;NO;1258;257;1360;355;;0.000200;0.008843
176;bus;0.7292104363441467;1257;257;1360;358;NO;1257;257;1359;358;;0.000160;0.009020
177;bus;0.7067882418632507;1256;257;1359;358;NO;1256;257;1358;358;;0.000252;0.009426
255;car;0.7050362825393677;1432;322;1509;380;NO;1434;322;1509;378;;0.000142;0.012724
256;car;0.7196438312530518;1431;322;1510;380;NO;1432;322;1509;380;;0.000158;0.012285
257;car;0.7306371927261353;1431;322;1510;380;NO;1432;322;1509;380;;0.000159;0.012604
258;car;0.7354579567909241;1431;322;1509;380;NO;1433;322;1508;380;;0.000188;0.012109
259;car;0.7269264459609985;1431;323;1510;380;NO;1432;323;1509;379;;0.000197;0.011825
260;car;0.7189834117889404;1431;323;1511;380;NO;1432;323;1510;378;;0.000161;0.012272
261;car;0.724377453327179;1431;323;1511;379;NO;1431;323;1510;379;;0.000147;0.011689
262;car;0.7211053967475891;1431;323;1510;379;NO;1433;323;1509;377;;0.000155;0.011933
263;car;0.7311452031135559;1431;323;1510;379;NO;1432;323;1509;379;;0.000194;0.012383
264;car;0.7060220241546631;1431;323;1509;379;NO;1432;323;1508;379;;0.000198;0.007555
392;car;0.7740961313247681;1804;411;1919;547;NO;1804;411;1918;545;;0.000154;0.021043
393;car;0.7860152125358582;1779;402;1918;538;NO;1779;402;1917;533;;0.000254;0.023223
394;car;0.7949013113975525;1755;378;1919;538;NO;1755;378;1918;530;;0.000195;0.083539
395;car;0.8375707864761353;1730;355;1919;536;NO;1730;355;1919;527;;0.000165;0.030365
396;car;0.8694214820861816;1711;348;1919;534;NO;1711;348;1919;526;;0.000155;0.032775
397;car;0.90630042552948;1690;347;1919;548;NO;1690;347;1918;527;;0.000142;0.083384
398;car;0.915857195854187;1674;342;1919;553;NO;1674;345;1918;534;;0.000180;0.035871
399;car;0.9201148748397827;1653;342;1918;547;NO;1653;343;1917;540;;0.000207;0.043900
400;car;0.901195228099823;1635;338;1919;538;NO;1635;338;1918;532;;0.000158;0.034864
401;car;0.8883323669433594;1615;336;1919;531;NO;1615;336;1919;531;;0.000196;0.078052
402;car;0.9007583856582642;1607;336;1919;526;NO;1607;337;1919;521;;0.000202;0.082926
403;car;0.8917770385742188;1591;334;1919;521;NO;1725;334;1918;520;;0.000204;0.008722
404;car;0.8958442807197571;1576;333;1919;524;NO;1703;333;1918;524;;0.000353;0.008688
405;car;0.904046893119812;1566;333;1919;516;NO;1685;333;1918;514;;0.000221;0.009502
406;car;0.9140859842300415;1554;333;1920;511;NO;1554;333;1919;511;;0.000148;0.076921
407;car;0.9075257182121277;1545;334;1903;506;NO;1545;334;1902;502;;0.000156;0.014537
408;car;0.9125258326530457;1536;333;1882;500;NO;1536;333;1881;499;;0.000193;0.013670
409;car;0.9240209460258484;1520;332;1857;495;NO;1520;332;1856;494;;0.000161;0.013374
410;car;0.9282141327857971;1514;333;1834;490;NO;1514;333;1833;490;;0.000256;0.078051
411;car;0.9106278419494629;1505;331;1812;486;NO;1506;331;1811;483;;0.000188;0.010433
412;car;0.8773982524871826;1495;328;1794;484;NO;1562;328;1793;481;;0.000154;0.080734
413;car;0.8635432720184326;1485;329;1774;478;NO;1551;329;1773;476;;0.000104;0.076420
414;car;0.8776693940162659;1479;330;1755;476;NO;1479;330;1753;475;;0.000204;0.079741
415;car;0.8726915717124939;1472;331;1739;471;NO;1530;331;1738;469;;0.000309;0.012754
416;car;0.8546267747879028;1467;326;1723;468;NO;1467;326;1722;467;;0.000167;0.012815
417;car;0.8729439377784729;1462;327;1706;465;NO;1462;327;1705;465;;0.000212;0.013280
418;car;0.8735764026641846;1451;327;1696;460;NO;1451;327;1694;460;;0.000161;0.013233
419;car;0.873957633972168;1445;327;1683;459;NO;1445;327;1682;458;;0.000158;0.013604
420;car;0.8844630718231201;1442;327;1666;456;NO;1442;327;1665;456;;0.000221;0.012875
421;car;0.8743394017219543;1432;328;1656;453;NO;1432;328;1656;453;;0.000162;0.074887
421;motorcycle;0.7068783640861511;1677;388;1829;510;NO;1677;388;1829;505;;0.000162;0.067869
422;car;0.8755471110343933;1429;326;1643;449;NO;1429;326;1643;448;;0.000239;0.011099
423;car;0.8758338689804077;1425;325;1631;447;NO;1425;325;1630;447;;0.000370;0.010824
424;car;0.8723817467689514;1418;325;1621;443;NO;1418;325;1621;443;;0.000231;0.011335
425;car;0.8761416077613831;1415;326;1612;441;NO;1415;326;1611;441;;0.000194;0.011036
426;car;0.8581148386001587;1409;328;1601;437;NO;1409;328;1601;437;;0.000174;0.077005
427;car;0.8346344828605652;1403;328;1593;436;NO;1403;328;1593;436;;0.000158;0.010744
428;car;0.8226407766342163;1401;331;1585;433;NO;1401;331;1585;433;;0.000161;0.011422
429;car;0.821029543876648;1394;333;1578;429;NO;1394;333;1578;429;;0.000170;0.073224
430;car;0.7224541306495667;1393;326;1573;427;NO;1393;326;1572;427;;0.000154;0.011539
431;car;0.7942754030227661;1390;324;1556;423;NO;1390;324;1555;423;;0.000157;0.011580
432;car;0.7867743968963623;1384;323;1544;422;NO;1384;323;1543;422;;0.000337;0.010721
433;car;0.7563633322715759;1380;324;1537;421;NO;1380;324;1536;421;;0.000190;0.010526
434;car;0.7877735495567322;1376;321;1523;416;NO;1376;321;1523;415;;0.000159;0.061219
435;car;0.7752103805541992;1374;321;1514;414;NO;1374;321;1514;412;;0.000242;0.008972
436;car;0.8278396725654602;1372;320;1509;414;NO;1372;320;1509;414;;0.000170;0.008919
437;car;0.833537757396698;1369;320;1500;413;NO;1369;320;1500;412;;0.000149;0.009049
438;car;0.8040892481803894;1368;321;1499;413;NO;1368;321;1498;411;;0.000197;0.009048
439;car;0.77384352684021;1364;322;1489;411;NO;1364;322;1488;410;;0.000158;0.082590
440;car;0.7931137681007385;1361;323;1477;411;NO;1361;323;1476;409;;0.000202;0.008646
441;car;0.7373561859130859;1359;324;1474;408;NO;1359;324;1473;406;;0.000313;0.008458
466;car;0.7033560872077942;1319;319;1408;384;NO;1319;319;1407;382;;0.000145;0.008268
467;car;0.71471107006073;1320;320;1406;384;NO;1320;320;1405;382;;0.000155;0.007459
471;car;0.7154228091239929;1314;320;1398;383;NO;1314;320;1397;382;;0.000174;0.008868
569;car;0.7103301286697388;1144;313;1191;346;NO;1144;313;1190;346;;0.000231;0.012069
570;car;0.7076770067214966;1144;313;1191;346;NO;1144;313;1190;346;;0.000253;0.011649
571;car;0.7074223160743713;1145;313;1191;346;NO;1145;313;1190;346;;0.000227;0.011989
572;car;0.7023298740386963;1145;313;1191;346;NO;1145;313;1190;346;;0.000304;0.011696
573;car;0.7174151539802551;1145;313;1191;346;NO;1145;313;1190;346;;0.000326;0.012149
574;car;0.7134228348731995;1145;313;1191;346;NO;1145;313;1190;346;;0.000194;0.012005
575;car;0.7160699367523193;1145;313;1191;346;NO;1145;313;1190;346;;0.000139;0.011809
576;car;0.718124508857727;1145;313;1191;346;NO;1145;313;1190;346;;0.000149;0.011539
578;car;0.7064844369888306;1146;313;1192;347;NO;1146;313;1191;347;;0.000126;0.011801
579;car;0.7144994735717773;1145;313;1192;347;NO;1145;313;1191;347;;0.000161;0.011523
580;car;0.7084405422210693;1146;313;1192;347;NO;1146;313;1191;347;;0.000157;0.011512
625;car;0.7012174129486084;1142;314;1193;352;NO;1142;314;1192;351;;0.000127;0.011552
626;car;0.7467003464698792;1815;411;1919;551;NO;1815;411;1919;550;;0.000164;0.019082
626;car;0.704387903213501;1142;313;1193;353;NO;1142;313;1192;353;;0.000164;0.011919
627;car;0.8296045660972595;1791;394;1919;544;NO;1791;394;1919;541;;0.000214;0.018955
627;car;0.722005307674408;1142;313;1192;353;NO;1142;313;1191;352;;0.000214;0.012595
628;car;0.8785111904144287;1771;377;1919;542;NO;1771;377;1918;539;;0.000163;0.079647
628;car;0.7325391173362732;1142;313;1192;353;NO;1142;313;1191;352;;0.000163;0.011433
629;car;0.864757776260376;1753;363;1919;544;NO;1753;363;1918;536;;0.000186;0.028584
629;car;0.7290000319480896;1142;313;1192;353;NO;1142;313;1191;352;;0.000186;0.011791
630;car;0.8671351075172424;1735;347;1919;534;NO;1735;347;1917;529;;0.000222;0.009980
630;car;0.7353607416152954;1142;313;1193;353;NO;1142;313;1192;353;;0.000222;0.007353
631;car;0.9037964940071106;1719;345;1918;551;NO;1719;346;1916;526;;0.000158;0.011012
631;car;0.7402616739273071;1142;313;1193;354;NO;1142;313;1192;354;;0.000158;0.006542
632;car;0.9005890488624573;1699;345;1919;557;NO;1699;345;1918;544;;0.000144;0.012354
632;car;0.7455087900161743;1142;313;1193;354;NO;1142;313;1192;353;;0.000144;0.007396
633;car;0.9060724377632141;1686;344;1919;554;NO;1686;344;1918;552;;0.000223;0.012797
633;car;0.7499605417251587;1142;312;1193;354;NO;1142;312;1192;353;;0.000223;0.007227
634;car;0.8948192000389099;1673;345;1919;546;NO;1673;346;1918;541;;0.000149;0.013197
634;car;0.7363396883010864;1142;312;1194;354;NO;1142;312;1193;353;;0.000149;0.006961
635;car;0.8990625739097595;1660;343;1919;540;NO;1660;344;1918;537;;0.000149;0.015605
635;car;0.7307060956954956;1142;312;1194;354;NO;1142;312;1193;353;;0.000149;0.007163
636;car;0.9035869836807251;1645;343;1919;532;NO;1645;343;1918;532;;0.000161;0.085361
636;car;0.709446907043457;1142;311;1194;354;NO;1142;311;1193;352;;0.000161;0.008200
637;car;0.9118675589561462;1634;340;1919;530;NO;1634;340;1918;528;;0.000379;0.012904
637;car;0.7032024264335632;1141;311;1194;354;NO;1141;311;1193;353;;0.000379;0.007917
638;car;0.9020264744758606;1622;338;1919;524;NO;1622;338;1918;521;;0.000160;0.013989
638;car;0.7048183083534241;1141;311;1193;354;NO;1141;311;1192;352;;0.000160;0.006773
639;car;0.8997901678085327;1612;339;1919;521;NO;1612;339;1919;521;;0.000194;0.014797
640;car;0.9003388285636902;1600;337;1919;521;NO;1600;337;1918;516;;0.000189;0.013730
641;car;0.8872426748275757;1591;337;1917;514;NO;1591;337;1916;514;;0.000163;0.017696
642;car;0.8805504441261292;1581;335;1918;510;NO;1581;335;1917;509;;0.000200;0.015692
642;car;0.7056947350502014;1138;312;1194;355;NO;1138;312;1193;355;;0.000200;0.011271
643;car;0.8966169357299805;1571;335;1904;504;NO;1571;335;1903;504;;0.000163;0.015562
644;car;0.8934028744697571;1564;334;1887;501;NO;1564;334;1885;500;;0.000165;0.016039
645;car;0.8899229764938354;1553;333;1864;496;NO;1553;333;1863;495;;0.000171;0.018084
646;car;0.9140022993087769;1547;334;1848;492;NO;1739;418;1797;437;;0.000162;0.065087
647;car;0.920705258846283;1538;332;1829;488;NO;1720;416;1780;435;;0.000226;0.010048
648;car;0.9020769000053406;1529;334;1812;484;NO;1708;414;1764;432;;0.000171;0.007016
649;car;0.898568332195282;1524;335;1795;483;NO;1524;335;1794;481;;0.000179;0.013318
650;car;0.8930076956748962;1515;335;1783;477;NO;1680;408;1735;427;;0.000190;0.007423
651;car;0.8891206383705139;1510;337;1766;475;NO;1661;406;1722;426;;0.000247;0.010993
652;car;0.8803433775901794;1501;336;1753;472;NO;1650;404;1708;423;;0.000226;0.011982
653;car;0.8890548944473267;1495;336;1738;468;NO;1640;402;1695;421;;0.000215;0.008553
654;car;0.8690183162689209;1489;334;1726;465;NO;1489;334;1726;465;;0.000169;0.012287
655;car;0.8748456239700317;1482;334;1712;464;NO;1482;334;1711;464;;0.000209;0.012987
656;car;0.8807222247123718;1478;334;1702;460;NO;1480;334;1701;460;;0.000248;0.010298
657;car;0.8790761828422546;1475;333;1691;459;NO;1475;333;1690;458;;0.000161;0.010509
658;car;0.8841665387153625;1468;332;1681;456;NO;1589;395;1639;412;;0.000158;0.006408
659;car;0.8815972805023193;1465;331;1670;452;NO;1579;394;1630;412;;0.000203;0.011482
660;car;0.8734866976737976;1455;332;1659;450;NO;1455;332;1659;448;;0.000180;0.010171
660;car;0.707356333732605;1130;309;1195;360;NO;1130;309;1194;360;;0.000180;0.006868
661;car;0.8884967565536499;1450;327;1649;445;NO;1450;327;1649;445;;0.000294;0.010345
661;car;0.7297666072845459;1130;310;1194;360;NO;1130;310;1193;360;;0.000294;0.012641
662;car;0.8429305553436279;1452;332;1641;445;NO;1452;332;1641;443;;0.000304;0.009835
662;car;0.7351292371749878;1129;311;1194;361;NO;1129;311;1193;361;;0.000304;0.006889
663;car;0.8889861702919006;1442;330;1632;440;NO;1442;330;1632;438;;0.000215;0.010484
663;car;0.7468121647834778;1130;311;1194;361;NO;1130;311;1193;361;;0.000215;0.007428
664;car;0.9205859303474426;1442;330;1624;441;NO;1442;330;1623;441;;0.000165;0.010599
664;car;0.737604022026062;1130;311;1194;361;NO;1130;311;1193;361;;0.000165;0.006897
665;car;0.8919040560722351;1434;331;1614;436;NO;1434;331;1614;436;;0.000273;0.010322
665;car;0.7363137602806091;1131;312;1194;361;NO;1131;312;1193;360;;0.000273;0.007247
666;car;0.9070671796798706;1430;327;1604;436;NO;1430;327;1604;436;;0.000195;0.010224
666;car;0.732982873916626;1130;311;1194;362;NO;1130;311;1193;361;;0.000195;0.011308
667;car;0.8968825340270996;1426;327;1599;434;NO;1426;327;1598;434;;0.000152;0.010190
667;car;0.7226038575172424;1128;311;1194;362;NO;1128;311;1193;362;;0.000152;0.006978
668;car;0.8719359636306763;1419;326;1591;433;NO;1419;326;1591;433;;0.000170;0.010084
668;car;0.7190895080566406;1124;312;1197;362;NO;1124;312;1196;362;;0.000170;0.007042
669;car;0.8930860161781311;1421;326;1585;428;NO;1421;326;1584;428;;0.000325;0.010699
669;car;0.7205649614334106;1126;311;1194;363;NO;1126;311;1193;363;;0.000325;0.007077
670;car;0.8759210109710693;1421;331;1578;428;NO;1421;331;1577;428;;0.000198;0.009458
670;car;0.7356358766555786;1125;310;1194;363;NO;1125;310;1193;363;;0.000198;0.006874
671;car;0.8492589592933655;1409;326;1571;426;NO;1409;326;1570;426;;0.000289;0.010447
671;car;0.7203516960144043;1126;310;1194;363;NO;1126;310;1193;362;;0.000289;0.006716
672;car;0.8158944845199585;1407;328;1566;424;NO;1407;328;1566;424;;0.000192;0.008435
673;car;0.8117815256118774;1406;328;1562;423;NO;1406;328;1561;423;;0.000191;0.008648
674;car;0.7895399928092957;1400;329;1552;423;NO;1400;329;1551;423;;0.000166;0.008146
675;car;0.8279909491539001;1395;325;1545;419;NO;1395;325;1545;419;;0.000208;0.008141
676;car;0.8547910451889038;1394;326;1541;418;NO;1394;326;1541;418;;0.000152;0.008097
677;car;0.8134390115737915;1400;326;1535;417;NO;1400;326;1534;417;;0.000152;0.008312
678;car;0.7820753455162048;1412;327;1530;415;NO;1412;327;1529;415;;0.000226;0.007352
679;car;0.8277415633201599;1391;326;1524;413;NO;1391;326;1523;413;;0.000244;0.008217
680;car;0.8068786263465881;1390;326;1519;411;NO;1390;326;1519;411;;0.000199;0.008326
681;car;0.8192969560623169;1383;325;1514;410;NO;1383;325;1514;409;;0.000179;0.008363
682;car;0.8736993670463562;1377;323;1511;409;NO;1377;323;1511;409;;0.000193;0.008558
683;car;0.8594786524772644;1378;324;1510;408;NO;1378;324;1509;408;;0.000177;0.008415
684;car;0.827133297920227;1382;324;1510;407;NO;1382;324;1509;407;;0.000365;0.007545
685;car;0.8038563132286072;1386;324;1503;406;NO;1386;324;1502;406;;0.000272;0.007607
686;car;0.7594968676567078;1372;323;1501;406;NO;1372;323;1500;406;;0.000196;0.008276
687;car;0.8038408160209656;1369;324;1495;404;NO;1369;324;1494;404;;0.000187;0.007968
688;car;0.7853897213935852;1370;323;1493;404;NO;1370;323;1492;404;;0.000216;0.007674
689;car;0.7853320837020874;1369;325;1482;403;NO;1369;325;1481;403;;0.000207;0.008485
689;car;0.7190662622451782;1116;310;1193;367;NO;1116;310;1192;367;;0.000207;0.006588
690;car;0.8070670962333679;1365;324;1478;400;NO;1365;324;1477;400;;0.000275;0.008084
690;car;0.746455729007721;1115;310;1192;368;NO;1115;310;1191;367;;0.000275;0.006845
691;car;0.8299867510795593;1361;324;1476;398;NO;1361;324;1475;398;;0.000151;0.007942
691;car;0.7550663352012634;1116;310;1192;368;NO;1116;310;1191;367;;0.000151;0.007087
692;car;0.7956914305686951;1357;325;1474;397;NO;1357;325;1473;397;;0.000146;0.007959
692;car;0.7311787009239197;1115;308;1191;369;NO;1115;308;1190;367;;0.000146;0.006830
693;car;0.7850591540336609;1361;324;1472;395;NO;1361;324;1471;395;;0.000193;0.008128
693;car;0.72422194480896;1114;310;1190;368;NO;1114;310;1189;367;;0.000193;0.006685
694;car;0.7685756087303162;1362;325;1466;395;NO;1362;325;1465;395;;0.000152;0.007828
694;car;0.7290181517601013;1113;309;1190;369;NO;1113;309;1189;368;;0.000152;0.011151
695;car;0.789734423160553;1362;324;1465;394;NO;1362;324;1464;394;;0.000101;0.008474
695;car;0.7558135986328125;1112;309;1189;369;NO;1112;309;1188;368;;0.000101;0.007801
696;car;0.7557831406593323;1110;309;1189;369;NO;1110;309;1188;368;;0.000177;0.010810
696;car;0.744886040687561;1366;325;1458;393;NO;1366;325;1457;393;;0.000177;0.076417
697;car;0.7574746012687683;1106;309;1188;370;NO;1106;309;1187;370;;0.000472;0.007367
698;car;0.752619743347168;1106;307;1188;371;NO;1106;307;1187;368;;0.000155;0.007039
699;car;0.7278892993927002;1106;306;1187;371;NO;1106;306;1186;368;;0.000193;0.006999
700;car;0.7545398473739624;1105;305;1187;372;NO;1105;305;1186;369;;0.000188;0.007080
700;car;0.7174343466758728;1348;325;1449;390;NO;1348;325;1448;390;;0.000188;0.008158
701;car;0.7424061894416809;1104;306;1187;373;NO;1104;306;1186;370;;0.000278;0.007500
701;car;0.7374567985534668;1348;324;1447;390;NO;1348;324;1446;390;;0.000278;0.008653
702;car;0.7534967660903931;1345;322;1445;391;NO;1345;322;1444;391;;0.000264;0.010400
702;car;0.7344781160354614;1102;306;1187;374;NO;1102;306;1186;374;;0.000264;0.008218
703;car;0.7723157405853271;1343;325;1441;390;NO;1343;325;1440;390;;0.000149;0.008395
703;car;0.7456270456314087;1101;306;1187;376;NO;1101;306;1185;375;;0.000149;0.007950
704;car;0.7520171999931335;1100;306;1187;377;NO;1100;306;1186;376;;0.000147;0.009509
704;car;0.750394344329834;1343;324;1439;389;NO;1343;324;1438;389;;0.000147;0.008628
705;car;0.7987096905708313;1097;306;1186;378;NO;1098;306;1185;377;;0.000162;0.008051
705;car;0.7375919222831726;1344;323;1440;389;NO;1344;323;1439;389;;0.000162;0.008885
706;car;0.8014184236526489;1095;305;1184;379;NO;1096;305;1183;378;;0.000140;0.008241
706;car;0.7368621826171875;1344;323;1433;388;NO;1344;323;1432;388;;0.000140;0.008223
707;car;0.794463038444519;1095;305;1183;380;NO;1095;305;1182;377;;0.000190;0.008244
707;car;0.7318863272666931;1344;324;1432;387;NO;1344;324;1431;387;;0.000190;0.007569
708;car;0.7464714050292969;1094;305;1181;380;NO;1095;305;1180;379;;0.000182;0.007983
708;car;0.7389587759971619;1343;323;1432;387;NO;1343;323;1431;387;;0.000182;0.007669
709;car;0.7758027911186218;1093;304;1182;381;NO;1093;304;1181;379;;0.000154;0.008102
710;car;0.7620076537132263;1090;304;1181;382;NO;1090;304;1180;380;;0.000152;0.008133
711;car;0.8101319074630737;1089;306;1182;380;NO;1089;306;1181;379;;0.000329;0.008347
712;car;0.7801080346107483;1087;306;1184;381;NO;1087;306;1183;381;;0.000100;0.011542
713;car;0.8032961487770081;1085;307;1183;382;NO;1085;307;1182;382;;0.000181;0.008740
714;car;0.7869828939437866;1083;306;1183;383;NO;1083;306;1182;383;;0.000198;0.009144
715;car;0.7446863055229187;1083;306;1181;384;NO;1083;306;1180;383;;0.000151;0.008813
716;car;0.7866857647895813;1077;307;1177;385;NO;1077;307;1176;384;;0.000156;0.009207
717;car;0.7562909126281738;1076;308;1177;384;NO;1108;353;1138;362;;0.000159;0.073348
717;car;0.7108986377716064;1333;324;1410;382;NO;1333;324;1409;382;;0.000159;0.007743
718;car;0.7999914288520813;1075;308;1174;385;NO;1075;308;1173;384;;0.000153;0.009417
718;car;0.7085354924201965;1333;324;1413;381;NO;1333;324;1412;381;;0.000153;0.007341
719;car;0.7548669576644897;1332;323;1409;380;NO;1372;377;1394;380;;0.000191;0.005971
719;car;0.7125102281570435;1074;307;1172;385;NO;1074;307;1171;384;;0.000191;0.008858
720;car;0.7471676468849182;1072;307;1172;386;NO;1072;307;1171;386;;0.000326;0.008597
720;car;0.7012537717819214;1331;324;1408;379;NO;1331;324;1407;379;;0.000326;0.008112
721;car;0.7410736680030823;1070;307;1169;386;NO;1103;355;1133;364;;0.000184;0.006187
721;car;0.7193233370780945;1329;324;1406;378;NO;1329;324;1405;378;;0.000184;0.007314
722;car;0.7556783556938171;1068;306;1169;387;NO;1068;306;1168;385;;0.000151;0.008840
722;car;0.7044338583946228;1328;323;1403;376;NO;1328;323;1402;376;;0.000151;0.007029
723;car;0.7377704381942749;1066;307;1170;387;NO;1066;307;1169;386;;0.000232;0.008822
723;car;0.7234854102134705;1327;324;1401;376;NO;1327;324;1400;376;;0.000232;0.007325
724;car;0.74699866771698;1064;307;1167;389;NO;1097;356;1128;366;;0.000151;0.005876
725;car;0.7275319695472717;1327;323;1399;374;NO;1327;323;1398;374;;0.000156;0.009710
725;car;0.7204670310020447;1062;307;1167;389;NO;1062;307;1166;389;;0.000156;0.008449
726;car;0.7531992197036743;1324;323;1398;375;NO;1324;323;1397;375;;0.000304;0.007738
726;car;0.734062910079956;1061;307;1166;390;NO;1061;307;1165;390;;0.000304;0.008849
727;car;0.7803880572319031;1322;323;1397;373;NO;1322;323;1396;373;;0.000202;0.007706
727;car;0.7080132961273193;1060;307;1166;390;NO;1060;307;1165;390;;0.000202;0.009382
728;car;0.7918441891670227;1056;307;1167;393;NO;1088;358;1122;368;;0.000281;0.006216
728;car;0.7827773094177246;1319;322;1396;373;NO;1319;322;1395;373;;0.000281;0.006967
729;car;0.8111569285392761;1054;306;1168;394;NO;1054;306;1166;393;;0.000102;0.009227
729;car;0.7800431251525879;1317;321;1395;373;NO;1317;321;1394;373;;0.000102;0.007370
730;car;0.8123340606689453;1051;305;1167;394;NO;1084;358;1118;369;;0.000304;0.006876
730;car;0.7682771682739258;1317;320;1392;372;NO;1317;320;1391;372;;0.000304;0.007056
731;car;0.7752615213394165;1317;321;1391;372;NO;1317;321;1390;372;;0.000154;0.007215
731;car;0.7445859909057617;1048;305;1166;395;NO;1082;359;1116;370;;0.000154;0.007012
732;car;0.7789998650550842;1045;306;1164;395;NO;1080;359;1115;371;;0.000102;0.007505
732;car;0.768886923789978;1316;323;1390;371;NO;1316;323;1389;371;;0.000102;0.007867
733;car;0.8215240836143494;1042;306;1165;397;NO;1078;360;1112;371;;0.000177;0.006228
733;car;0.766531765460968;1315;324;1391;371;NO;1315;324;1390;371;;0.000177;0.007637
734;car;0.7647489309310913;1315;323;1390;371;NO;1315;323;1389;371;;0.000194;0.008759
735;car;0.7740287780761719;1316;324;1390;370;NO;1316;324;1389;370;;0.000228;0.007587
736;car;0.758481502532959;1314;325;1389;370;NO;1314;325;1388;369;;0.000152;0.007251
737;car;0.7556535005569458;1031;310;1157;400;NO;1068;363;1104;374;;0.000150;0.006377
737;car;0.7488089203834534;1312;326;1389;370;NO;1312;326;1388;370;;0.000150;0.007009
738;car;0.7520410418510437;1313;324;1388;370;NO;1313;324;1387;370;;0.000384;0.011570
738;car;0.7500935792922974;1026;307;1157;403;NO;1065;364;1101;375;;0.000384;0.006439
739;car;0.7584096193313599;1312;324;1388;369;NO;1312;324;1387;369;;0.000135;0.007782
739;car;0.7072072625160217;1025;306;1157;404;NO;1062;364;1099;376;;0.000135;0.006042
740;car;0.7990681529045105;1023;307;1156;405;NO;1060;365;1096;377;;0.000222;0.006791
740;car;0.7313509583473206;1311;325;1386;369;NO;1311;325;1385;369;;0.000222;0.007260
741;car;0.8205772042274475;1020;306;1156;405;NO;1057;366;1094;379;;0.000158;0.008808
741;car;0.7200771570205688;1309;323;1381;367;NO;1309;323;1380;367;;0.000158;0.006862
742;car;0.8408699035644531;1017;306;1152;407;NO;1053;366;1091;379;;0.000339;0.006899
743;car;0.8350527286529541;1012;305;1148;407;NO;1050;367;1089;380;;0.000149;0.006252
743;car;0.7152800559997559;1308;323;1375;367;NO;1308;323;1374;367;;0.000149;0.009882
744;car;0.7804604172706604;1007;306;1147;409;NO;1049;368;1087;381;;0.000223;0.007452
744;car;0.740871250629425;1308;322;1373;367;NO;1308;322;1372;367;;0.000223;0.006368
745;car;0.8565678596496582;1003;305;1146;410;NO;1043;368;1083;381;;0.000185;0.005804
745;car;0.7474849224090576;1308;321;1372;367;NO;1308;321;1371;367;;0.000185;0.006897
746;car;0.8428281545639038;998;305;1144;411;NO;1040;369;1080;382;;0.000173;0.006120
746;car;0.7529760003089905;1308;322;1374;366;NO;1308;322;1373;366;;0.000173;0.006839
747;car;0.8545532822608948;993;304;1141;413;NO;1035;369;1077;383;;0.000235;0.006200
747;car;0.7425327897071838;1308;321;1374;366;NO;1308;321;1373;366;;0.000235;0.006888
748;car;0.8128060698509216;991;303;1140;414;NO;1032;369;1075;385;;0.000187;0.007369
748;car;0.7370084524154663;1307;320;1371;365;NO;1307;320;1370;365;;0.000187;0.006605
749;car;0.823573648929596;987;302;1138;415;NO;1029;371;1071;384;;0.000191;0.008492
749;car;0.7499253749847412;1307;321;1371;365;NO;1307;321;1370;365;;0.000191;0.006584
750;car;0.8682280778884888;983;302;1135;416;NO;1025;371;1068;385;;0.000258;0.006183
750;car;0.7578129172325134;1307;321;1370;364;NO;1307;321;1369;364;;0.000258;0.007463
751;car;0.8343250751495361;980;300;1132;418;NO;1021;372;1064;385;;0.000157;0.006014
751;car;0.7578557729721069;1306;322;1370;364;NO;1306;322;1369;364;;0.000157;0.009057
752;car;0.8712372779846191;974;296;1134;419;NO;1016;372;1061;387;;0.000225;0.006082
752;car;0.7546343207359314;1306;321;1369;364;NO;1306;321;1368;364;;0.000225;0.006919
753;car;0.8627933263778687;970;298;1132;421;SÍ;1012;373;1058;388;O;0.000197;0.006136
753;car;0.7066390514373779;1306;323;1369;363;NO;1306;323;1368;363;;0.000197;0.006485
754;car;0.9130282998085022;964;300;1137;423;SÍ;1008;374;1054;389;4;0.000213;0.005898
755;car;0.8793012499809265;958;300;1137;425;SÍ;1003;374;1050;391;Q;0.000240;0.007083
756;car;0.8399782776832581;954;298;1133;426;NO;998;376;1046;391;;0.000196;0.007884
757;car;0.8351776599884033;945;298;1129;429;NO;995;377;1042;392;;0.000157;0.006883
758;car;0.8393270373344421;947;299;1130;428;NO;989;378;1038;393;;0.000364;0.006989
759;car;0.812099814414978;938;300;1130;429;SÍ;986;380;1034;395;QD;0.000218;0.007012
760;car;0.7507559061050415;932;298;1119;431;SÍ;979;380;1029;397;V;0.000183;0.007020
761;car;0.7236031293869019;926;298;1115;433;SÍ;973;382;1024;399;6;0.000188;0.006729
763;car;0.7573139071464539;915;296;1111;440;SÍ;962;385;1014;401;WPG;0.000163;0.033267
764;car;0.794892430305481;906;294;1110;440;SÍ;955;386;1010;402;DJ7L;0.000255;0.007752
765;car;0.7359691858291626;899;294;1107;442;SÍ;949;388;1004;404;QDD;0.000158;0.007605
769;car;0.7136799097061157;871;293;1092;455;SÍ;921;394;981;412;E7;0.000158;0.018474
770;car;0.7652980089187622;860;294;1090;458;SÍ;915;396;974;413;E4;0.000219;0.030566
771;car;0.8676462769508362;851;295;1087;460;SÍ;906;398;967;416;EM;0.000248;0.017168
773;car;0.7093843817710876;830;292;1082;466;SÍ;889;401;952;420;Q;0.000154;0.016814
774;car;0.8803216814994812;822;293;1074;470;SÍ;881;403;944;423;EZE;0.000265;0.017907
775;car;0.882768452167511;810;292;1073;475;SÍ;868;404;936;425;04;0.000277;0.104996
776;car;0.8915410041809082;799;292;1068;477;SÍ;857;407;927;429;E;0.000201;0.030617
777;car;0.8798576593399048;787;292;1063;482;SÍ;846;409;918;431;ZAG;0.000186;0.019489
778;car;0.8749731183052063;775;291;1061;486;SÍ;836;412;909;434;EE;0.000184;0.016554
779;car;0.8867180347442627;761;291;1056;489;SÍ;824;415;899;437;6ZG;0.000202;0.034049
780;car;0.8770420551300049;748;290;1050;496;SÍ;810;417;888;441;E7E;0.000210;0.019235
781;car;0.9170543551445007;733;290;1045;499;SÍ;797;420;876;445;E71LO;0.000222;0.019415
782;car;0.9157754778862;719;290;1042;506;SÍ;783;424;865;449;07E;0.000237;0.027047
783;car;0.9002029895782471;702;289;1036;512;SÍ;767;428;852;453;EE;0.000340;0.017236
784;car;0.929129958152771;685;287;1027;516;SÍ;751;431;839;457;EBL;0.000293;0.030682
785;car;0.9328283071517944;663;287;1023;522;SÍ;739;436;823;462;EE;0.000168;0.017100
786;car;0.9312919974327087;644;287;1018;529;SÍ;716;439;809;467;EE;0.000174;0.016425
787;car;0.9431425929069519;625;285;1011;535;SÍ;701;443;791;472;EE;0.000187;0.032571
788;car;0.9164350032806396;601;285;1004;541;SÍ;681;448;773;477;E;0.000332;0.031274
789;car;0.8892968893051147;578;284;1000;549;SÍ;655;452;754;483;EEO;0.000327;0.080732
790;car;0.9223247170448303;551;285;993;560;SÍ;629;456;734;489;E;0.000190;0.035558
791;car;0.9228131771087646;521;284;980;566;SÍ;605;463;712;495;E;0.000321;0.029751
792;car;0.9277003407478333;494;283;973;577;SÍ;578;469;687;503;E;0.000228;0.027758
793;car;0.8824387788772583;459;281;963;590;SÍ;541;474;662;510;43;0.000327;0.019117
794;car;0.9281910061836243;421;279;953;603;SÍ;507;482;633;519;Z;0.000173;0.017828
795;car;0.932055652141571;385;279;942;616;SÍ;470;490;600;530;TI;0.000260;0.124905
796;car;0.9273819923400879;339;277;931;625;SÍ;430;500;564;540;Y;0.000274;0.023871
797;car;0.9352543950080872;290;277;919;647;SÍ;381;509;525;552;CZ3;0.000172;0.006697
798;car;0.8657338619232178;233;274;908;658;SÍ;329;521;481;566;AI;0.000155;0.033565
799;car;0.8524640202522278;176;268;897;682;NO;272;536;430;582;;0.000304;0.009928
800;car;0.9256622791290283;110;265;877;705;NO;110;267;876;694;;0.000207;0.085053
801;car;0.9132462739944458;26;263;864;727;NO;30;263;850;714;;0.000426;0.103507
802;car;0.9248031377792358;1;262;848;756;NO;2;262;839;741;;0.000177;0.091490
803;car;0.9332865476608276;0;258;829;791;NO;0;258;827;784;;0.000208;0.093566
804;car;0.9231744408607483;1;253;809;829;NO;1;255;807;812;;0.000311;0.097924
805;car;0.9202486872673035;1;250;786;886;NO;2;253;486;868;;0.000165;0.084792
806;car;0.9392850995063782;1;245;764;932;NO;2;247;763;927;;0.000253;0.100451
807;car;0.9491955637931824;1;242;735;984;NO;1;245;735;979;;0.000619;0.095291
808;car;0.9603347778320312;0;241;705;1059;NO;2;241;701;967;;0.000316;0.099879
809;car;0.9601209163665771;1;235;674;1056;NO;8;235;674;915;;0.000143;0.097977
810;car;0.943093478679657;1;230;635;946;NO;4;235;634;934;;0.000223;0.090989
811;car;0.944259524345398;1;225;592;941;NO;6;230;591;933;;0.000180;0.102151
812;car;0.9452992081642151;1;219;544;940;NO;1;226;532;939;;0.000109;0.094771
813;car;0.9309061765670776;0;220;491;943;NO;0;339;491;925;;0.000203;0.089358
814;car;0.8803801536560059;0;234;425;946;NO;0;241;423;934;;0.000157;0.090420
815;car;0.771579384803772;0;249;350;995;NO;0;259;350;858;;0.000240;0.082269
816;car;0.8239591121673584;0;335;259;1062;NO;0;336;259;723;;0.000216;0.082316
816;car;0.7080913186073303;1202;319;1272;361;NO;1202;319;1271;361;;0.000216;0.007351
817;car;0.7977909445762634;0;436;150;1040;NO;;;;;;0.000105;0.000000
818;car;0.7057473659515381;1206;318;1272;362;NO;1206;318;1271;362;;0.000180;0.008261
819;car;0.749602735042572;1206;319;1274;363;NO;1206;319;1273;362;;0.000186;0.007057
820;car;0.7787078022956848;1207;320;1274;363;NO;1207;320;1273;363;;0.000198;0.007388
821;car;0.7769858241081238;1208;320;1276;363;NO;1208;320;1275;363;;0.000195;0.007544
822;car;0.7595853805541992;1209;320;1277;363;NO;1209;320;1276;363;;0.000182;0.006843
823;car;0.7261598110198975;1209;321;1278;364;NO;1209;321;1277;364;;0.000195;0.007045
824;car;0.7322385907173157;1211;321;1279;364;NO;1211;321;1278;364;;0.000282;0.007357
825;car;0.71393883228302;1212;320;1280;364;NO;1212;320;1279;362;;0.000160;0.007029
826;car;0.7175158858299255;1212;319;1280;365;NO;1212;319;1279;363;;0.000183;0.007692
831;car;0.7086764574050903;1215;321;1288;371;NO;1215;321;1287;371;;0.000177;0.007006
832;car;0.7119827270507812;1214;323;1289;371;NO;1214;323;1288;371;;0.000156;0.008539
833;car;0.7159725427627563;1215;322;1291;373;NO;1215;322;1290;373;;0.000198;0.007709
837;car;0.7333013415336609;1218;312;1301;380;NO;1218;312;1298;376;;0.000202;0.007129
838;car;0.7181274890899658;1219;316;1303;379;NO;1219;316;1299;378;;0.000155;0.007286
839;car;0.7295511960983276;1219;312;1304;379;NO;1219;312;1301;379;;0.000152;0.007590
840;car;0.7094069719314575;1220;311;1304;380;NO;1220;311;1302;379;;0.000156;0.007108
841;car;0.7237465381622314;1221;314;1304;379;NO;1221;314;1303;379;;0.000167;0.007132
843;car;0.7021340727806091;1223;318;1305;380;NO;1223;318;1304;380;;0.000168;0.006592
844;car;0.7391262650489807;1223;320;1308;382;NO;1223;320;1307;382;;0.000167;0.006940
845;car;0.7550891041755676;1222;320;1310;385;NO;1222;320;1309;385;;0.000357;0.008579
846;car;0.7610958814620972;1224;320;1312;386;NO;1224;320;1311;385;;0.000271;0.006965
847;car;0.7751104235649109;1226;320;1314;387;NO;1226;320;1313;383;;0.000158;0.006906
848;car;0.7711957693099976;1226;319;1314;387;NO;1226;319;1313;384;;0.000147;0.007168
849;car;0.7713496685028076;1228;321;1316;387;NO;1228;321;1315;386;;0.000155;0.006959
850;car;0.7799608111381531;1230;322;1318;391;NO;1230;322;1318;390;;0.000240;0.007331
851;car;0.7746033668518066;1230;321;1320;392;NO;1230;321;1319;390;;0.000149;0.007091
852;car;0.7213191986083984;1231;320;1323;391;NO;1231;320;1322;389;;0.000155;0.011982
853;car;0.7606827616691589;1233;317;1323;393;NO;1233;317;1322;391;;0.000148;0.007285
854;car;0.7778472900390625;1234;317;1326;393;NO;1234;317;1326;392;;0.000303;0.010515
855;car;0.7731894850730896;1233;317;1331;394;NO;1233;317;1330;393;;0.000148;0.008135
856;car;0.8069093823432922;1234;318;1331;394;NO;1234;318;1330;393;;0.000190;0.007619
857;car;0.8055346012115479;1236;317;1333;395;NO;1236;317;1332;392;;0.000158;0.007470
858;car;0.7675677537918091;1236;316;1334;395;NO;1236;316;1333;395;;0.000155;0.008309
859;car;0.7719343304634094;1235;317;1337;395;NO;1235;317;1336;394;;0.000176;0.008473
860;car;0.7720246315002441;1237;316;1339;396;NO;1237;316;1338;396;;0.000273;0.008946
861;car;0.7492001056671143;1237;316;1342;397;NO;1237;316;1341;397;;0.000219;0.008705
862;car;0.7625294923782349;1238;316;1344;400;NO;1238;316;1343;400;;0.000185;0.008594
863;car;0.7733243703842163;1239;318;1345;401;NO;1239;318;1344;401;;0.000248;0.008658
864;car;0.7863601446151733;1241;316;1348;402;NO;1241;316;1347;399;;0.000139;0.008380
865;car;0.7991323471069336;1242;317;1351;402;NO;1242;318;1350;402;;0.000201;0.008455
866;car;0.8128151297569275;1242;316;1352;404;NO;1242;316;1351;403;;0.000159;0.008597
867;car;0.8100554943084717;1243;315;1355;404;NO;1243;315;1354;403;;0.000164;0.008261
868;car;0.8185482025146484;1245;316;1359;405;NO;1245;317;1358;403;;0.000154;0.008815
869;car;0.8529613018035889;1244;315;1361;405;NO;1244;315;1360;402;;0.000151;0.008635
870;car;0.8507839441299438;1244;316;1361;406;NO;1244;316;1361;401;;0.000235;0.008605
871;car;0.8491602540016174;1245;315;1365;409;NO;1245;315;1364;407;;0.000162;0.008717
872;car;0.8528384566307068;1246;316;1368;413;NO;1246;316;1367;413;;0.000144;0.010343
873;car;0.8576558232307434;1246;316;1369;413;NO;1246;316;1368;413;;0.000156;0.010054
874;car;0.863922119140625;1246;316;1374;416;NO;1247;317;1373;416;;0.000182;0.009952
875;car;0.8849322199821472;1247;316;1376;417;NO;1247;316;1375;416;;0.000103;0.010825
876;car;0.8724940419197083;1251;317;1380;420;NO;1251;317;1379;419;;0.000296;0.010100
877;car;0.8520461916923523;1249;317;1385;423;NO;1249;317;1382;419;;0.000152;0.014597
878;car;0.849841833114624;1250;316;1387;424;NO;1250;316;1386;424;;0.000221;0.012152
879;car;0.8359180092811584;1250;316;1391;426;NO;1251;316;1390;422;;0.000152;0.012231
880;car;0.917482852935791;1251;315;1398;428;NO;1251;316;1396;425;;0.000189;0.012602
881;car;0.8602701425552368;1252;315;1399;430;NO;1253;315;1398;429;;0.000154;0.012041
882;car;0.8847917318344116;1255;316;1402;431;NO;1255;316;1401;427;;0.000149;0.012576
883;car;0.8638744354248047;1257;314;1408;433;NO;1257;315;1407;432;;0.000158;0.012366
884;car;0.8411199450492859;1259;315;1412;433;NO;1259;315;1411;429;;0.000136;0.012491
885;car;0.8253349661827087;1261;316;1414;436;NO;1261;317;1413;434;;0.000354;0.012055
886;car;0.8122096657752991;1261;316;1422;439;NO;1261;317;1421;436;;0.000202;0.012145
887;car;0.838265061378479;1261;317;1427;443;NO;1262;318;1426;440;;0.000155;0.013978
888;car;0.8492095470428467;1262;317;1432;447;NO;1263;318;1431;445;;0.000162;0.013307
889;car;0.8715810179710388;1263;316;1441;450;NO;1265;316;1440;446;;0.000277;0.014770
890;car;0.8684149384498596;1265;316;1446;452;NO;1267;316;1445;447;;0.000186;0.014195
891;car;0.8944638967514038;1265;317;1454;455;NO;1266;319;1453;449;;0.000207;0.015686
892;car;0.882351815700531;1268;317;1461;459;NO;1269;317;1460;459;;0.000155;0.015314
893;car;0.833673357963562;1269;318;1468;461;NO;1269;319;1467;456;;0.000182;0.018641
894;car;0.8681067824363708;1276;317;1477;469;NO;1380;415;1416;434;;0.000386;0.006635
895;car;0.8575391173362732;1277;317;1488;472;NO;1385;417;1423;437;;0.000196;0.012898
896;car;0.8746787309646606;1278;316;1497;476;NO;1395;420;1431;439;;0.000155;0.006581
897;car;0.8841638565063477;1280;317;1504;480;NO;1401;424;1441;444;;0.000257;0.010068
897;car;0.7099490761756897;1112;308;1177;346;NO;1112;308;1177;346;;0.000257;0.007120
898;car;0.8704425692558289;1284;316;1516;485;NO;1410;427;1451;447;;0.000155;0.006371
899;car;0.8651852607727051;1287;316;1529;491;NO;1419;431;1461;451;;0.000164;0.006165
899;car;0.709242582321167;1115;308;1179;347;NO;1115;308;1179;347;;0.000164;0.006618
900;car;0.8605491518974304;1291;316;1542;495;NO;1431;435;1472;455;;0.000233;0.006782
901;car;0.8756259679794312;1292;317;1555;499;NO;1441;439;1485;460;;0.000149;0.006799
902;car;0.8658203482627869;1296;317;1571;506;NO;1296;317;1571;506;;0.000227;0.019784
903;car;0.8783764839172363;1304;317;1588;513;NO;1305;317;1588;513;;0.000332;0.024105
904;car;0.8974838852882385;1309;316;1605;523;NO;1476;453;1529;476;;0.000150;0.006160
905;car;0.9156657457351685;1313;315;1622;526;NO;1314;315;1622;520;;0.000193;0.024968
906;car;0.9154351353645325;1318;318;1639;533;NO;1318;318;1639;523;;0.000172;0.026202
907;car;0.8838859796524048;1326;318;1664;541;NO;1327;319;1664;531;;0.000152;0.025916
908;car;0.8951096534729004;1332;319;1688;547;NO;1332;319;1688;547;;0.000225;0.026814
909;car;0.8903394341468811;1339;317;1716;560;NO;1340;317;1716;560;;0.000146;0.027055
910;car;0.8784375786781311;1347;322;1742;567;NO;1348;322;1742;559;;0.000189;0.028619
911;car;0.8885257244110107;1356;321;1774;575;NO;1359;322;1773;570;;0.000345;0.028106
912;car;0.9004402160644531;1363;321;1808;582;NO;1366;321;1807;582;;0.000329;0.034238
913;car;0.9198852181434631;1376;323;1846;597;NO;1376;323;1845;595;;0.000247;0.035488
914;car;0.9130348563194275;1386;323;1886;604;NO;1386;323;1885;604;;0.000154;0.085916
915;car;0.908545732498169;1401;322;1919;621;NO;1402;324;1917;617;;0.000219;0.042003
916;car;0.9168621897697449;1411;323;1920;631;NO;1412;324;1918;631;;0.000149;0.039649
917;car;0.9189788699150085;1428;322;1918;646;NO;1428;324;1917;645;;0.000159;0.043328
918;car;0.9264578819274902;1444;323;1918;667;NO;1444;323;1917;658;;0.000184;0.037424
919;car;0.9326686859130859;1460;325;1918;684;NO;1460;325;1917;677;;0.000193;0.037300
920;car;0.9267699122428894;1481;329;1918;708;NO;1481;329;1918;691;;0.000145;0.084080
921;car;0.9411675930023193;1504;330;1918;722;NO;1504;330;1917;712;;0.000246;0.086722
922;car;0.9269359111785889;1526;332;1918;751;NO;1526;332;1917;750;;0.000185;0.086078
923;car;0.9333414435386658;1552;334;1919;778;NO;1552;334;1918;769;;0.000164;0.085635
924;car;0.9372556805610657;1582;334;1919;733;NO;1582;335;1919;732;;0.000215;0.081291
925;car;0.9291515946388245;1612;339;1919;721;NO;1612;340;1919;720;;0.000187;0.081453
926;car;0.9052383899688721;1650;344;1919;718;NO;1650;345;1919;716;;0.000140;0.082060
927;car;0.886415958404541;1694;350;1919;719;NO;1694;363;1919;717;;0.000195;0.089563
927;car;0.7181122303009033;1157;308;1207;348;NO;1157;308;1206;348;;0.000195;0.009851
928;car;0.8854989409446716;1739;381;1919;732;NO;1739;386;1919;731;;0.000158;0.083129
928;car;0.7167378067970276;1156;307;1208;348;NO;1156;307;1207;348;;0.000158;0.008578
929;car;0.7795776128768921;1789;431;1919;756;NO;1790;433;1919;755;;0.000154;0.084164
929;car;0.721618115901947;1156;307;1208;348;NO;1156;307;1207;348;;0.000154;0.008040
930;car;0.7665930986404419;1155;308;1209;349;NO;1155;308;1208;349;;0.000254;0.007260
931;car;0.7739325165748596;1156;307;1209;350;NO;1156;307;1208;349;;0.000192;0.008627
932;car;0.7716017365455627;1156;306;1209;350;NO;1156;306;1209;350;;0.000152;0.009433
933;car;0.7497462630271912;1156;305;1210;350;NO;1156;305;1209;350;;0.000208;0.008676
934;car;0.7402405738830566;1157;304;1211;350;NO;1157;304;1211;349;;0.000268;0.008057
935;car;0.7309831976890564;1156;304;1210;350;NO;1156;304;1210;349;;0.000108;0.008172
936;car;0.7274552583694458;1156;304;1211;351;NO;1156;304;1210;351;;0.000178;0.006645
937;car;0.7386469841003418;1156;305;1212;352;NO;1156;305;1211;352;;0.000187;0.007651
938;car;0.7562403082847595;1156;305;1211;352;NO;1156;305;1210;351;;0.000251;0.007156
939;car;0.759091854095459;1156;306;1211;352;NO;1156;306;1211;352;;0.000142;0.006543
940;car;0.7598555684089661;1156;305;1212;352;NO;1156;305;1211;352;;0.000240;0.007160
941;car;0.7715210318565369;1155;306;1212;352;NO;1155;306;1212;352;;0.000241;0.006548
942;car;0.7580326795578003;1154;305;1213;353;NO;1154;305;1212;352;;0.000190;0.008436
943;car;0.7421211004257202;1155;305;1213;353;NO;1155;305;1213;353;;0.000207;0.008181
944;car;0.7495880126953125;1154;305;1213;353;NO;1154;305;1213;353;;0.000189;0.007499
945;car;0.7420750856399536;1154;304;1213;354;NO;1154;304;1212;354;;0.000159;0.006889
946;car;0.7523555159568787;1155;304;1214;354;NO;1155;304;1213;354;;0.000159;0.007221
947;car;0.7493631839752197;1155;304;1213;354;NO;1155;304;1212;354;;0.000153;0.006679
948;car;0.756672203540802;1154;304;1213;355;NO;1154;304;1212;354;;0.000153;0.006717
949;car;0.7497432231903076;1153;304;1214;356;NO;1153;304;1213;354;;0.000098;0.007294
950;car;0.7531259655952454;1153;305;1214;356;NO;1153;305;1213;356;;0.000296;0.009319
951;car;0.7456006407737732;1152;304;1215;356;NO;1152;304;1214;355;;0.000153;0.006947
952;car;0.737718403339386;1152;305;1214;356;NO;1152;305;1214;356;;0.000198;0.007904
953;car;0.7290944457054138;1151;304;1214;358;NO;1151;304;1213;358;;0.000354;0.008019
954;car;0.7363731861114502;1150;304;1214;358;NO;1150;304;1213;358;;0.000145;0.006782
955;car;0.728457510471344;1150;304;1213;358;NO;1150;304;1213;357;;0.000190;0.007035
956;car;0.701961100101471;1149;305;1213;358;NO;1149;305;1213;357;;0.000156;0.007056
958;car;0.7117704749107361;1145;305;1212;359;NO;1145;305;1212;358;;0.000174;0.008225
959;car;0.7262309789657593;1144;304;1212;360;NO;1144;304;1211;359;;0.000259;0.007903
960;car;0.7142316699028015;1144;304;1212;360;NO;1144;304;1212;359;;0.000153;0.007922
961;car;0.7385901212692261;1143;303;1211;361;NO;1143;303;1210;360;;0.000207;0.007781
962;car;0.7300612330436707;1143;303;1211;361;NO;1143;303;1210;359;;0.000148;0.008635
963;car;0.7494362592697144;1142;303;1211;361;NO;1142;303;1210;361;;0.000253;0.009995
964;car;0.7533723711967468;1142;303;1210;361;NO;1142;303;1209;359;;0.000150;0.008061
965;car;0.7712693214416504;1141;304;1210;361;NO;1141;304;1210;358;;0.000199;0.008157
966;car;0.7575439810752869;1139;305;1210;362;NO;1139;305;1209;362;;0.000285;0.009698
967;car;0.7721879482269287;1139;305;1210;364;NO;1139;305;1210;363;;0.000158;0.008054
968;car;0.7905077338218689;1138;304;1210;364;NO;1138;304;1209;362;;0.000299;0.008302
969;car;0.7917208075523376;1136;304;1210;364;NO;1136;304;1209;362;;0.000237;0.007919
970;car;0.7878140807151794;1135;304;1210;365;NO;1135;304;1209;364;;0.000192;0.008062
971;car;0.8147792816162109;1131;304;1209;366;NO;1131;304;1208;366;;0.000244;0.008007
972;car;0.8193464279174805;1131;305;1209;366;NO;1131;305;1208;366;;0.000183;0.008519
973;car;0.831535816192627;1129;304;1209;367;NO;1129;304;1208;367;;0.000283;0.008492
974;car;0.7960572242736816;1129;303;1208;368;NO;1129;303;1208;367;;0.000192;0.009148
975;car;0.8098084330558777;1128;303;1209;368;NO;1128;303;1208;367;;0.000250;0.009211
976;car;0.8098611235618591;1126;302;1208;369;NO;1126;302;1207;368;;0.000344;0.009617
976;car;0.7749925851821899;1847;413;1919;554;NO;1847;415;1919;553;;0.000344;0.079580
977;car;0.7776743769645691;1124;301;1207;369;NO;1124;301;1206;368;;0.000256;0.009779
977;car;0.7558853626251221;1824;407;1919;550;NO;1824;412;1919;549;;0.000256;0.011475
978;car;0.8003331422805786;1798;389;1919;543;NO;1798;389;1918;542;;0.000153;0.014980
978;car;0.7519921064376831;1123;301;1206;369;NO;1123;301;1205;367;;0.000153;0.009555
979;car;0.8558548092842102;1777;367;1919;540;NO;1778;367;1918;538;;0.000304;0.016295
979;car;0.7785402536392212;1121;301;1206;370;NO;1121;301;1205;369;;0.000304;0.009592
980;car;0.848106861114502;1757;349;1919;538;NO;1757;349;1919;534;;0.000195;0.016982
980;car;0.8339241147041321;1118;300;1205;370;NO;1118;300;1204;369;;0.000195;0.010473
981;car;0.8621921539306641;1738;341;1919;535;NO;1738;341;1916;530;;0.000230;0.017296
981;car;0.800896942615509;1118;301;1205;371;NO;1118;301;1204;369;;0.000230;0.008618
982;car;0.9106776714324951;1717;342;1919;552;NO;1719;342;1917;526;;0.000232;0.018202
982;car;0.8060612082481384;1116;300;1205;371;NO;1116;300;1204;370;;0.000232;0.008362
983;car;0.914257824420929;1698;342;1919;553;NO;1698;342;1918;531;;0.000163;0.017937
983;car;0.8433308005332947;1115;301;1205;373;NO;1115;301;1203;373;;0.000163;0.008255
984;car;0.9134364724159241;1682;339;1919;551;NO;1682;339;1919;551;;0.000152;0.019758
984;car;0.8318182826042175;1113;300;1205;374;NO;1113;300;1204;373;;0.000152;0.007796
985;car;0.9095150232315063;1671;336;1918;544;NO;1807;536;1877;544;;0.000163;0.006177
985;car;0.8260764479637146;1113;300;1203;375;NO;1113;300;1202;374;;0.000163;0.007966
986;car;0.9051764011383057;1650;335;1919;534;NO;1650;336;1918;534;;0.000224;0.023809
986;car;0.8373673558235168;1112;301;1203;376;NO;1112;301;1202;375;;0.000224;0.008099
987;car;0.9131388068199158;1638;334;1920;530;NO;1638;334;1919;528;;0.000256;0.024133
987;car;0.8155750036239624;1109;299;1201;377;NO;1109;299;1200;376;;0.000256;0.007539
988;car;0.8973824977874756;1625;333;1919;524;NO;1625;335;1919;522;;0.000158;0.020450
988;car;0.7698060274124146;1108;301;1201;377;NO;1108;301;1200;376;;0.000158;0.007329
989;car;0.9061554074287415;1613;332;1919;522;NO;1733;333;1918;522;;0.000182;0.014234
989;car;0.7891315221786499;1106;300;1199;377;NO;1106;300;1198;375;;0.000182;0.007186
990;car;0.9031468033790588;1598;332;1919;520;NO;1598;332;1919;520;;0.000198;0.022570
990;car;0.8100333213806152;1104;300;1199;379;NO;1104;300;1198;378;;0.000198;0.007659
991;car;0.8975790739059448;1588;333;1919;516;NO;1588;333;1919;513;;0.000218;0.021010
991;car;0.7701021432876587;1104;299;1201;381;NO;1104;299;1199;381;;0.000218;0.007449
992;car;0.9120762348175049;1577;331;1910;509;NO;1577;331;1909;509;;0.000182;0.020149
992;car;0.802918016910553;1102;299;1200;382;NO;1102;299;1198;380;;0.000182;0.006596
993;car;0.9157615303993225;1568;331;1893;504;NO;1568;331;1892;503;;0.000195;0.020545
993;car;0.8171319365501404;1098;298;1200;383;NO;1098;299;1199;382;;0.000195;0.006949
994;car;0.904759407043457;1559;330;1870;499;NO;1559;330;1869;499;;0.000190;0.017682
994;car;0.8284329771995544;1098;298;1197;384;NO;1098;298;1196;384;;0.000190;0.006703
995;car;0.9085835814476013;1548;332;1849;495;NO;1548;332;1848;494;;0.000150;0.018386
995;car;0.8186792135238647;1096;298;1194;384;NO;1096;298;1193;383;;0.000150;0.007545
996;car;0.9184991717338562;1541;330;1828;491;NO;1541;330;1827;491;;0.000167;0.018045
996;car;0.8285674452781677;1092;299;1191;385;NO;1092;299;1190;385;;0.000167;0.006664
997;car;0.9074091911315918;1531;330;1811;486;NO;1531;330;1810;486;;0.000160;0.015129
997;car;0.8544535636901855;1090;298;1193;386;NO;1090;298;1192;386;;0.000160;0.006821
998;car;0.9075510501861572;1523;329;1793;483;NO;1586;330;1792;483;;0.000197;0.013335
998;car;0.849694550037384;1089;298;1192;387;NO;1089;298;1191;387;;0.000197;0.006950
999;car;0.8747119307518005;1518;329;1777;481;NO;1518;329;1777;481;;0.000150;0.014683
999;car;0.8465663194656372;1086;298;1193;388;NO;1086;298;1192;388;;0.000150;0.007202
1000;car;0.8864562511444092;1509;328;1760;476;NO;1509;328;1759;476;;0.000220;0.013279
1000;car;0.8805239200592041;1083;298;1192;388;NO;1083;298;1191;386;;0.000220;0.008009
1001;car;0.8885939717292786;1501;329;1745;473;NO;1501;329;1745;473;;0.000357;0.013307
1001;car;0.8569820523262024;1082;298;1188;388;NO;1082;298;1187;386;;0.000357;0.006934
1002;car;0.884713351726532;1490;329;1731;470;NO;1490;329;1731;470;;0.000181;0.013572
1002;car;0.8463577628135681;1080;298;1185;388;NO;1080;298;1184;384;;0.000181;0.006669
1003;car;0.8494256138801575;1486;328;1717;465;NO;1486;328;1717;465;;0.000152;0.013951
1003;car;0.8305283784866333;1075;297;1186;389;NO;1075;297;1185;387;;0.000152;0.007037
1004;car;0.8424719572067261;1070;297;1186;391;NO;1070;297;1185;389;;0.000151;0.007407
1004;car;0.8078769445419312;1481;328;1702;462;NO;1481;328;1701;462;;0.000151;0.013334
1005;car;0.8475974202156067;1475;330;1691;460;NO;1475;330;1691;458;;0.000156;0.010767
1005;car;0.8163985013961792;1068;299;1180;390;NO;1105;361;1137;373;;0.000156;0.006175
1006;car;0.8453500270843506;1469;327;1680;459;NO;1469;327;1680;457;;0.000155;0.013444
1006;car;0.7332592010498047;1066;298;1181;392;NO;1066;298;1180;390;;0.000155;0.007580
1007;car;0.8644236326217651;1462;323;1667;455;NO;1462;323;1666;455;;0.000154;0.013165
1007;car;0.8053218126296997;1063;298;1180;395;NO;1063;298;1179;392;;0.000154;0.007302
1008;car;0.8820252418518066;1457;322;1657;450;NO;1457;322;1656;450;;0.000188;0.012225
1008;car;0.8081731200218201;1060;298;1180;397;NO;1060;298;1179;394;;0.000188;0.007593
1009;car;0.8611000180244446;1453;321;1648;448;NO;1453;321;1648;447;;0.000154;0.011686
1009;car;0.8545509576797485;1056;297;1180;399;NO;1093;362;1128;376;;0.000154;0.008630
1010;car;0.8835310935974121;1445;321;1637;444;NO;1445;321;1636;444;;0.000212;0.011455
1010;car;0.8587233424186707;1052;296;1178;401;NO;1090;364;1126;377;;0.000212;0.007851
1011;car;0.8704320788383484;1443;324;1626;444;NO;1443;324;1626;444;;0.000281;0.016270
1011;car;0.846580445766449;1048;295;1178;401;NO;1087;363;1123;379;;0.000281;0.008068
1012;car;0.8270657062530518;1436;324;1619;441;NO;1436;324;1618;441;;0.000191;0.011551
1012;car;0.8124775290489197;1044;295;1178;403;NO;1083;365;1121;379;;0.000191;0.006206
1013;car;0.8584575653076172;1041;295;1173;405;NO;1081;366;1117;381;;0.000187;0.006727
1013;car;0.8332439064979553;1434;324;1607;438;NO;1434;324;1607;436;;0.000187;0.010952
1014;car;0.8904412984848022;1430;326;1602;438;NO;1430;326;1601;435;;0.000183;0.011434
1014;car;0.8157936334609985;1035;294;1174;406;NO;1035;294;1173;404;;0.000183;0.010387
1015;car;0.8896265625953674;1424;326;1593;435;NO;1424;326;1592;434;;0.000261;0.011501
1015;car;0.8181323409080505;1031;293;1171;408;NO;1031;294;1170;406;;0.000261;0.010671
1016;car;0.8554226160049438;1025;293;1172;409;NO;1069;369;1109;384;;0.000304;0.007603
1016;car;0.8497651815414429;1419;324;1585;433;NO;1419;324;1584;433;;0.000304;0.011044
1017;car;0.86044842004776;1415;323;1579;432;NO;1415;323;1578;432;;0.000159;0.011341
1017;car;0.856397271156311;1021;292;1170;410;NO;1064;369;1105;386;;0.000159;0.006045
1018;car;0.8609644174575806;1414;324;1570;429;NO;1414;324;1570;429;;0.000149;0.010612
1018;car;0.8040314316749573;1016;292;1168;412;NO;1061;371;1101;387;;0.000149;0.006377
1019;car;0.8645882606506348;1411;324;1564;428;NO;1411;324;1563;427;;0.000152;0.010659
1019;car;0.8104661107063293;1015;291;1166;413;NO;1055;371;1098;388;;0.000152;0.006299
1020;car;0.85379558801651;1008;291;1163;414;NO;1051;372;1094;389;;0.000222;0.006810
1020;car;0.8492866158485413;1405;322;1556;425;NO;1405;322;1555;425;;0.000222;0.012058
1021;car;0.869778573513031;1403;323;1553;424;NO;1403;323;1552;424;;0.000194;0.010731
1021;car;0.7856659293174744;1001;291;1161;417;NO;1047;374;1089;390;;0.000194;0.007266
1022;car;0.8825939297676086;1399;324;1547;422;NO;1399;324;1546;422;;0.000190;0.010675
1022;car;0.7935420870780945;992;289;1164;419;NO;1043;375;1085;391;;0.000190;0.008526
1023;car;0.8847631216049194;1396;323;1543;419;NO;1396;323;1542;419;;0.000159;0.008599
1023;car;0.8160997033119202;988;290;1158;421;NO;1038;376;1081;393;;0.000159;0.008090
1024;car;0.8838627338409424;1397;324;1536;418;NO;1397;324;1535;416;;0.000156;0.008819
1024;car;0.8011414408683777;985;292;1158;422;NO;1032;377;1076;394;;0.000156;0.006442
1025;car;0.8496984243392944;1391;324;1531;416;NO;1391;324;1530;415;;0.000189;0.009167
1025;car;0.821277916431427;977;290;1155;424;NO;1028;379;1071;395;;0.000189;0.009355
1026;car;0.8665446639060974;1393;325;1524;414;NO;1393;325;1523;411;;0.000194;0.008375
1026;car;0.8015003204345703;970;287;1151;427;NO;1020;379;1067;397;;0.000194;0.007488
1027;car;0.8536606431007385;964;287;1150;428;NO;1014;380;1062;399;;0.000153;0.008110
1027;car;0.8358145356178284;1389;322;1520;413;NO;1389;322;1519;413;;0.000153;0.008367
1028;car;0.8776088953018188;958;285;1148;431;NO;1007;381;1056;401;;0.000196;0.006407
1028;car;0.8614555597305298;1384;321;1514;412;NO;1384;321;1513;412;;0.000196;0.008437
1029;car;0.8551433086395264;1383;322;1509;411;NO;1383;322;1509;409;;0.000159;0.008194
1029;car;0.8459805846214294;949;285;1144;434;NO;1002;383;1050;404;;0.000159;0.007214
1030;car;0.8774105310440063;1379;322;1508;410;NO;1379;322;1507;409;;0.000200;0.008701
1030;car;0.8380860090255737;943;285;1141;438;NO;992;386;1044;405;;0.000200;0.006196
1031;car;0.8600930571556091;1378;323;1504;409;NO;1378;323;1503;408;;0.000167;0.007756
1031;car;0.8579084873199463;934;285;1139;440;NO;986;388;1037;408;;0.000167;0.007040
1032;car;0.866823673248291;1376;323;1498;409;NO;1376;323;1497;409;;0.000196;0.007979
1032;car;0.8159722685813904;925;284;1136;442;NO;979;390;1031;410;;0.000196;0.006310
1033;car;0.8362846374511719;1374;323;1493;408;NO;1374;323;1492;408;;0.000259;0.007823
1033;car;0.7594040632247925;916;284;1134;446;SÍ;968;392;1024;412;LGG;0.000259;0.033584
1034;car;0.8043514490127563;1371;323;1489;405;NO;1371;323;1488;404;;0.000157;0.007795
1034;car;0.7408024072647095;906;283;1130;449;SÍ;962;394;1017;415;QOC;0.000157;0.019875
1035;car;0.856408417224884;1370;324;1487;405;NO;1428;401;1463;405;;0.000259;0.006140
1036;car;0.8703006505966187;1367;323;1484;404;NO;1367;323;1483;404;;0.000266;0.008297
1036;car;0.8659970164299011;884;283;1126;459;SÍ;941;399;1000;420;QUI;0.000266;0.029082
1037;car;0.8877961039543152;871;281;1121;462;SÍ;934;401;992;422;QT;0.000190;0.016860
1037;car;0.8288846015930176;1366;322;1481;403;NO;1366;322;1480;403;;0.000190;0.008205
1038;car;0.8810076117515564;862;281;1116;465;SÍ;922;404;983;425;M;0.000170;0.016951
1038;car;0.8396149277687073;1365;323;1477;402;NO;1365;323;1476;402;;0.000170;0.007997
1039;car;0.8976194858551025;850;280;1111;469;SÍ;912;405;974;428;MT;0.000305;0.017650
1039;car;0.8270589113235474;1363;320;1474;401;NO;1363;320;1473;401;;0.000305;0.009703
1040;car;0.9058760404586792;835;280;1106;473;SÍ;899;407;964;431;M;0.000203;0.018174
1040;car;0.8043637275695801;1358;320;1470;399;NO;1358;320;1469;399;;0.000203;0.007290
1041;car;0.912687361240387;820;280;1102;478;SÍ;886;409;953;435;MD;0.000209;0.016664
1041;car;0.8236932158470154;1356;319;1467;397;NO;1356;319;1466;397;;0.000209;0.007131
1042;car;0.9025394916534424;805;279;1097;484;SÍ;873;413;941;438;Q;0.000197;0.018711
1042;car;0.8197813630104065;1355;320;1462;395;NO;1355;320;1461;395;;0.000197;0.007772
1043;car;0.8807998895645142;792;278;1090;488;SÍ;857;417;928;442;W;0.000180;0.018734
1043;car;0.8080697059631348;1356;320;1457;394;NO;1356;320;1456;393;;0.000180;0.006787
1044;car;0.8770718574523926;773;276;1086;494;SÍ;844;420;915;447;Q;0.000169;0.016686
1044;car;0.7905229926109314;1352;319;1455;393;NO;1352;319;1454;393;;0.000169;0.007520
1045;car;0.8866170048713684;756;276;1081;500;SÍ;823;423;902;450;Q;0.000183;0.015189
1045;car;0.7674069404602051;1352;321;1453;394;NO;1352;321;1452;394;;0.000183;0.007301
1046;car;0.8864316940307617;738;272;1073;507;SÍ;808;427;887;457;L;0.000417;0.034798
1046;car;0.7699542045593262;1351;321;1450;392;NO;1351;321;1449;392;;0.000417;0.007311
1047;car;0.8958898186683655;719;272;1066;514;SÍ;789;432;871;462;F;0.000303;0.026265
1047;car;0.779612123966217;1348;320;1449;392;NO;1348;320;1448;392;;0.000303;0.006953
1048;car;0.9126121997833252;695;271;1062;521;SÍ;770;438;853;469;Q;0.000191;0.018237
1048;car;0.7649823427200317;1348;321;1447;393;NO;1348;321;1446;393;;0.000191;0.007576
1049;car;0.9151795506477356;672;267;1053;526;SÍ;748;444;834;473;Q;0.000252;0.026167
1049;car;0.7611063122749329;1344;321;1444;392;NO;1344;321;1443;392;;0.000252;0.007950
1050;car;0.9158861637115479;646;265;1046;534;NO;729;450;815;480;;0.000181;0.006097
1050;car;0.7636397480964661;1344;321;1443;389;NO;1344;321;1442;389;;0.000181;0.006910
1051;car;0.9238585829734802;617;265;1039;544;SÍ;695;454;792;488;Q;0.000226;0.009603
1051;car;0.7407212853431702;1343;321;1441;389;NO;1343;321;1441;389;;0.000226;0.007793
1052;car;0.92973792552948;588;262;1030;557;NO;668;460;768;496;;0.000173;0.006660
1052;car;0.7306738495826721;1344;323;1439;389;NO;1344;323;1438;388;;0.000173;0.007190
1053;car;0.9286039471626282;554;261;1019;567;NO;637;466;741;505;;0.000257;0.006537
1053;car;0.7359287738800049;1342;321;1436;388;NO;1342;321;1435;388;;0.000257;0.006738
1054;car;0.9256744384765625;517;258;1010;580;NO;598;475;713;513;;0.000167;0.006074
1054;car;0.7211646437644958;1341;321;1433;385;NO;1341;321;1432;385;;0.000167;0.008153
1055;car;0.9296334385871887;478;256;1000;588;NO;562;483;681;524;;0.000169;0.009556
1055;car;0.7132030725479126;1340;322;1431;385;NO;1340;322;1430;385;;0.000169;0.007220
1056;car;0.9322285056114197;434;254;990;605;NO;522;492;643;535;;0.000165;0.006441
1056;car;0.7005406022071838;1340;321;1431;385;NO;1340;321;1430;385;;0.000165;0.006883
1057;car;0.9256013035774231;385;251;977;620;NO;475;502;605;547;;0.000203;0.011872
1058;car;0.9248815178871155;324;248;961;640;NO;421;515;558;563;;0.000204;0.006766
1058;car;0.7030525803565979;1337;323;1426;385;NO;1337;323;1425;384;;0.000204;0.007205
1059;car;0.9258020520210266;269;243;949;659;NO;354;532;508;579;;0.000180;0.009908
1059;car;0.7338703870773315;1336;321;1422;384;NO;1336;321;1421;384;;0.000180;0.007010
1060;car;0.8876507878303528;199;238;934;682;NO;296;542;447;598;;0.002597;0.006278
1061;car;0.8888020515441895;119;234;916;709;NO;129;234;914;704;;0.000209;0.092717
1062;car;0.9024845957756042;21;232;899;741;NO;38;232;897;734;;0.000353;0.095151
1062;car;0.7155613899230957;1335;320;1413;382;NO;1335;320;1412;381;;0.000353;0.006828
1063;car;0.9224176406860352;0;225;877;775;NO;0;225;876;768;;0.000181;0.098463
1064;car;0.92963707447052;0;221;857;820;NO;0;221;854;813;;0.000236;0.100715
1064;car;0.7440820336341858;1334;321;1410;381;NO;1334;321;1409;381;;0.000236;0.007080
1065;car;0.9302359223365784;0;214;831;891;NO;0;214;830;861;;0.000254;0.121510
1065;car;0.7084671258926392;1333;321;1408;381;NO;1333;321;1407;380;;0.000254;0.007504
1066;car;0.9393959045410156;0;204;807;933;NO;1;205;805;904;;0.000191;0.114297
1066;car;0.7186967730522156;1332;321;1406;380;NO;1332;321;1405;379;;0.000191;0.007774
1067;car;0.9568244218826294;1;198;776;1002;NO;5;198;776;985;;0.000178;0.118606
1067;car;0.7197352051734924;1330;320;1406;380;NO;1330;320;1405;380;;0.000178;0.009562
1068;car;0.9615315794944763;1;188;745;1063;NO;1;189;742;1026;;0.000176;0.117869
1068;car;0.7227758765220642;1330;320;1403;379;NO;1330;320;1402;378;;0.000176;0.007103
1069;car;0.9570107460021973;1;179;706;1052;NO;2;181;703;1021;;0.000177;0.119048
1069;car;0.710668683052063;1330;320;1400;378;NO;1330;320;1399;376;;0.000177;0.007652
1070;car;0.950265645980835;1;162;663;978;NO;5;172;663;950;;0.000260;0.104846
1070;car;0.7381753921508789;1326;321;1400;377;NO;1326;321;1399;376;;0.000260;0.008906
1071;car;0.943793773651123;1;155;611;957;NO;3;174;611;911;;0.000277;0.098980
1071;car;0.7392843961715698;1325;320;1397;376;NO;1325;320;1396;375;;0.000277;0.007093
1072;car;0.9551421999931335;1;135;555;958;NO;1;184;555;958;;0.000161;0.105413
1072;car;0.7600751519203186;1322;319;1396;376;NO;1322;319;1395;375;;0.000161;0.008662
1073;car;0.9227668046951294;1;135;488;939;NO;1;195;488;931;;0.000224;0.097049
1073;car;0.7420365214347839;1320;319;1395;375;NO;1320;319;1394;374;;0.000224;0.007764
1074;car;0.8980875015258789;0;146;404;989;NO;0;188;402;697;;0.000185;0.092830
1074;car;0.7341243624687195;1319;319;1394;375;NO;1319;319;1393;374;;0.000185;0.007144
1075;car;0.8673845529556274;0;187;302;1063;NO;0;202;300;801;;0.000192;0.089466
1075;car;0.7453234791755676;1319;319;1393;374;NO;1319;319;1392;374;;0.000192;0.007544
1076;car;0.8154646158218384;0;289;182;1061;NO;;;;;;0.000158;0.000000
1076;car;0.7520321607589722;1318;318;1391;374;NO;1318;318;1390;373;;0.000158;0.008741
1077;car;0.744820237159729;1319;319;1390;373;NO;1319;319;1389;372;;0.000422;0.007047
1078;car;0.7401703596115112;1318;318;1390;372;NO;1318;318;1389;371;;0.000156;0.007012
1079;car;0.7237337231636047;1316;319;1390;372;NO;1316;319;1389;372;;0.000139;0.008679
1080;car;0.7073181867599487;1313;319;1389;372;NO;1313;319;1388;371;;0.000306;0.007177
1081;car;0.7097707390785217;1314;320;1389;372;NO;1314;320;1388;372;;0.000195;0.011199
1082;car;0.7289232015609741;1312;319;1389;371;NO;1312;319;1388;370;;0.000288;0.007023
1083;car;0.7402765154838562;1312;319;1387;371;NO;1312;319;1386;371;;0.000183;0.007582
1084;car;0.7555592060089111;1311;318;1387;371;NO;1311;318;1386;370;;0.000114;0.007553
1085;car;0.761497437953949;1311;319;1387;371;NO;1311;319;1386;371;;0.000283;0.007526
1086;car;0.7711804509162903;1309;318;1387;371;NO;1309;318;1386;370;;0.000270;0.006761
1087;car;0.7495687007904053;1309;318;1385;371;NO;1309;318;1384;371;;0.000318;0.007315
1088;car;0.7321895956993103;1308;319;1384;369;NO;1308;319;1382;369;;0.000200;0.007281
1089;car;0.7207208275794983;1309;318;1380;368;NO;1309;318;1379;368;;0.000340;0.007431
1090;car;0.7190373539924622;1309;317;1377;368;NO;1309;317;1376;367;;0.000232;0.007204
1091;car;0.7337554693222046;1309;317;1375;367;NO;1309;317;1374;367;;0.000153;0.007408
1092;car;0.7456114888191223;1308;316;1373;366;NO;1308;316;1372;366;;0.000181;0.008925
1093;car;0.7573202252388;1307;316;1373;367;NO;1307;316;1372;367;;0.000152;0.007286
1094;car;0.7671133279800415;1307;316;1371;366;NO;1307;316;1370;366;;0.000182;0.007155
1095;car;0.7614863514900208;1307;317;1370;365;NO;1307;317;1369;365;;0.000281;0.008357
1096;car;0.7725127935409546;1307;317;1369;365;NO;1307;317;1368;365;;0.000154;0.008003
1097;car;0.7820384502410889;1307;317;1368;364;NO;1307;317;1367;364;;0.000141;0.009602
1098;car;0.7791665196418762;1306;318;1368;364;NO;1306;318;1367;364;;0.000160;0.007095
1099;car;0.7712674736976624;1307;318;1368;365;NO;1307;318;1367;364;;0.000266;0.007159
1100;car;0.7638885974884033;1306;318;1367;364;NO;1306;318;1366;364;;0.000185;0.007618
1101;car;0.7550698518753052;1306;319;1367;364;NO;1306;319;1366;364;;0.000159;0.007229
1102;car;0.7658051252365112;1306;318;1366;363;NO;1306;318;1365;363;;0.000152;0.007665
1103;car;0.7711067199707031;1306;319;1365;363;NO;1306;319;1364;363;;0.000166;0.007823
1104;car;0.768871009349823;1306;318;1365;362;NO;1306;318;1364;362;;0.000156;0.007435
1105;car;0.7591894865036011;1306;319;1364;362;NO;1306;319;1363;362;;0.000148;0.007950
1106;car;0.7777354121208191;1306;319;1363;362;NO;1306;319;1362;362;;0.000154;0.007175
1107;car;0.7909790277481079;1306;318;1361;362;NO;1306;318;1360;362;;0.000219;0.006941
1108;car;0.77374267578125;1305;318;1361;362;NO;1305;318;1360;362;;0.000156;0.007241
1109;car;0.7621398568153381;1304;318;1360;362;NO;1304;318;1359;362;;0.000152;0.007307
1110;car;0.7523877024650574;1304;319;1361;361;NO;1304;319;1360;361;;0.000297;0.007274
1111;car;0.7496906518936157;1303;319;1359;361;NO;1303;319;1358;361;;0.000161;0.008025
1112;car;0.748481035232544;1301;318;1359;361;NO;1301;318;1358;361;;0.000151;0.011041
1113;car;0.7503613233566284;1301;318;1358;361;NO;1301;318;1357;361;;0.000471;0.008822
1114;car;0.747055172920227;1300;318;1357;361;NO;1300;318;1356;360;;0.000272;0.009957
1115;car;0.731934666633606;1300;318;1357;361;NO;1300;318;1356;361;;0.000156;0.007010
1116;car;0.7334920763969421;1300;317;1356;361;NO;1300;317;1355;361;;0.000188;0.007573
1117;car;0.7158410549163818;1299;318;1356;360;NO;1299;318;1355;360;;0.000199;0.007179
1191;car;0.7299599051475525;1162;314;1213;348;NO;1162;314;1212;348;;0.000147;0.009788
1192;car;0.7064124345779419;1162;314;1214;348;NO;1162;314;1213;348;;0.000316;0.012666
1193;car;0.7171837091445923;1161;313;1213;349;NO;1161;313;1212;349;;0.000264;0.012508
1195;car;0.712982177734375;1160;315;1210;350;NO;1160;315;1209;350;;0.000203;0.011965
1213;car;0.7181517481803894;1152;312;1214;356;NO;1152;312;1213;356;;0.000239;0.013734
1214;car;0.7185533046722412;1151;313;1214;356;NO;1151;313;1213;356;;0.000194;0.013564
1215;car;0.7042185664176941;1150;313;1214;357;NO;1150;313;1213;357;;0.000224;0.011744
1221;car;0.7377414703369141;1147;312;1213;356;NO;1147;312;1212;356;;0.000147;0.014333
1222;car;0.7464727163314819;1146;311;1212;358;NO;1146;311;1211;358;;0.000260;0.012647
1223;car;0.7428720593452454;1146;311;1212;359;NO;1146;311;1211;358;;0.000189;0.012676
1224;car;0.7081542015075684;1145;311;1210;359;NO;1145;311;1209;359;;0.000144;0.011623
1225;car;0.7263581156730652;1144;310;1212;360;NO;1144;310;1211;360;;0.000153;0.012512
1226;car;0.7327877879142761;1143;309;1212;361;NO;1143;309;1211;361;;0.000157;0.012616
1227;car;0.7153342962265015;1141;310;1212;361;NO;1142;310;1211;361;;0.000196;0.012360
1228;car;0.7256996631622314;1141;310;1213;362;NO;1141;310;1212;361;;0.000227;0.012273
1229;car;0.7310038208961487;1820;407;1919;538;NO;1820;408;1919;537;;0.000159;0.019434
1229;car;0.7301880717277527;1141;310;1212;363;NO;1141;310;1211;363;;0.000159;0.012062
1230;car;0.7217158079147339;1139;310;1212;363;NO;1139;310;1210;361;;0.000237;0.012077
1231;car;0.7140107154846191;1774;369;1919;530;NO;1774;369;1919;527;;0.000191;0.021776
1231;car;0.7111026644706726;1139;310;1212;364;NO;1139;310;1210;364;;0.000191;0.008921
1232;car;0.8581072688102722;1754;354;1919;528;NO;1754;354;1918;523;;0.000154;0.010481
1232;car;0.732109546661377;1136;310;1212;367;NO;1136;310;1209;366;;0.000154;0.010214
1233;car;0.8678507208824158;1732;347;1919;528;NO;1732;347;1918;519;;0.000298;0.010672
1233;car;0.7347258925437927;1135;310;1211;366;NO;1135;310;1209;366;;0.000298;0.008370
1234;car;0.8883801698684692;1714;345;1919;546;NO;1714;345;1918;527;;0.000202;0.011618
1234;car;0.7595545649528503;1132;310;1210;368;NO;1133;310;1209;368;;0.000202;0.007871
1235;car;0.8960421085357666;1696;345;1919;545;NO;1696;345;1919;545;;0.000153;0.012753
1235;car;0.7695004940032959;1129;310;1210;369;NO;1129;310;1208;369;;0.000153;0.007589
1236;car;0.9074530005455017;1678;346;1919;536;NO;1678;346;1919;534;;0.000182;0.012805
1236;car;0.7871553897857666;1127;310;1210;370;NO;1127;310;1207;370;;0.000182;0.010694
1237;car;0.9104368090629578;1666;342;1919;531;NO;1666;342;1918;525;;0.000260;0.012128
1237;car;0.8037183880805969;1126;310;1210;371;NO;1126;310;1207;371;;0.000260;0.007799
1238;car;0.9227110743522644;1647;341;1919;522;NO;1647;341;1919;519;;0.000156;0.013410
1238;car;0.8074294924736023;1125;310;1210;370;NO;1125;310;1207;369;;0.000156;0.013438
1239;car;0.9185283184051514;1636;339;1919;522;NO;1636;339;1918;520;;0.000181;0.013548
1239;car;0.7965108156204224;1124;310;1210;371;NO;1124;310;1206;371;;0.000181;0.007163
1240;car;0.9082421660423279;1622;336;1919;517;NO;1622;336;1919;512;;0.000206;0.014703
1240;car;0.7875674962997437;1121;311;1210;372;NO;1121;311;1207;372;;0.000206;0.008870
1241;car;0.9043534398078918;1612;335;1919;513;NO;1612;335;1919;510;;0.000148;0.016339
1241;car;0.7938694953918457;1120;310;1208;373;NO;1120;310;1206;371;;0.000148;0.006784
1242;car;0.8904435634613037;1597;336;1916;508;NO;1597;336;1915;507;;0.000242;0.014505
1242;car;0.812762975692749;1117;310;1207;374;NO;1117;310;1205;373;;0.000242;0.006965
1243;car;0.9091560244560242;1587;338;1913;503;NO;1587;338;1912;502;;0.000435;0.016097
1243;car;0.8020000457763672;1117;310;1209;374;NO;1117;310;1206;373;;0.000435;0.006989
1244;car;0.9078389406204224;1573;336;1892;499;NO;1573;336;1890;499;;0.000157;0.014240
1244;car;0.8069743514060974;1116;310;1207;375;NO;1116;310;1206;373;;0.000157;0.006886
1245;car;0.9042749404907227;1565;335;1864;494;NO;1565;335;1863;493;;0.000158;0.014267
1245;car;0.8195693492889404;1116;311;1205;376;NO;1116;311;1203;373;;0.000158;0.008976
1246;car;0.8790472149848938;1552;337;1846;489;NO;1552;337;1845;487;;0.000179;0.012732
1246;car;0.8412551879882812;1114;310;1206;377;NO;1114;310;1204;375;;0.000179;0.007073
1247;car;0.8871102929115295;1545;336;1826;485;NO;1545;336;1825;482;;0.000145;0.012821
1247;car;0.8282954692840576;1112;311;1204;378;NO;1112;311;1202;376;;0.000145;0.007213
1248;car;0.8627510070800781;1534;336;1804;480;NO;1534;336;1803;478;;0.000167;0.014374
1248;car;0.81699138879776;1107;311;1199;380;NO;1107;311;1198;379;;0.000167;0.007222
1249;car;0.8549101948738098;1525;336;1786;478;NO;1525;336;1786;476;;0.000188;0.014553
1249;car;0.7947289943695068;1104;311;1204;383;NO;1104;311;1203;383;;0.000188;0.006818
1250;car;0.8674349784851074;1516;335;1769;474;NO;1516;335;1769;472;;0.000209;0.014156
1250;car;0.8043518662452698;1102;310;1204;384;NO;1102;311;1203;384;;0.000209;0.008014
1251;car;0.8667914867401123;1509;336;1752;469;NO;1509;336;1751;466;;0.000153;0.013358
1251;car;0.7996043562889099;1101;310;1201;384;NO;1101;310;1199;384;;0.000153;0.006697
1252;car;0.8179677128791809;1503;337;1735;463;NO;1503;337;1734;461;;0.000156;0.082654
1252;car;0.798637866973877;1097;310;1196;385;NO;1097;310;1195;384;;0.000156;0.008034
1253;car;0.805377185344696;1095;309;1195;385;NO;1095;309;1194;384;;0.000160;0.007812
1253;car;0.7772655487060547;1496;337;1719;458;NO;1496;337;1719;457;;0.000160;0.011806
1254;car;0.862650454044342;1485;336;1707;457;NO;1485;336;1706;456;;0.000183;0.011462
1254;car;0.8126800060272217;1092;310;1192;385;NO;1092;310;1191;384;;0.000183;0.009792
1255;car;0.8742842674255371;1483;333;1696;456;NO;1483;333;1695;454;;0.000280;0.011255
1255;car;0.8272622227668762;1091;310;1194;386;NO;1091;310;1193;386;;0.000280;0.007350
1256;car;0.8577769994735718;1476;332;1684;454;NO;1476;332;1683;453;;0.000159;0.011341
1256;car;0.8010326623916626;1087;311;1194;386;NO;1087;311;1193;383;;0.000159;0.007365
1257;car;0.8669601082801819;1471;331;1673;451;NO;1471;331;1671;450;;0.000154;0.011360
1257;car;0.8038818836212158;1085;310;1189;386;NO;1085;310;1188;382;;0.000154;0.007524
1258;car;0.8673380017280579;1466;331;1658;448;NO;1466;331;1657;445;;0.000185;0.011958
1258;car;0.8004098534584045;1075;311;1188;386;NO;1076;311;1187;385;;0.000185;0.007579
1259;car;0.8812509179115295;1460;329;1648;445;NO;1460;329;1647;441;;0.000147;0.010818
1259;car;0.7981849908828735;1075;311;1187;387;NO;1075;311;1186;385;;0.000147;0.007888
1260;car;0.8856814503669739;1453;327;1641;442;NO;1453;327;1640;440;;0.000192;0.012035
1260;car;0.7986894249916077;1071;310;1184;388;NO;1071;310;1183;388;;0.000192;0.007425
1261;car;0.8910820484161377;1448;329;1627;439;NO;1448;329;1626;438;;0.000217;0.011095
1261;car;0.7773008346557617;1068;310;1183;390;NO;1068;310;1182;389;;0.000217;0.007416
1262;car;0.893254280090332;1443;324;1616;435;NO;1443;324;1615;434;;0.000377;0.011023
1262;car;0.7895514369010925;1064;310;1187;391;NO;1064;310;1185;390;;0.000377;0.007595
1263;car;0.8968295454978943;1448;325;1608;434;NO;1448;325;1607;433;;0.000198;0.010262
1263;car;0.7935132384300232;1062;308;1187;394;NO;1062;308;1183;394;;0.000198;0.007886
1264;car;0.8690003156661987;1432;327;1598;431;NO;1432;327;1597;430;;0.000167;0.011247
1264;car;0.8570755124092102;1055;307;1186;396;NO;1055;307;1182;394;;0.000167;0.007607
1265;car;0.8601365089416504;1430;329;1589;429;NO;1430;329;1588;427;;0.000152;0.010801
1265;car;0.8384425044059753;1052;309;1174;397;NO;1052;310;1173;395;;0.000152;0.009184
1266;car;0.8788204193115234;1432;330;1581;428;NO;1432;330;1580;428;;0.000275;0.010673
1266;car;0.8250393271446228;1049;310;1173;398;NO;1049;310;1172;395;;0.000275;0.007456
1267;car;0.8673062920570374;1436;331;1574;426;NO;1436;331;1573;426;;0.000154;0.008912
1267;car;0.8624513745307922;1045;310;1172;400;NO;1045;310;1171;397;;0.000154;0.007562
1268;car;0.8993029594421387;1421;328;1566;423;NO;1421;328;1565;422;;0.000161;0.008461
1268;car;0.873802125453949;1041;310;1172;400;NO;1041;310;1171;397;;0.000161;0.008700
1269;car;0.8811257481575012;1418;330;1558;420;NO;1418;330;1557;420;;0.000101;0.008639
1269;car;0.8564635515213013;1033;309;1170;402;NO;1034;309;1169;398;;0.000101;0.008346
1270;car;0.8735727071762085;1030;310;1165;403;NO;1030;310;1164;400;;0.000150;0.009095
1270;car;0.8478373885154724;1414;330;1553;418;NO;1414;330;1552;417;;0.000150;0.008461
1271;car;0.8551110625267029;1412;326;1548;414;NO;1412;326;1548;412;;0.000160;0.008524
1271;car;0.8545435667037964;1024;308;1165;404;NO;1025;308;1164;401;;0.000160;0.008719
1272;car;0.8729389309883118;1019;309;1160;406;NO;1020;309;1159;404;;0.000215;0.008616
1272;car;0.8609541058540344;1410;327;1541;413;NO;1410;327;1540;413;;0.000215;0.008602
1273;car;0.8641976714134216;1015;309;1160;407;NO;1015;309;1159;404;;0.000160;0.008686
1273;car;0.8432093262672424;1399;323;1535;412;NO;1399;323;1534;411;;0.000160;0.009845
1274;car;0.8706930875778198;1008;310;1157;410;NO;1044;372;1086;385;;0.000357;0.007170
1274;car;0.8128786087036133;1397;324;1529;410;NO;1397;324;1528;409;;0.000357;0.008878
1275;car;0.8736183047294617;1001;310;1155;412;NO;1039;373;1081;386;;0.000196;0.009817
1275;car;0.8453565239906311;1399;325;1523;410;NO;1399;325;1522;410;;0.000196;0.008080
1276;car;0.8961193561553955;993;309;1151;414;NO;1036;374;1076;387;;0.000309;0.008583
1276;car;0.7906454205513;1396;327;1516;409;NO;1396;327;1515;408;;0.000309;0.008663
1277;car;0.8649817705154419;1387;322;1512;407;NO;1387;322;1511;406;;0.000264;0.008419
1277;car;0.8548566102981567;988;309;1148;419;NO;1028;374;1071;389;;0.000264;0.007754
1278;car;0.8530604243278503;981;308;1145;421;NO;1020;375;1065;390;;0.000246;0.006202
1278;car;0.841686487197876;1386;321;1508;406;NO;1387;321;1508;406;;0.000246;0.008021
1278;car;0.7029809355735779;1131;316;1202;360;NO;1142;316;1201;359;;0.000246;0.006916
1279;car;0.8723104000091553;972;307;1141;422;NO;1011;376;1060;391;;0.000161;0.007304
1279;car;0.8453828692436218;1384;323;1506;405;NO;1384;323;1505;405;;0.000161;0.007923
1279;car;0.7125095129013062;1134;316;1202;361;NO;1134;316;1200;361;;0.000161;0.006343
1280;car;0.854213297367096;967;307;1138;424;NO;1012;378;1053;392;;0.000190;0.005962
1280;car;0.7983182072639465;1381;320;1501;405;NO;1381;320;1499;405;;0.000190;0.008461
1280;car;0.7201768755912781;1134;317;1201;361;NO;1136;317;1200;359;;0.000190;0.008853
1281;car;0.8599843978881836;957;306;1136;427;NO;1001;380;1047;394;;0.000281;0.006528
1281;car;0.8038452863693237;1379;321;1494;403;NO;1379;321;1493;403;;0.000281;0.007932
1281;car;0.7145718336105347;1133;316;1200;361;NO;1134;316;1199;360;;0.000281;0.007688
1282;car;0.8694854974746704;950;305;1134;428;NO;992;381;1041;397;;0.000160;0.006205
1282;car;0.7461021542549133;1376;321;1489;402;NO;1376;321;1488;402;;0.000160;0.007920
1282;car;0.7150751352310181;1133;316;1200;362;NO;1134;316;1199;362;;0.000160;0.007105
1283;car;0.8926212191581726;940;303;1132;429;NO;983;382;1034;399;;0.000208;0.006641
1283;car;0.7839329242706299;1373;321;1485;401;NO;1373;321;1484;401;;0.000208;0.007805
1284;car;0.8938126564025879;931;304;1129;433;NO;975;385;1026;402;;0.000272;0.006438
1284;car;0.766578197479248;1371;322;1482;397;NO;1371;322;1481;397;;0.000272;0.008044
1285;car;0.8871207237243652;923;303;1129;438;NO;966;386;1019;404;;0.000197;0.006567
1285;car;0.7293004989624023;1371;324;1475;397;NO;1371;324;1474;397;;0.000197;0.007833
1286;car;0.871666669845581;912;302;1120;441;NO;955;389;1011;406;;0.000199;0.007854
1286;car;0.7708162069320679;1366;324;1470;394;NO;1366;324;1470;393;;0.000199;0.007725
1286;car;0.7009745836257935;1122;313;1203;365;NO;1122;313;1202;365;;0.000199;0.006418
1287;car;0.8556154370307922;900;302;1117;445;NO;948;392;1002;409;;0.000283;0.006305
1287;car;0.8117771744728088;1365;325;1469;393;NO;1365;325;1469;393;;0.000283;0.009592
1288;car;0.8759439587593079;890;303;1109;451;NO;935;392;993;411;;0.000182;0.007800
1288;car;0.788292407989502;1362;325;1467;392;NO;1362;325;1466;391;;0.000182;0.008900
1288;car;0.7073134779930115;1120;313;1201;364;NO;1120;313;1200;362;;0.000182;0.007504
1289;car;0.8717603087425232;877;302;1106;453;NO;928;397;983;415;;0.000298;0.007010
1289;car;0.7461522221565247;1362;325;1461;392;NO;1362;325;1461;392;;0.000298;0.009900
1289;car;0.7450470924377441;1118;313;1202;364;NO;1118;313;1201;363;;0.000298;0.006939
1290;car;0.8698461055755615;865;302;1099;457;NO;912;399;973;418;;0.000106;0.010720
1290;car;0.7162823677062988;1355;324;1460;389;NO;1356;324;1459;389;;0.000106;0.007524
1290;car;0.7127172350883484;1117;312;1204;364;NO;1117;312;1203;363;;0.000106;0.008368
1291;car;0.8846833109855652;848;301;1094;460;NO;899;402;962;421;;0.000243;0.007618
1291;car;0.7751505374908447;1353;324;1452;387;NO;1353;324;1452;387;;0.000243;0.008111
1291;car;0.7510120868682861;1117;312;1199;367;NO;1117;312;1198;367;;0.000243;0.008052
1292;car;0.8969193696975708;836;300;1089;466;NO;885;404;950;425;;0.000233;0.007157
1292;car;0.755328357219696;1116;313;1196;368;NO;1116;313;1195;368;;0.000233;0.007149
1293;car;0.9195906519889832;818;301;1086;473;NO;870;408;938;427;;0.000232;0.011610
1293;car;0.7672630548477173;1116;313;1194;367;NO;1116;313;1193;367;;0.000232;0.010082
1294;car;0.9055785536766052;801;302;1077;478;NO;853;410;925;432;;0.000207;0.008153
1294;car;0.7742908000946045;1349;322;1449;386;NO;1378;383;1407;386;;0.000207;0.011666
1294;car;0.7682538628578186;1115;313;1195;368;NO;1115;313;1194;368;;0.000207;0.009656
1295;car;0.8919570446014404;785;302;1072;483;NO;840;415;911;436;;0.000193;0.007784
1295;car;0.7776104211807251;1344;322;1447;385;NO;1345;322;1446;385;;0.000193;0.006857
1295;car;0.7261267900466919;1114;313;1196;369;NO;1114;313;1195;368;;0.000193;0.007129
1296;car;0.8999258875846863;768;300;1066;489;SÍ;824;419;895;440;EAF;0.000173;0.022572
1296;car;0.7684223055839539;1114;311;1196;370;NO;1114;311;1195;368;;0.000173;0.008795
1296;car;0.7337388396263123;1344;322;1438;384;NO;1344;322;1437;384;;0.000173;0.009894
1297;car;0.9077932834625244;745;299;1058;496;NO;801;421;879;446;;0.000140;0.007104
1297;car;0.8124344944953918;1112;311;1193;370;NO;1112;311;1192;367;;0.000140;0.007364
1297;car;0.7345632314682007;1344;321;1434;384;NO;1344;322;1433;384;;0.000140;0.007601
1298;car;0.9103081822395325;726;298;1050;501;NO;780;427;862;452;;0.000235;0.010663
1298;car;0.8085169196128845;1109;311;1192;371;NO;1109;311;1191;369;;0.000235;0.009093
1299;car;0.9099212884902954;700;298;1042;511;NO;757;432;843;459;;0.000203;0.010811
1299;car;0.7890815138816833;1106;311;1192;371;NO;1106;311;1191;369;;0.000203;0.008031
1300;car;0.9355255961418152;674;297;1032;518;SÍ;735;439;821;465;6724;0.000176;0.006189
1300;car;0.7980781197547913;1104;311;1193;373;NO;1104;311;1192;372;;0.000176;0.007742
1301;car;0.9314081072807312;646;296;1024;528;NO;707;444;798;472;;0.000292;0.010238
1301;car;0.810873806476593;1104;311;1189;374;NO;1104;311;1188;374;;0.000292;0.010494
1302;car;0.9410215616226196;612;294;1015;536;NO;676;449;773;480;;0.000264;0.009135
1302;car;0.7684862017631531;1101;310;1189;375;NO;1101;310;1188;375;;0.000264;0.011252
1303;car;0.9396346211433411;580;293;1004;542;NO;640;457;746;489;;0.000214;0.010227
1303;car;0.7253518104553223;1099;309;1189;376;NO;1099;309;1188;376;;0.000214;0.008727
1304;car;0.934737503528595;541;293;995;559;NO;607;466;714;498;;0.000255;0.007043
1304;car;0.7040055990219116;1098;311;1188;377;NO;1098;311;1187;376;;0.000255;0.010606
1305;car;0.9138436913490295;500;292;981;568;NO;564;471;679;507;;0.000234;0.009772
1305;car;0.7187494039535522;1095;310;1187;379;NO;1095;310;1186;379;;0.000234;0.011074
1306;car;0.92084139585495;449;292;972;587;NO;518;483;641;519;;0.000187;0.010303
1306;car;0.7426577806472778;1092;312;1187;381;NO;1092;312;1186;381;;0.000187;0.010357
1307;car;0.930850625038147;395;289;955;605;NO;398;290;954;598;;0.000352;0.088523
1307;car;0.7764374017715454;1092;310;1184;382;NO;1092;310;1183;382;;0.000352;0.008179
1308;car;0.9218649864196777;337;286;938;616;NO;338;287;937;606;;0.000160;0.105154
1308;car;0.7814485430717468;1089;310;1182;381;NO;1089;310;1181;379;;0.000160;0.007394
1309;car;0.9132776856422424;267;287;922;640;NO;267;287;920;640;;0.000177;0.068029
1309;car;0.8072187304496765;1084;310;1182;383;NO;1084;310;1181;383;;0.000177;0.007407
1310;car;0.8957210183143616;186;285;906;665;NO;186;286;903;655;;0.000206;0.096973
1310;car;0.807117223739624;1083;311;1180;384;NO;1083;311;1179;383;;0.000206;0.007026
1311;car;0.9323476552963257;90;281;888;696;NO;91;282;884;686;;0.000226;0.095174
1311;car;0.7858696579933167;1080;311;1178;385;NO;1080;311;1177;383;;0.000226;0.006608
1311;car;0.7354077100753784;1319;325;1397;371;NO;1319;325;1396;371;;0.000226;0.006627
1312;car;0.9291315078735352;2;278;866;728;NO;3;280;841;720;;0.000187;0.110601
1312;car;0.7998563647270203;1077;311;1176;385;NO;1077;311;1174;384;;0.000187;0.007493
1312;car;0.7596158385276794;1319;325;1396;372;NO;1319;325;1395;372;;0.000187;0.007045
1313;car;0.9247840642929077;0;278;847;768;NO;0;278;827;768;;0.000197;0.100427
1313;car;0.7823566794395447;1072;310;1174;385;NO;1072;310;1173;385;;0.000197;0.010578
1313;car;0.7684064507484436;1316;324;1394;371;NO;1316;324;1393;371;;0.000197;0.007345
1314;car;0.9364433288574219;0;273;819;830;NO;0;280;530;824;;0.000399;0.091508
1314;car;0.7613815665245056;1070;310;1173;386;NO;1070;310;1172;386;;0.000399;0.009820
1314;car;0.7485758066177368;1318;326;1391;370;NO;1318;326;1390;370;;0.000399;0.010933
1315;car;0.9427319765090942;0;269;795;911;NO;1;269;793;877;;0.000184;0.105743
1315;car;0.7271815538406372;1314;327;1391;370;NO;1314;327;1390;370;;0.000184;0.009040
1315;car;0.7214299440383911;1068;310;1171;385;NO;1068;311;1170;383;;0.000184;0.007939
1316;car;0.9371747374534607;0;266;762;953;NO;1;267;759;928;;0.000108;0.100938
1316;car;0.7427805066108704;1064;310;1171;386;NO;1064;310;1170;385;;0.000108;0.009356
1317;car;0.9597024917602539;0;260;721;1039;NO;5;260;710;916;;0.000159;0.102044
1317;car;0.7370967864990234;1060;311;1170;388;NO;1060;311;1169;388;;0.000159;0.007942
1318;car;0.9453796744346619;1;260;679;979;NO;1;263;665;937;;0.000151;0.066096
1318;car;0.7372320294380188;1060;310;1171;390;NO;1060;310;1170;390;;0.000151;0.008169
1318;car;0.7035456895828247;1310;329;1385;370;NO;1310;329;1384;370;;0.000151;0.007975
1319;car;0.9394559860229492;1;257;633;958;NO;1;262;629;943;;0.000152;0.064642
1319;car;0.7787916660308838;1055;311;1169;394;NO;1055;311;1168;393;;0.000152;0.007498
1319;car;0.7058412432670593;1309;327;1380;369;NO;1309;327;1379;369;;0.000152;0.007191
1320;car;0.9309606552124023;1;243;576;956;NO;2;256;571;950;;0.000300;0.107961
1320;car;0.7502807378768921;1052;311;1167;394;NO;1052;311;1165;393;;0.000300;0.007933
1321;car;0.9458286166191101;1;241;522;957;NO;1;280;522;950;;0.000344;0.109100
1321;car;0.7579686641693115;1049;310;1169;395;NO;1082;363;1115;375;;0.000344;0.006344
1322;car;0.9331533312797546;0;256;431;955;NO;0;273;431;949;;0.000264;0.046156
1322;car;0.7952470779418945;1045;309;1165;395;NO;1078;363;1112;376;;0.000264;0.006328
1323;car;0.8970208764076233;1;293;337;1019;NO;1;298;337;1007;;0.000239;0.095153
1323;car;0.7964878082275391;1042;308;1165;397;NO;1077;364;1109;377;;0.000239;0.006387
1324;car;0.8737618923187256;0;395;216;1007;NO;0;396;216;974;;0.000157;0.088947
1324;car;0.8109996914863586;1037;308;1162;399;NO;1072;365;1106;378;;0.000157;0.006740
1324;car;0.7000868320465088;1305;326;1370;365;NO;1305;326;1369;365;;0.000157;0.007161
1325;car;0.8219722509384155;1032;308;1161;401;NO;1070;365;1103;379;;0.000331;0.007476
1326;car;0.831210732460022;1027;308;1159;402;NO;1067;366;1100;380;;0.000171;0.006420
1327;car;0.8410326838493347;1022;308;1159;404;NO;1022;308;1158;403;;0.000245;0.008635
1328;car;0.8432024717330933;1018;310;1159;405;NO;1057;369;1093;382;;0.000122;0.006474
1329;car;0.8586440682411194;1014;310;1159;407;NO;1051;370;1089;384;;0.000175;0.006875
1330;car;0.8525610566139221;1010;310;1152;409;NO;1045;370;1085;386;;0.000145;0.006968
1331;car;0.8733590245246887;1003;309;1150;410;NO;1003;309;1149;409;;0.000232;0.007773
1332;car;0.882644534111023;994;307;1146;411;SÍ;1036;373;1077;388;QD;0.000194;0.007490
1332;car;0.7118121385574341;1139;306;1198;355;NO;1139;306;1197;355;;0.000194;0.006832
1333;car;0.8483145236968994;992;308;1144;415;SÍ;1031;374;1072;389;O;0.000164;0.006903
1333;car;0.7239803671836853;1138;306;1198;355;NO;1138;306;1197;354;;0.000164;0.007272
1334;car;0.8391953110694885;985;308;1141;418;SÍ;1024;375;1068;391;KD;0.000148;0.007324
1335;car;0.8683547973632812;979;308;1140;419;SÍ;1019;375;1063;393;UD;0.000243;0.007082
1336;car;0.8752511143684387;971;307;1138;420;SÍ;1013;376;1058;395;WD;0.000156;0.006995
1337;car;0.8630160093307495;966;306;1137;422;NO;1008;378;1052;395;;0.000164;0.008917
1337;car;0.7123185396194458;1131;306;1197;358;NO;1132;306;1196;357;;0.000164;0.009710
1338;car;0.8618988990783691;958;306;1136;425;SÍ;1001;379;1047;397;Q;0.000193;0.006535
1339;car;0.8516965508460999;951;305;1131;427;SÍ;995;381;1041;399;OD;0.000166;0.007325
1339;car;0.7138553261756897;1126;305;1198;360;NO;1126;305;1197;360;;0.000166;0.007883
1340;car;0.8532841205596924;944;304;1129;428;SÍ;988;381;1036;401;QDD;0.000194;0.007568
1340;car;0.7285561561584473;1126;305;1198;360;NO;1126;305;1197;360;;0.000194;0.007099
1341;car;0.8805796504020691;935;303;1130;430;SÍ;980;384;1028;404;QD;0.000157;0.006423
1341;car;0.7338001132011414;1126;305;1197;359;NO;1129;305;1196;359;;0.000157;0.007015
1342;car;0.8590534329414368;926;303;1128;434;SÍ;973;386;1022;405;QD;0.000190;0.006776
1342;car;0.7467840313911438;1124;305;1196;361;NO;1126;305;1195;360;;0.000190;0.006800
1343;car;0.7673307657241821;918;302;1124;438;SÍ;965;387;1015;409;W;0.000322;0.006950
1343;car;0.7560021877288818;1124;305;1197;360;NO;1125;305;1196;360;;0.000322;0.006355
1344;car;0.834684431552887;907;303;1115;439;SÍ;954;390;1007;411;QD;0.000316;0.006895
1344;car;0.7809841632843018;1124;304;1198;361;NO;1124;304;1197;359;;0.000316;0.007203
1345;car;0.8577818274497986;900;303;1108;444;SÍ;947;392;999;414;WD9PE;0.000295;0.006358
1345;car;0.7929936051368713;1123;303;1197;361;NO;1123;303;1196;361;;0.000295;0.007492
1346;car;0.8124415278434753;887;302;1107;448;SÍ;937;394;991;417;GD2F;0.000312;0.006174
1346;car;0.7692067623138428;1122;303;1197;362;NO;1122;303;1196;361;;0.000312;0.011222
1347;car;0.8580598831176758;876;301;1104;452;SÍ;926;396;983;422;GD;0.000358;0.007395
1347;car;0.7840093374252319;1121;304;1195;362;NO;1121;304;1194;362;;0.000358;0.007518
1348;car;0.8475711941719055;866;301;1099;455;SÍ;914;401;972;422;QT;0.000108;0.007603
1348;car;0.7556988000869751;1121;303;1194;362;NO;1121;303;1193;360;;0.000108;0.006832
1349;car;0.8676665425300598;851;301;1094;459;SÍ;902;403;963;427;G;0.000234;0.007038
1349;car;0.7415082454681396;1118;303;1194;361;NO;1118;303;1193;361;;0.000234;0.006330
1350;car;0.8922609090805054;839;301;1092;463;SÍ;889;405;952;431;WDDI;0.000234;0.006682
1350;car;0.7389928102493286;1119;303;1196;362;NO;1119;303;1195;362;;0.000234;0.006480
1351;car;0.8809719681739807;826;301;1086;468;SÍ;879;407;942;435;T;0.000241;0.017798
1351;car;0.7327765822410583;1117;302;1196;363;NO;1117;302;1195;363;;0.000241;0.007192
1352;car;0.8935320973396301;809;301;1080;474;SÍ;864;410;930;437;ZLFGY;0.000202;0.020483
1352;car;0.7412526607513428;1116;303;1193;363;NO;1116;303;1192;361;;0.000202;0.007144
1353;car;0.890102744102478;796;301;1074;479;SÍ;850;414;917;441;EF;0.000178;0.015423
1353;car;0.7278645634651184;1117;302;1191;363;NO;1117;302;1190;361;;0.000178;0.008076
1354;car;0.8930763602256775;779;298;1067;485;SÍ;832;417;903;445;ZL;0.000168;0.017265
1354;car;0.7352709174156189;1116;303;1191;364;NO;1116;303;1190;362;;0.000168;0.006705
1355;car;0.9008257985115051;761;299;1062;489;SÍ;815;420;889;450;ALE;0.000272;0.040123
1355;car;0.742713212966919;1117;302;1192;366;NO;1117;302;1191;364;;0.000272;0.011382
1356;car;0.899243175983429;742;296;1057;495;SÍ;801;424;874;455;IE;0.000157;0.016527
1356;car;0.7191693186759949;1116;301;1192;366;NO;1116;301;1191;364;;0.000157;0.006809
1357;car;0.9076203107833862;724;295;1048;501;SÍ;778;427;857;460;E;0.000286;0.016088
1357;car;0.7457325458526611;1114;302;1189;366;NO;1114;302;1188;364;;0.000286;0.007440
1358;car;0.9140152335166931;701;295;1044;510;SÍ;758;433;839;465;FF;0.000191;0.016682
1358;car;0.7355996966362;1113;302;1189;367;NO;1113;302;1188;365;;0.000191;0.008417
1359;car;0.9116111993789673;679;296;1034;518;SÍ;735;438;820;470;EE;0.000176;0.025165
1359;car;0.7400978207588196;1109;302;1188;368;NO;1109;302;1187;366;;0.000176;0.006744
1360;car;0.9483799934387207;653;295;1027;523;SÍ;711;444;800;476;ED;0.000183;0.032731
1360;car;0.7207707166671753;1108;301;1189;369;NO;1108;301;1188;368;;0.000183;0.007337
1361;car;0.9495662450790405;622;295;1019;532;SÍ;683;450;778;485;4D;0.000201;0.019525
1361;car;0.749565839767456;1105;301;1189;370;NO;1105;301;1188;368;;0.000201;0.006912
1362;car;0.9407466650009155;595;295;1010;538;SÍ;656;456;752;491;TTE;0.000169;0.018536
1362;car;0.7553054094314575;1107;300;1187;369;NO;1107;300;1186;366;;0.000169;0.007161
1363;car;0.9345914721488953;562;295;1004;545;SÍ;627;463;727;497;Z;0.000179;0.016106
1363;car;0.7296996116638184;1103;300;1188;372;NO;1103;300;1187;367;;0.000179;0.008270
1364;car;0.9220408797264099;527;293;993;561;SÍ;528;294;991;553;CTE;0.000355;0.053570
1364;car;0.7641710042953491;1102;300;1188;374;NO;1102;300;1187;371;;0.000355;0.012642
1365;car;0.9193598628044128;490;292;980;567;SÍ;490;293;978;561;CTE;0.000271;0.054885
1365;car;0.7568396925926208;1099;299;1188;375;NO;1099;299;1187;372;;0.000271;0.007026
1366;car;0.9233389496803284;447;290;970;585;SÍ;447;291;966;578;Z;0.000276;0.046049
1366;car;0.7240901589393616;1099;300;1187;375;NO;1099;300;1186;372;;0.000276;0.010207
1367;car;0.9427715539932251;400;289;957;598;SÍ;401;290;955;592;22;0.000171;0.056909
1367;car;0.7103646397590637;1097;299;1187;377;NO;1097;299;1186;374;;0.000171;0.010976
1368;car;0.9391449689865112;348;288;942;612;NO;349;288;939;606;;0.000180;0.042034
1368;car;0.7132740616798401;1095;298;1185;376;NO;1095;298;1184;373;;0.000180;0.011490
1369;car;0.9412863850593567;290;289;928;630;NO;290;289;926;625;;0.000270;0.105024
1369;car;0.7085255980491638;1094;297;1185;379;NO;1094;297;1184;375;;0.000270;0.006774
1370;car;0.9289394021034241;225;283;914;650;NO;226;283;905;638;;0.000233;0.105602
1370;car;0.7641734480857849;1090;299;1184;381;NO;1090;299;1183;379;;0.000233;0.012981
1371;car;0.921424388885498;151;280;901;668;NO;152;280;899;657;;0.000192;0.094802
1371;car;0.8006163239479065;1087;299;1183;381;NO;1087;299;1182;376;;0.000192;0.008157
1372;car;0.92580246925354;67;278;879;694;NO;68;281;869;685;;0.000187;0.114713
1372;car;0.8160389065742493;1085;299;1182;383;NO;1085;299;1181;382;;0.000187;0.006508
1373;car;0.9270345568656921;0;276;863;725;NO;2;278;855;716;;0.000227;0.078632
1373;car;0.8566617965698242;1081;299;1181;383;NO;1081;299;1180;380;;0.000227;0.008634
1374;car;0.9394568800926208;1;275;844;759;NO;2;278;836;755;;0.000282;0.077076
1374;car;0.8629695773124695;1078;299;1182;384;NO;1078;299;1181;381;;0.000282;0.009736
1375;car;0.9492049217224121;0;276;821;803;NO;0;276;818;803;;0.000192;0.083809
1375;car;0.8483682870864868;1073;300;1181;385;NO;1073;300;1180;385;;0.000192;0.009194
1376;car;0.9428303837776184;0;272;799;858;NO;0;272;798;841;;0.000185;0.105788
1376;car;0.8428565859794617;1071;299;1180;386;NO;1071;299;1179;385;;0.000185;0.007526
1377;car;0.9440515637397766;0;267;770;921;NO;0;268;769;909;;0.000166;0.108157
1377;car;0.8160253167152405;1069;299;1179;387;NO;1069;299;1178;386;;0.000166;0.007689
1378;car;0.9564098715782166;0;267;740;979;NO;1;270;739;954;;0.000208;0.081847
1378;car;0.8202536702156067;1067;298;1179;388;NO;1067;298;1178;386;;0.000208;0.006952
1379;car;0.9649709463119507;0;261;706;1037;NO;2;268;699;904;;0.000285;0.100363
1379;car;0.7857232689857483;1064;299;1178;389;NO;1064;299;1176;389;;0.000285;0.007350
1380;car;0.9586564302444458;1;259;671;934;NO;1;265;652;923;;0.000176;0.100034
1380;car;0.7733585238456726;1060;299;1177;390;NO;1060;299;1176;389;;0.000176;0.007718
1381;car;0.9554548859596252;1;253;628;929;NO;5;266;613;917;;0.000102;0.097899
1381;car;0.8028901815414429;1056;298;1176;392;NO;1056;298;1174;392;;0.000102;0.007332
1382;car;0.9519203901290894;1;252;580;929;NO;1;263;563;925;;0.000201;0.114736
1382;car;0.8641816973686218;1054;297;1172;393;NO;1054;297;1171;391;;0.000201;0.011258
1383;car;0.9461619853973389;1;260;525;926;NO;1;278;525;921;;0.000166;0.054758
1383;car;0.838977575302124;1052;296;1172;394;NO;1052;296;1171;390;;0.000166;0.009032
1384;car;0.9288044571876526;1;279;460;927;NO;1;292;460;912;;0.000148;0.097472
1384;car;0.8518621921539307;1046;294;1170;396;NO;1046;294;1169;392;;0.000148;0.007615
1385;car;0.9378199577331543;0;308;385;938;NO;0;308;385;930;;0.000268;0.115497
1385;car;0.8193464279174805;1043;295;1170;397;NO;1043;295;1169;393;;0.000268;0.007328
1386;car;0.8964282870292664;0;367;295;1019;NO;0;369;295;1000;;0.000199;0.095620
1386;car;0.8166607022285461;1040;295;1167;397;NO;1040;295;1166;394;;0.000199;0.007079
1386;car;0.7197884917259216;1174;310;1240;360;NO;1174;310;1239;360;;0.000199;0.006605
1387;car;0.8574656844139099;0;429;188;974;NO;;;;;;0.000157;0.000000
1387;car;0.838252067565918;1035;294;1166;399;NO;1035;294;1165;395;;0.000157;0.007129
1387;car;0.7351866364479065;1173;310;1241;361;NO;1173;310;1240;360;;0.000157;0.008433
1388;car;0.842041552066803;1031;294;1166;402;NO;1031;294;1165;401;;0.000208;0.009130
1388;car;0.7585102915763855;1173;310;1241;361;NO;1173;310;1240;360;;0.000208;0.007278
1389;car;0.8091750741004944;1027;293;1164;403;NO;1027;293;1163;400;;0.000153;0.007716
1389;car;0.7962948083877563;1173;310;1242;361;NO;1173;310;1241;361;;0.000153;0.006597
1390;car;0.7929555177688599;1021;295;1163;405;NO;1021;295;1162;401;;0.000279;0.008166
1390;car;0.7862933874130249;1174;310;1244;362;NO;1176;310;1243;362;;0.000279;0.007199
1391;car;0.8308267593383789;1018;295;1159;407;NO;1018;295;1158;406;;0.000186;0.008578
1391;car;0.7809651494026184;1174;310;1245;363;NO;1175;310;1244;362;;0.000186;0.007485
1392;car;0.8440203070640564;1012;292;1157;408;NO;1012;292;1156;407;;0.000173;0.008018
1392;car;0.7974936962127686;1174;310;1245;364;NO;1174;310;1244;364;;0.000173;0.013866
1393;car;0.8452243208885193;1007;291;1156;409;NO;1007;291;1155;405;;0.000248;0.008465
1393;car;0.842299222946167;1174;312;1248;366;NO;1174;312;1246;366;;0.000248;0.010009
1393;car;0.751999020576477;1840;407;1919;551;NO;1840;407;1918;550;;0.000248;0.008493
1394;car;0.8892868161201477;999;292;1152;412;NO;999;292;1151;411;;0.000220;0.013575
1394;car;0.7973487377166748;1174;311;1247;366;NO;1174;311;1246;366;;0.000220;0.008206
1394;car;0.7805824875831604;1819;393;1919;542;NO;1819;393;1919;541;;0.000220;0.007997
1395;car;0.835534393787384;994;291;1150;412;NO;994;292;1149;407;;0.000213;0.008374
1395;car;0.8200183510780334;1799;376;1919;537;NO;1799;376;1919;537;;0.000213;0.082129
1395;car;0.7729275822639465;1174;310;1248;367;NO;1174;310;1247;367;;0.000213;0.007655
1396;car;0.8753017783164978;1782;367;1919;534;NO;1782;367;1917;533;;0.000297;0.010113
1396;car;0.8591118454933167;989;291;1150;414;NO;989;291;1149;411;;0.000297;0.008710
1396;car;0.7759270071983337;1174;312;1250;367;NO;1174;312;1249;367;;0.000297;0.006983
1397;car;0.8756589889526367;983;290;1146;418;NO;1026;381;1070;394;;0.000199;0.009264
1397;car;0.8740847706794739;1764;351;1919;532;NO;1764;351;1919;530;;0.000199;0.010080
1397;car;0.7781984210014343;1176;312;1251;368;NO;1176;312;1250;367;;0.000199;0.007636
1398;car;0.8877672553062439;976;290;1145;419;NO;1019;382;1065;396;;0.000202;0.011569
1398;car;0.870644211769104;1745;345;1919;526;NO;1745;345;1918;525;;0.000202;0.011766
1398;car;0.7716429233551025;1176;310;1252;369;NO;1176;310;1251;369;;0.000202;0.007130
1399;car;0.9056122303009033;970;289;1144;421;NO;970;289;1143;418;;0.000306;0.010238
1399;car;0.8825321197509766;1729;346;1919;526;NO;1729;346;1918;519;;0.000306;0.012178
1399;car;0.7758538722991943;1177;310;1254;369;NO;1177;310;1253;369;;0.000306;0.007709
1400;car;0.8942832946777344;962;289;1141;423;NO;1009;384;1055;399;;0.000431;0.007732
1400;car;0.8592696785926819;1713;345;1919;546;NO;1713;345;1918;525;;0.000431;0.013491
1400;car;0.7624316811561584;1177;310;1255;370;NO;1177;310;1254;370;;0.000431;0.007570
1401;car;0.8917425870895386;956;289;1139;426;NO;1002;386;1048;401;;0.000157;0.007638
1401;car;0.8853535652160645;1696;341;1919;549;NO;1696;341;1919;549;;0.000157;0.014821
1401;car;0.7957398295402527;1177;308;1255;370;NO;1178;308;1254;369;;0.000157;0.007474
1402;car;0.8996632099151611;1684;337;1919;548;NO;1684;338;1919;548;;0.000149;0.015846
1402;car;0.8798620104789734;948;287;1137;428;NO;996;387;1043;403;;0.000149;0.006547
1402;car;0.7770851850509644;1177;309;1255;371;NO;1178;309;1254;370;;0.000149;0.007294
1403;car;0.8863908648490906;1670;337;1919;538;NO;1670;339;1918;534;;0.000254;0.017187
1403;car;0.8315507173538208;940;287;1135;430;NO;989;389;1038;405;;0.000254;0.007023
1403;car;0.7457308769226074;1177;309;1256;371;NO;1177;309;1255;371;;0.000254;0.007145
1404;car;0.9038785696029663;1657;336;1920;535;NO;1658;337;1919;530;;0.000160;0.019293
1404;car;0.7845976948738098;932;286;1132;433;NO;979;391;1031;407;;0.000160;0.006628
1404;car;0.7512685656547546;1177;308;1256;372;NO;1177;308;1255;371;;0.000160;0.011565
1405;car;0.914458155632019;1644;335;1920;530;NO;1644;335;1919;523;;0.000182;0.016498
1405;car;0.8676935434341431;925;285;1131;436;NO;972;394;1024;410;;0.000182;0.007153
1405;car;0.7631410360336304;1177;306;1257;373;NO;1177;306;1256;372;;0.000182;0.008276
1406;car;0.916297972202301;1634;336;1920;526;NO;1634;336;1919;519;;0.000163;0.016240
1406;car;0.880763828754425;915;285;1128;440;NO;965;396;1017;413;;0.000163;0.006356
1406;car;0.7385169863700867;1177;306;1260;374;NO;1177;306;1259;372;;0.000163;0.006809
1407;car;0.9108712673187256;1623;332;1920;526;NO;1623;332;1920;516;;0.000186;0.017673
1407;car;0.8608676791191101;904;284;1121;442;NO;956;398;1010;415;;0.000186;0.007771
1407;car;0.7618356943130493;1176;305;1259;375;NO;1176;305;1258;373;;0.000186;0.006708
1408;car;0.9042630791664124;1614;333;1919;522;NO;1614;333;1919;521;;0.000253;0.017705
1408;car;0.83992600440979;895;284;1118;445;NO;947;400;1002;418;;0.000253;0.007089
1408;car;0.752353847026825;1177;306;1259;376;NO;1177;306;1258;374;;0.000253;0.006946
1409;car;0.892960250377655;1601;332;1919;516;NO;1601;332;1918;513;;0.000195;0.017640
1409;car;0.8495730757713318;883;284;1112;451;NO;937;403;994;421;;0.000195;0.006758
1409;car;0.7407668828964233;1179;305;1260;377;NO;1179;305;1259;376;;0.000195;0.007113
1410;car;0.8945711851119995;1594;332;1917;512;NO;1594;332;1916;512;;0.000182;0.021142
1410;car;0.8809826970100403;873;284;1108;457;NO;925;403;985;425;;0.000182;0.012220
1410;car;0.7564229369163513;1178;304;1261;377;NO;1178;305;1260;374;;0.000182;0.008434
1411;car;0.9062002897262573;1584;332;1911;507;NO;1584;332;1910;507;;0.000243;0.021362
1411;car;0.8829757571220398;861;284;1104;457;NO;915;409;976;428;;0.000243;0.008048
1411;car;0.8001266121864319;1178;305;1262;378;NO;1179;305;1261;376;;0.000243;0.007448
1412;car;0.9179651737213135;1573;331;1897;504;NO;1573;331;1896;504;;0.000225;0.020449
1412;car;0.8839515447616577;847;283;1099;462;SÍ;906;410;966;431;225;0.000225;0.006785
1412;car;0.7803308367729187;1179;306;1263;378;NO;1179;306;1262;374;;0.000225;0.007398
1413;car;0.910264790058136;1566;332;1878;500;NO;1566;332;1877;500;;0.000219;0.017756
1413;car;0.8943631649017334;833;282;1094;469;NO;894;413;956;434;;0.000219;0.011555
1413;car;0.7654925584793091;1179;306;1263;380;NO;1180;307;1262;377;;0.000219;0.008557
1414;car;0.9114859700202942;818;280;1091;473;SÍ;879;418;944;438;E725L;0.000227;0.019885
1414;car;0.9099506735801697;1557;331;1860;497;NO;1557;332;1859;495;;0.000227;0.017073
1414;car;0.7759580016136169;1180;306;1264;382;NO;1180;306;1263;377;;0.000227;0.008597
1415;car;0.9070886373519897;1551;332;1845;493;NO;1551;332;1843;491;;0.000220;0.015893
1415;car;0.9000638723373413;803;280;1088;478;SÍ;862;421;933;442;EZCSLG;0.000220;0.018737
1415;car;0.7961964011192322;1180;307;1267;382;NO;1180;307;1266;378;;0.000220;0.008073
1416;car;0.9078062176704407;1546;330;1827;490;NO;1546;330;1827;490;;0.000112;0.014335
1416;car;0.8857209086418152;787;280;1082;484;SÍ;849;425;920;446;IEGG;0.000112;0.019614
1416;car;0.8544140458106995;1178;308;1270;383;NO;1179;308;1269;381;;0.000112;0.006668
1417;car;0.8875221014022827;1536;330;1814;486;NO;1536;331;1813;486;;0.000213;0.014724
1417;car;0.8781774044036865;771;277;1076;489;SÍ;834;430;907;451;EL;0.000213;0.034454
1417;car;0.8396540880203247;1178;308;1275;385;NO;1178;308;1273;384;;0.000213;0.007641
1418;car;0.9043471217155457;1530;331;1799;484;NO;1530;331;1797;484;;0.000223;0.014173
1418;car;0.8829342126846313;750;274;1067;496;SÍ;816;431;892;457;EEAL;0.000223;0.006464
1418;car;0.8274890184402466;1178;308;1274;386;NO;1179;308;1273;383;;0.000223;0.008845
1419;car;0.8713861703872681;1522;331;1784;480;NO;1522;331;1783;480;;0.000163;0.014200
1419;car;0.8705866932868958;731;271;1061;503;SÍ;802;438;875;462;BE;0.000163;0.019211
1419;car;0.8409118056297302;1177;309;1277;386;NO;1178;309;1276;383;;0.000163;0.011254
1420;car;0.9176465272903442;710;273;1053;513;SÍ;775;445;859;470;BEAET;0.000245;0.019470
1420;car;0.8757894039154053;1516;328;1773;477;NO;1516;328;1772;475;;0.000245;0.012810
1420;car;0.8470569252967834;1179;307;1280;388;NO;1179;307;1278;383;;0.000245;0.007335
1421;car;0.9113444089889526;684;271;1046;520;SÍ;753;450;841;476;EZI;0.000208;0.017535
1421;car;0.8709383010864258;1513;328;1758;475;NO;1513;330;1757;472;;0.000208;0.013344
1421;car;0.8516084551811218;1179;307;1279;388;NO;1179;307;1278;383;;0.000208;0.007043
1422;car;0.9057570099830627;661;268;1042;529;SÍ;729;456;821;483;EE;0.000185;0.018609
1422;car;0.861972451210022;1508;330;1747;470;NO;1645;414;1702;437;;0.000185;0.006657
1422;car;0.8223183155059814;1178;306;1280;389;NO;1180;306;1279;384;;0.000185;0.011668
1423;car;0.9102096557617188;630;267;1031;536;SÍ;705;463;799;491;967;0.000185;0.006337
1423;car;0.8741453886032104;1178;306;1282;390;NO;1181;306;1281;385;;0.000185;0.007972
1423;car;0.860023558139801;1503;330;1733;468;NO;1503;330;1732;466;;0.000185;0.013326
1424;car;0.919774055480957;602;264;1021;541;NO;678;471;774;500;;0.000175;0.008742
1424;car;0.8561182618141174;1179;306;1282;391;NO;1180;307;1281;386;;0.000175;0.008062
1424;car;0.8199609518051147;1496;328;1720;464;NO;1496;328;1720;464;;0.000175;0.012734
1425;car;0.9267493486404419;566;261;1012;557;NO;643;478;747;508;;0.000157;0.007580
1425;car;0.8318287134170532;1488;328;1712;462;NO;1488;328;1711;461;;0.000157;0.012995
1425;car;0.8224645853042603;1180;307;1282;393;NO;1181;307;1281;388;;0.000157;0.007686
1426;car;0.9208883047103882;531;259;1005;567;NO;531;260;1001;563;;0.000556;0.038186
1426;car;0.8318296074867249;1485;326;1703;458;NO;1485;326;1702;458;;0.000556;0.013625
1426;car;0.8218268752098083;1179;307;1285;397;NO;1180;307;1284;394;;0.000556;0.008682
1427;car;0.9261872172355652;487;260;999;582;NO;567;497;684;530;;0.000155;0.007311
1427;car;0.8437033891677856;1482;328;1692;458;NO;1482;328;1689;457;;0.000155;0.011846
1427;car;0.8267646431922913;1178;307;1288;398;NO;1182;308;1287;393;;0.000155;0.007178
1428;car;0.9235464930534363;441;256;982;594;NO;521;507;647;544;;0.000158;0.006889
1428;car;0.8759363889694214;1477;326;1685;456;NO;1477;326;1682;454;;0.000158;0.008618
1428;car;0.8322039246559143;1179;307;1289;399;NO;1180;307;1288;396;;0.000158;0.006814
1429;car;0.9180623888969421;391;253;970;614;NO;392;255;968;605;;0.000186;0.042770
1429;car;0.858044445514679;1474;326;1674;455;NO;1474;326;1671;454;;0.000186;0.008684
1429;car;0.8567363619804382;1180;305;1295;402;NO;1180;305;1290;400;;0.000186;0.007417
1430;car;0.9210481643676758;333;250;957;628;NO;333;251;955;623;;0.000213;0.047684
1430;car;0.8869503736495972;1466;325;1667;454;NO;1466;325;1664;453;;0.000213;0.008583
1430;car;0.8267425894737244;1180;304;1297;402;NO;1221;364;1257;381;;0.000213;0.007067
1431;car;0.9231087565422058;270;244;940;654;NO;271;245;938;647;;0.000165;0.095716
1431;car;0.8871881365776062;1464;328;1660;451;NO;1465;328;1658;449;;0.000165;0.008961
1431;car;0.7994445562362671;1179;303;1299;404;NO;1223;365;1259;382;;0.000165;0.009154
1432;car;0.9079151749610901;196;238;926;675;NO;196;239;923;672;;0.000195;0.062656
1432;car;0.8772598505020142;1461;324;1651;447;NO;1462;324;1650;446;;0.000195;0.012208
1432;car;0.8450772762298584;1179;302;1301;405;NO;1181;302;1297;402;;0.000195;0.006909
1433;car;0.9270750284194946;109;236;911;709;NO;109;236;906;709;;0.000212;0.073618
1433;car;0.8986983895301819;1458;325;1644;447;NO;1458;325;1642;447;;0.000212;0.007428
1433;car;0.8378426432609558;1181;303;1302;406;NO;1181;303;1301;399;;0.000212;0.007587
1434;car;0.9284495711326599;3;229;891;741;NO;3;230;846;740;;0.000165;0.079303
1434;car;0.8975774645805359;1453;325;1638;445;NO;1454;325;1634;444;;0.000165;0.007266
1434;car;0.8163985013961792;1179;303;1303;408;NO;1182;303;1302;403;;0.000165;0.007168
1435;car;0.9275467991828918;0;225;875;783;NO;0;225;845;783;;0.000192;0.105492
1435;car;0.9065674543380737;1450;325;1629;443;NO;1450;325;1627;443;;0.000192;0.007985
1435;car;0.8193805813789368;1179;302;1306;410;NO;1181;302;1305;407;;0.000192;0.007568
1436;car;0.9279387593269348;0;219;852;851;NO;0;219;851;838;;0.000195;0.108131
1436;car;0.8788126707077026;1449;325;1621;439;NO;1449;325;1619;439;;0.000195;0.007194
1436;car;0.8196618556976318;1178;302;1308;412;NO;1181;302;1307;407;;0.000195;0.006786
1437;car;0.9383207559585571;2;211;830;926;NO;3;211;829;895;;0.000170;0.091178
1437;car;0.9045872092247009;1440;324;1611;436;NO;1440;324;1610;436;;0.000170;0.006998
1437;car;0.7906937003135681;1178;302;1312;414;NO;1181;302;1311;409;;0.000170;0.006988
1438;car;0.9502666592597961;1;204;795;961;NO;2;205;794;939;;0.000181;0.106665
1438;car;0.9184029698371887;1443;324;1609;435;NO;1443;324;1608;435;;0.000181;0.007237
1438;car;0.8168361186981201;1178;301;1315;417;NO;1180;301;1314;412;;0.000181;0.006799
1439;car;0.9474331140518188;0;194;766;1050;NO;0;197;765;1046;;0.000195;0.096132
1439;car;0.9267948865890503;1439;324;1602;434;NO;1439;324;1601;434;;0.000195;0.008545
1439;car;0.7827612161636353;1180;299;1316;418;NO;1182;300;1315;409;;0.000195;0.009459
1440;car;0.9462327361106873;1;187;731;1063;NO;3;187;731;997;;0.000259;0.110605
1440;car;0.9069826602935791;1433;324;1596;433;NO;1433;324;1595;433;;0.000259;0.006864
1441;car;0.9294398427009583;2;174;691;983;NO;2;184;688;964;;0.000247;0.104650
1441;car;0.8929184675216675;1427;324;1590;432;NO;1428;324;1589;432;;0.000247;0.007063
1441;car;0.7929027080535889;1180;303;1323;423;NO;1236;378;1280;396;;0.000247;0.006346
1442;car;0.922503650188446;2;164;645;979;NO;7;181;644;958;;0.000209;0.111941
1442;car;0.8931736946105957;1426;324;1585;430;NO;1427;324;1584;430;;0.000209;0.010928
1442;car;0.7961318492889404;1180;302;1327;426;NO;1237;379;1283;399;;0.000209;0.007648
1443;car;0.9507449269294739;1;147;590;978;NO;1;179;590;970;;0.000215;0.131219
1443;car;0.8611953854560852;1428;324;1579;428;NO;1429;324;1578;428;;0.000215;0.008071
1443;car;0.8122960925102234;1180;301;1329;428;NO;1239;381;1285;400;;0.000215;0.007526
1444;car;0.9320374131202698;1;143;525;977;NO;1;172;525;965;;0.000250;0.106109
1444;car;0.89009028673172;1428;324;1575;428;NO;1429;324;1573;428;;0.000250;0.009083
1444;car;0.7814640402793884;1181;301;1336;428;NO;1241;382;1290;402;;0.000250;0.007648
1445;car;0.8903513550758362;1;150;457;975;NO;1;165;457;972;;0.000128;0.106987
1445;car;0.8890236020088196;1424;324;1569;426;NO;1424;324;1568;426;;0.000128;0.007401
1445;car;0.7309978008270264;1183;300;1338;430;NO;1243;383;1293;404;;0.000128;0.006198
1446;car;0.8880248665809631;1421;325;1565;424;NO;1421;325;1564;424;;0.000168;0.007861
1446;car;0.8851312398910522;0;164;348;1057;NO;1;165;348;1053;;0.000168;0.097150
1446;car;0.7473661303520203;1184;299;1343;433;NO;1247;385;1296;406;;0.000168;0.006816
1447;car;0.9016826748847961;1421;326;1561;423;NO;1424;326;1560;423;;0.000159;0.007953
1447;car;0.8135232925415039;0;198;226;1056;NO;;;;;;0.000159;0.000000
1447;car;0.7974080443382263;1185;298;1347;437;NO;1186;298;1346;428;;0.000159;0.008692
1448;car;0.8957780003547668;1420;325;1556;421;NO;1420;325;1555;421;;0.000224;0.007622
1448;car;0.8204512000083923;1185;298;1354;439;NO;1251;389;1304;411;;0.000224;0.006881
1449;car;0.8917439579963684;1418;323;1553;420;NO;1419;323;1552;420;;0.000253;0.008590
1449;car;0.8436787724494934;1186;295;1361;442;NO;1255;391;1309;413;;0.000253;0.006261
1450;car;0.8984827399253845;1412;323;1550;418;NO;1414;323;1549;418;;0.000164;0.007049
1450;car;0.8601201176643372;1187;294;1367;447;NO;1258;392;1314;416;;0.000164;0.006319
1451;car;0.9208667278289795;1410;323;1547;416;NO;1413;323;1546;415;;0.000162;0.008778
1451;car;0.851361870765686;1189;294;1370;451;NO;1262;397;1318;416;;0.000162;0.007696
1452;car;0.9244306087493896;1408;323;1544;416;NO;1411;323;1543;416;;0.000289;0.007908
1452;car;0.8724198341369629;1189;294;1380;454;NO;1266;397;1324;420;;0.000289;0.007081
1453;car;0.9154862761497498;1408;324;1539;414;NO;1409;324;1538;414;;0.000190;0.007296
1453;car;0.8516111373901367;1189;295;1385;456;NO;1270;399;1331;424;;0.000190;0.006400
1454;car;0.8733670711517334;1411;323;1534;413;NO;1420;323;1533;412;;0.000235;0.007928
1454;car;0.7305313348770142;1190;293;1395;459;SÍ;1274;403;1337;425;Q053;0.000235;0.007654
1455;car;0.8640291094779968;1413;323;1528;411;NO;1420;323;1527;409;;0.000325;0.007475
1455;car;0.8202791810035706;1191;295;1403;467;SÍ;1281;405;1342;427;6059;0.000325;0.020363
1456;car;0.8724765181541443;1399;323;1526;410;NO;1414;323;1526;409;;0.000279;0.007480
1456;car;0.8709524273872375;1191;294;1410;471;SÍ;1286;408;1350;431;0572;0.000279;0.017819
1457;car;0.8826881051063538;1192;293;1419;474;SÍ;1292;410;1357;434;0052;0.000197;0.021888
1457;car;0.8585826754570007;1399;324;1523;409;NO;1417;324;1522;408;;0.000197;0.007743
1458;car;0.8795994520187378;1191;294;1429;478;SÍ;1301;411;1366;438;0052;0.000180;0.020028
1458;car;0.8663554787635803;1400;322;1521;410;NO;1428;322;1520;406;;0.000180;0.007830
1459;car;0.8746428489685059;1195;293;1439;483;SÍ;1308;417;1377;442;0059;0.000243;0.015444
1459;car;0.8699160814285278;1402;322;1517;410;NO;1402;322;1515;407;;0.000243;0.007083
1460;car;0.8914259672164917;1196;292;1453;490;SÍ;1318;421;1387;446;009;0.000181;0.018813
1460;car;0.8452066779136658;1409;321;1512;410;NO;1409;321;1512;410;;0.000181;0.008283
1461;car;0.9079865217208862;1201;291;1463;496;SÍ;1328;425;1397;450;0O9T;0.000169;0.020096
1461;car;0.8305050134658813;1416;320;1511;411;NO;1416;320;1463;411;;0.000169;0.012224
1462;car;0.9015029072761536;1202;290;1476;501;SÍ;1341;430;1409;454;0IT;0.000271;0.018249
1463;car;0.9028724431991577;1204;290;1494;507;SÍ;1346;433;1422;461;OO59FV;0.000287;0.020488
1464;car;0.8805475831031799;1206;292;1506;514;SÍ;1356;438;1438;465;0T;0.000141;0.017898
1465;car;0.8380614519119263;1209;291;1523;522;SÍ;1369;444;1454;470;05;0.000197;0.016913
1466;car;0.849621593952179;1217;290;1543;527;SÍ;1385;449;1470;476;QOTT;0.000276;0.027204
1467;car;0.9296514987945557;1220;291;1562;534;SÍ;1400;454;1492;483;C;0.000364;0.036982
1468;car;0.8594611287117004;1227;290;1585;542;SÍ;1417;460;1512;490;2;0.000254;0.031086
1469;car;0.8912066221237183;1232;289;1609;552;SÍ;1436;468;1535;498;57;0.000190;0.006583
1470;car;0.8786061406135559;1237;289;1635;566;SÍ;1459;475;1562;506;4;0.000287;0.006727
1471;car;0.8596763014793396;1244;289;1666;574;SÍ;1483;483;1590;515;466;0.000236;0.012408
1472;car;0.9048281311988831;1252;288;1701;585;NO;1510;492;1621;525;;0.000225;0.010989
1473;car;0.9105263352394104;1259;288;1738;592;NO;1540;502;1655;536;;0.000167;0.010567
1474;car;0.904556155204773;1268;286;1778;608;NO;1575;512;1698;549;;0.000132;0.006872
1475;car;0.9133505821228027;1276;287;1823;620;NO;1614;526;1741;563;;0.000192;0.008136
1476;car;0.9076932668685913;1285;287;1877;634;NO;1659;538;1793;578;;0.000292;0.012234
1477;car;0.8819321393966675;1293;284;1918;650;NO;1299;284;1918;650;;0.000193;0.047071
1478;car;0.9177373051643372;1315;282;1919;663;NO;1317;283;1916;660;;0.000187;0.045116
1479;car;0.9269792437553406;1330;282;1919;682;NO;1335;283;1917;676;;0.000359;0.095734
1480;car;0.9287871718406677;1347;282;1919;714;NO;1349;284;1917;704;;0.000158;0.112615
1481;car;0.9232499003410339;1364;281;1918;741;NO;1364;282;1917;725;;0.000178;0.047699
1481;car;0.7556429505348206;1204;310;1272;363;NO;1204;310;1264;362;;0.000178;0.009407
1482;car;0.9208747148513794;1385;281;1918;771;NO;1385;282;1918;758;;0.000180;0.093886
1482;car;0.7923566102981567;1204;310;1274;363;NO;1204;310;1273;362;;0.000180;0.006747
1482;car;0.7733154892921448;1362;321;1444;391;NO;1382;321;1443;388;;0.000180;0.011212
1483;car;0.9379746317863464;1407;280;1918;807;NO;1412;280;1918;800;;0.000156;0.096820
1483;car;0.7953864932060242;1205;310;1274;364;NO;1205;310;1267;364;;0.000156;0.007771
1483;car;0.7406244874000549;1365;321;1453;386;NO;1404;321;1452;386;;0.000156;0.007310
1484;car;0.9363605380058289;1435;280;1918;845;NO;1444;280;1914;747;;0.000157;0.101341
1484;car;0.7918103933334351;1205;310;1274;365;NO;1205;310;1273;364;;0.000157;0.010059
1485;car;0.9324222803115845;1464;281;1918;800;NO;1468;282;1918;772;;0.000183;0.097457
1485;car;0.7865152359008789;1206;310;1274;366;NO;1206;310;1273;364;;0.000183;0.006917
1486;car;0.9236145615577698;1495;280;1918;756;NO;1495;288;1918;753;;0.000230;0.098123
1486;car;0.7917801737785339;1204;309;1274;365;NO;1204;309;1273;364;;0.000230;0.013530
1487;car;0.9173080921173096;1535;281;1918;751;NO;1536;291;1918;741;;0.000201;0.129973
1487;car;0.7876652479171753;1205;309;1274;365;NO;1205;309;1274;363;;0.000201;0.009315
1488;car;0.9286999702453613;1578;283;1918;751;NO;1578;293;1918;748;;0.000165;0.101866
1488;car;0.7860973477363586;1206;309;1274;366;NO;1206;309;1274;364;;0.000165;0.010156
1488;car;0.7073659896850586;1360;321;1449;387;NO;1360;321;1448;387;;0.000165;0.010145
1489;car;0.9383819103240967;1630;285;1918;771;NO;1630;297;1918;769;;0.000288;0.099581
1489;car;0.7618334889411926;1206;309;1274;366;NO;1206;309;1273;364;;0.000288;0.009834
1489;car;0.7334645390510559;1358;321;1449;386;NO;1358;321;1448;386;;0.000288;0.009851
1490;car;0.8453132510185242;1688;296;1918;812;NO;1688;307;1916;808;;0.000271;0.093492
1490;car;0.7721235156059265;1206;310;1275;366;NO;1206;310;1274;364;;0.000271;0.010733
1490;car;0.7264034748077393;1356;321;1450;385;NO;1356;321;1449;384;;0.000271;0.007453
1491;car;0.7699200510978699;1205;310;1275;367;NO;1205;310;1275;365;;0.000180;0.008400
1491;car;0.7671853303909302;1356;320;1447;385;NO;1356;320;1446;385;;0.000180;0.007388
1492;car;0.7801283597946167;1206;310;1276;368;NO;1206;310;1275;365;;0.000156;0.007865
1492;car;0.7671388387680054;1354;320;1446;385;NO;1354;320;1445;385;;0.000156;0.009559
1493;car;0.7771320939064026;1205;310;1275;369;NO;1205;310;1274;368;;0.000144;0.011505
1493;car;0.750560998916626;1355;320;1445;384;NO;1355;320;1444;384;;0.000144;0.011144
1494;car;0.7752423882484436;1205;310;1275;369;NO;1205;310;1274;368;;0.000187;0.010952
1494;car;0.70197594165802;1353;321;1446;384;NO;1353;321;1445;383;;0.000187;0.006743
1495;car;0.773216187953949;1205;310;1278;370;NO;1205;310;1277;368;;0.000235;0.007463
1495;car;0.7069091796875;1352;321;1445;384;NO;1352;321;1444;384;;0.000235;0.007323
1496;car;0.7724619507789612;1206;309;1278;370;NO;1206;309;1277;368;;0.000150;0.007593
1496;car;0.7071166038513184;1349;321;1441;383;NO;1349;321;1440;383;;0.000150;0.007465
1497;car;0.7703441381454468;1206;311;1279;372;NO;1206;311;1278;370;;0.000310;0.007070
1497;car;0.7267591953277588;1350;321;1439;382;NO;1350;321;1438;382;;0.000310;0.010692
1498;car;0.7608285546302795;1205;310;1280;374;NO;1205;310;1279;372;;0.000175;0.009162
1498;car;0.7234874963760376;1349;320;1440;383;NO;1349;320;1439;383;;0.000175;0.012237
1499;car;0.7530587911605835;1205;309;1282;374;NO;1205;309;1281;373;;0.000178;0.006805
1499;car;0.7529909014701843;930;307;1064;358;NO;931;307;1063;358;;0.000178;0.007655
1499;car;0.709758996963501;1347;320;1437;383;NO;1347;320;1436;382;;0.000178;0.007339
1500;car;0.7579187750816345;1206;310;1283;374;NO;1206;310;1283;372;;0.000165;0.008255
1500;car;0.7201730608940125;931;307;1072;358;NO;931;307;1071;358;;0.000165;0.007995
1500;car;0.7003639340400696;1347;320;1437;383;NO;1347;320;1436;382;;0.000165;0.007838
1501;car;0.7557715177536011;1207;309;1283;376;NO;1207;309;1282;375;;0.000141;0.008427
1501;car;0.7279118299484253;934;307;1082;357;NO;934;307;1081;357;;0.000141;0.010438
1502;car;0.7523037195205688;935;306;1087;357;NO;935;306;1086;357;;0.000101;0.008769
1502;car;0.7458913922309875;1207;308;1284;376;NO;1207;308;1283;374;;0.000101;0.009805
1502;car;0.7005233764648438;1426;322;1507;382;NO;1426;322;1506;382;;0.000101;0.007738
1503;car;0.7741249799728394;936;305;1088;357;NO;936;305;1087;357;;0.000104;0.009024
1503;car;0.7139897346496582;1206;308;1285;376;NO;1206;308;1284;374;;0.000104;0.008848
1504;car;0.7838728427886963;939;304;1089;358;NO;939;304;1088;358;;0.000104;0.009501
1504;car;0.7062683701515198;1206;308;1286;377;NO;1206;308;1285;375;;0.000104;0.011550
1505;car;0.7871453762054443;943;304;1089;358;NO;943;304;1088;358;;0.000114;0.012326
1506;car;0.7940225601196289;945;305;1090;358;NO;945;305;1089;358;;0.000133;0.009283
1506;car;0.7234798669815063;1207;308;1289;379;NO;1207;308;1289;376;;0.000133;0.009407
1507;car;0.8140515089035034;948;305;1091;358;NO;948;305;1090;358;;0.000250;0.012267
1508;car;0.8068364262580872;948;307;1093;358;NO;948;307;1092;358;;0.000228;0.009249
1508;car;0.7213822603225708;1208;309;1292;382;NO;1208;309;1291;381;;0.000228;0.011853
1509;car;0.8019007444381714;952;307;1097;359;NO;952;307;1096;359;;0.000221;0.009369
1509;car;0.7295711636543274;1208;309;1294;384;NO;1208;309;1293;383;;0.000221;0.009331
1510;car;0.7654414772987366;958;306;1099;360;NO;958;306;1098;360;;0.000160;0.009417
1511;car;0.7233700156211853;1207;308;1295;384;NO;1208;308;1294;382;;0.000173;0.009289
1512;car;0.7474629878997803;964;306;1104;359;NO;964;306;1103;359;;0.000214;0.009276
1513;car;0.7258268594741821;969;307;1110;361;NO;969;307;1108;361;;0.000160;0.010084
1513;car;0.708516538143158;1209;309;1298;386;NO;1209;309;1298;383;;0.000160;0.009939
1514;car;0.7584896683692932;1209;309;1299;386;NO;1209;309;1299;383;;0.000214;0.009416
1514;car;0.7218027114868164;971;307;1111;361;NO;971;307;1110;361;;0.000214;0.009421
1515;car;0.7787861824035645;1208;310;1301;389;NO;1208;310;1300;388;;0.000134;0.009340
1515;car;0.7447316646575928;972;308;1111;360;NO;972;308;1109;360;;0.000134;0.009372
1516;car;0.765334963798523;1208;310;1302;390;NO;1208;310;1301;387;;0.000101;0.011546
1516;car;0.7337917685508728;975;307;1118;360;NO;975;307;1116;360;;0.000101;0.011897
1517;car;0.7994109988212585;1207;310;1304;392;NO;1207;310;1303;391;;0.000105;0.009436
1517;car;0.7612751126289368;977;306;1120;359;NO;977;306;1117;359;;0.000105;0.009342
1517;car;0.7199056148529053;1331;322;1404;373;NO;1331;322;1403;372;;0.000105;0.008799
1518;car;0.7840877771377563;1207;309;1304;392;NO;1208;309;1303;391;;0.000109;0.009473
1518;car;0.7267475128173828;981;307;1118;359;NO;981;307;1115;359;;0.000109;0.009920
1518;car;0.7141666412353516;1331;322;1402;373;NO;1331;322;1401;373;;0.000109;0.011601
1519;car;0.7825137376785278;1207;309;1304;394;NO;1207;310;1303;392;;0.000119;0.009472
1519;car;0.7150250673294067;1333;321;1402;371;NO;1333;321;1401;371;;0.000119;0.009131
1519;car;0.7067016363143921;1432;322;1514;383;NO;1432;322;1513;383;;0.000119;0.008139
1520;car;0.7756986021995544;1208;311;1305;395;NO;1208;311;1304;393;;0.000102;0.009311
1520;car;0.7261731028556824;989;309;1134;359;NO;989;309;1132;359;;0.000102;0.009635
1520;car;0.7179542779922485;1331;321;1400;371;NO;1331;321;1399;371;;0.000102;0.007974
1521;car;0.7927432656288147;1207;310;1306;397;NO;1207;310;1305;394;;0.000103;0.009921
1521;car;0.7414126396179199;994;309;1136;359;NO;994;309;1135;359;;0.000103;0.009735
1522;car;0.79574054479599;1206;309;1307;397;NO;1206;309;1306;396;;0.000148;0.009939
1522;car;0.7630918622016907;995;310;1138;360;NO;995;310;1137;360;;0.000148;0.009389
1523;car;0.8127507567405701;1207;310;1308;398;NO;1207;310;1307;397;;0.000107;0.009861
1523;car;0.707781195640564;1330;322;1399;370;NO;1330;322;1398;370;;0.000107;0.008361
1524;car;0.8364062905311584;1206;310;1311;400;NO;1206;310;1310;398;;0.000110;0.009678
1525;car;0.8541242480278015;1205;309;1311;400;NO;1206;309;1310;397;;0.000150;0.010106
1526;car;0.8718118667602539;1206;309;1312;401;NO;1206;309;1311;398;;0.000110;0.010171
1527;car;0.8659566640853882;1205;309;1315;402;NO;1205;309;1314;399;;0.000283;0.010402
1528;car;0.8748568892478943;1204;309;1315;404;NO;1205;309;1314;402;;0.000162;0.010514
1528;car;0.7396141886711121;1327;321;1392;370;NO;1327;321;1391;370;;0.000162;0.007890
1529;car;0.8491042256355286;1205;308;1318;404;NO;1206;308;1317;402;;0.000152;0.017241
1529;car;0.7514408826828003;1328;321;1392;369;NO;1328;321;1391;369;;0.000152;0.012944
1530;car;0.8672668933868408;1205;308;1319;405;NO;1206;308;1318;401;;0.000116;0.016783
1530;car;0.7467507123947144;1329;321;1390;368;NO;1329;321;1389;368;;0.000116;0.012306
1531;car;0.8678598999977112;1204;307;1321;407;NO;1205;307;1320;402;;0.000108;0.015561
1531;car;0.7557496428489685;1327;321;1390;369;NO;1327;321;1389;369;;0.000108;0.011606
1532;car;0.8479982614517212;1205;306;1322;408;NO;1206;306;1321;404;;0.000102;0.017907
1532;car;0.7455133199691772;1326;322;1389;369;NO;1326;322;1388;369;;0.000102;0.011924
1533;car;0.8705980777740479;1204;306;1325;410;NO;1206;306;1324;407;;0.000155;0.017358
1533;car;0.7225302457809448;1327;322;1388;368;NO;1327;322;1387;368;;0.000155;0.011727
1533;car;0.7040123343467712;1432;322;1512;382;NO;1432;322;1511;382;;0.000155;0.012027
1534;car;0.8817281126976013;1204;306;1328;412;NO;1206;306;1327;408;;0.000111;0.016394
1534;car;0.7311031818389893;1328;322;1389;368;NO;1328;322;1388;368;;0.000111;0.011451
1534;car;0.7106565237045288;1432;322;1512;382;NO;1432;322;1511;382;;0.000111;0.011883
1535;car;0.882651150226593;1202;306;1332;413;NO;1205;307;1330;409;;0.000166;0.008217
1535;car;0.7514507174491882;1330;322;1387;368;NO;1330;322;1386;367;;0.000166;0.007633
1535;car;0.7231288552284241;1433;321;1512;382;NO;1434;321;1511;381;;0.000166;0.008182
1536;car;0.866042971611023;1202;307;1332;415;NO;1205;307;1331;411;;0.000108;0.007076
1536;car;0.7602808475494385;1329;322;1386;366;NO;1330;322;1385;366;;0.000108;0.007862
1536;car;0.7170557975769043;1433;322;1512;382;NO;1433;322;1511;382;;0.000108;0.007317
1537;car;0.8679783344268799;1204;306;1335;417;NO;1205;306;1334;412;;0.000105;0.008314
1537;car;0.7312244772911072;1326;321;1387;364;NO;1334;321;1386;362;;0.000105;0.011656
1537;car;0.718101441860199;1433;322;1512;382;NO;1433;322;1511;382;;0.000105;0.008112
1538;car;0.8843372464179993;1202;305;1338;418;NO;1206;306;1337;414;;0.000110;0.007403
1538;car;0.7379701733589172;1326;321;1386;363;NO;1335;321;1385;362;;0.000110;0.007274
1538;car;0.723500669002533;1433;322;1512;382;NO;1433;322;1511;382;;0.000110;0.006956
1539;car;0.8379589319229126;1205;306;1340;421;NO;1207;306;1339;415;;0.000112;0.007485
1539;car;0.7216830849647522;1433;322;1512;382;NO;1433;322;1511;382;;0.000112;0.007294
1539;car;0.7124686241149902;1328;322;1383;362;NO;1328;322;1383;361;;0.000112;0.009325
1540;car;0.827680230140686;1206;305;1340;423;NO;1207;306;1339;418;;0.000106;0.008727
1540;car;0.722961962223053;1433;322;1512;382;NO;1433;322;1511;382;;0.000106;0.013197
1541;car;0.8295883536338806;1205;305;1346;426;NO;1207;305;1345;423;;0.000118;0.007381
1541;car;0.7248841524124146;1433;322;1512;382;NO;1433;322;1511;382;;0.000118;0.007418
1542;car;0.8247038722038269;1207;306;1347;427;NO;1207;306;1347;422;;0.000104;0.012596
1542;car;0.7231236696243286;1433;322;1512;382;NO;1433;322;1511;382;;0.000104;0.008133
1543;car;0.8205996155738831;1207;305;1350;428;NO;1207;305;1349;422;;0.000110;0.009457
1543;car;0.720866858959198;1433;322;1512;382;NO;1433;322;1511;382;;0.000110;0.007532
1543;car;0.7178389430046082;1106;307;1178;360;NO;1106;307;1177;360;;0.000110;0.007409
1544;car;0.8083727955818176;1208;303;1350;430;NO;1208;303;1349;426;;0.000105;0.008954
1544;car;0.7478206753730774;1108;308;1178;361;NO;1108;308;1177;360;;0.000105;0.007854
1544;car;0.7246801853179932;1433;322;1512;382;NO;1433;322;1511;382;;0.000105;0.010422
1545;car;0.7707437872886658;1209;302;1355;430;NO;1267;387;1310;407;;0.000130;0.011603
1545;car;0.7279291749000549;1107;307;1179;361;NO;1107;307;1178;361;;0.000130;0.008803
1545;car;0.72210294008255;1433;322;1512;382;NO;1433;322;1511;382;;0.000130;0.008671
1546;car;0.77268385887146;1209;301;1360;432;NO;1265;388;1312;409;;0.000235;0.007528
1546;car;0.7368119359016418;1108;306;1179;362;NO;1108;306;1178;362;;0.000235;0.007735
1546;car;0.7290328741073608;1433;322;1512;382;NO;1433;322;1511;382;;0.000235;0.011273
1547;car;0.7787822484970093;1209;300;1364;433;NO;1264;390;1315;410;;0.000126;0.007671
1547;car;0.7252050638198853;1433;322;1512;382;NO;1433;322;1511;382;;0.000126;0.007985
1547;car;0.7177137732505798;1110;305;1179;362;NO;1110;305;1178;359;;0.000126;0.007584
1548;car;0.7276499271392822;1209;301;1368;436;NO;1270;391;1318;413;;0.000120;0.006917
1548;car;0.7233253717422485;1433;322;1512;382;NO;1433;322;1511;382;;0.000120;0.006927
1548;car;0.7172780632972717;1111;305;1181;363;NO;1111;305;1180;361;;0.000120;0.006947
1549;car;0.717287540435791;1433;321;1512;382;NO;1433;321;1512;381;;0.000100;0.010874
1549;car;0.7065081000328064;1208;301;1369;438;NO;1272;393;1321;414;;0.000100;0.007382
1549;car;0.7050331234931946;1108;306;1183;363;NO;1108;306;1182;362;;0.000100;0.007770
1550;car;0.7185207009315491;1208;300;1374;445;NO;1272;396;1325;416;;0.000115;0.006866
1550;car;0.7098155617713928;1433;322;1513;381;NO;1433;322;1512;381;;0.000115;0.006821
1550;car;0.7040305733680725;1109;306;1184;362;NO;1109;306;1183;362;;0.000115;0.008112
1551;car;0.7543143630027771;1209;300;1378;449;NO;1274;398;1330;418;;0.000104;0.008806
1551;car;0.7104131579399109;1433;321;1513;381;NO;1433;321;1513;380;;0.000104;0.008329
1552;car;0.8314184546470642;1211;299;1383;451;NO;1277;399;1343;420;;0.000107;0.007446
1552;car;0.745775043964386;1431;320;1515;382;NO;1431;320;1514;382;;0.000107;0.007854
1553;car;0.8214412927627563;1212;299;1390;450;SÍ;1284;402;1341;423;0285;0.000117;0.016237
1553;car;0.7372897267341614;1432;320;1516;381;NO;1433;320;1515;379;;0.000117;0.008572
1554;car;0.7971060872077942;1213;299;1396;456;SÍ;1289;404;1344;426;02ES6V;0.000104;0.017609
1554;car;0.7772092223167419;1432;319;1516;382;NO;1432;319;1515;381;;0.000104;0.010067
1555;car;0.7746556401252747;1216;298;1403;458;SÍ;1294;406;1349;429;0ZESTY;0.000134;0.037858
1555;car;0.7432907223701477;1432;321;1518;382;NO;1433;321;1517;382;;0.000134;0.008258
1556;car;0.8183112144470215;1214;297;1409;465;SÍ;1297;409;1355;431;0SEZ;0.000117;0.018492
1556;car;0.7123144268989563;1434;322;1514;381;NO;1434;322;1513;381;;0.000117;0.007124
1557;car;0.8609952926635742;1213;298;1418;469;NO;1302;408;1362;437;;0.000104;0.011054
1558;car;0.877094566822052;1216;299;1426;473;SÍ;1310;411;1369;439;026567;0.000101;0.018661
1559;car;0.8619846701622009;1215;298;1433;477;SÍ;1315;416;1375;441;08567;0.000126;0.018457
1559;car;0.7228305339813232;1434;322;1511;381;NO;1437;322;1510;380;;0.000126;0.006775
1559;car;0.7142488360404968;1107;307;1199;366;NO;1107;307;1198;366;;0.000126;0.006663
1560;car;0.8877286911010742;1216;298;1446;483;SÍ;1324;418;1386;444;0265177;0.000102;0.019604
1560;car;0.762813925743103;1107;307;1200;367;NO;1107;307;1199;367;;0.000102;0.008855
1561;car;0.8765302896499634;1221;296;1454;484;SÍ;1329;420;1395;448;028547Z;0.000115;0.022263
1561;car;0.7140623331069946;1107;305;1202;368;NO;1107;305;1201;368;;0.000115;0.010865
1562;car;0.8986324667930603;1224;292;1465;490;SÍ;1341;424;1405;452;0517;0.000344;0.021109
1563;car;0.9040021300315857;1226;292;1478;497;SÍ;1342;424;1416;455;0507;0.000142;0.021434
1563;car;0.7442674040794373;1109;305;1205;369;NO;1109;305;1204;369;;0.000142;0.008337
1564;car;0.8946731090545654;1228;293;1491;503;SÍ;1312;428;1432;460;0SMZ;0.000168;0.028529
1565;car;0.8946765661239624;1231;293;1505;506;SÍ;1368;434;1440;464;05Z;0.000114;0.019076
1566;car;0.8951810002326965;1233;293;1518;513;SÍ;1353;435;1456;469;026517;0.000101;0.025589
1566;car;0.7422193884849548;1116;307;1205;369;NO;1129;307;1204;368;;0.000101;0.007348
1567;car;0.8862901926040649;1239;293;1532;522;SÍ;1364;442;1470;474;026557;0.000115;0.025658
1567;car;0.7034392356872559;1119;307;1206;369;NO;1123;307;1204;368;;0.000115;0.007035
1568;car;0.9047517776489258;1242;292;1552;526;SÍ;1409;449;1484;479;028557;0.000107;0.017873
1568;car;0.740770161151886;1119;308;1206;369;NO;1121;308;1205;366;;0.000107;0.006671
1569;car;0.9153380990028381;1245;293;1569;532;SÍ;1418;455;1503;485;0TE;0.000106;0.037107
1569;car;0.7245460748672485;1119;308;1206;369;NO;1121;308;1205;368;;0.000106;0.008032
1570;car;0.9025762677192688;1253;292;1590;540;SÍ;1435;460;1522;491;VIZ;0.000134;0.026389
1571;car;0.8937693238258362;1259;293;1612;544;SÍ;1454;467;1543;496;UT;0.000116;0.028682
1572;car;0.900872528553009;1264;292;1633;550;SÍ;1468;472;1565;504;U;0.000123;0.044463
1573;car;0.8789860606193542;1269;291;1659;561;SÍ;1491;480;1591;513;G;0.000116;0.017580
1574;car;0.9031845927238464;1275;291;1694;570;SÍ;1515;487;1618;521;G;0.000100;0.016626
1574;car;0.7115055322647095;1122;310;1208;372;NO;1122;310;1207;369;;0.000100;0.007574
1574;car;0.7047817707061768;1214;310;1279;362;NO;1214;310;1276;362;;0.000100;0.007663
1575;car;0.9158074855804443;1281;291;1718;580;NO;1541;496;1647;530;;0.000105;0.012221
1575;car;0.7300118207931519;1215;310;1279;362;NO;1215;310;1278;361;;0.000105;0.006779
1575;car;0.719303548336029;1122;307;1208;372;NO;1122;307;1206;370;;0.000105;0.006852
1576;car;0.9075013995170593;1292;289;1754;588;SÍ;1569;502;1680;540;E;0.000105;0.006819
1576;car;0.716686487197876;1216;310;1280;362;NO;1216;310;1280;360;;0.000105;0.006940
1576;car;0.7042519450187683;1122;307;1210;373;NO;1122;307;1209;372;;0.000105;0.006786
1577;car;0.9077313542366028;1300;290;1793;604;NO;1603;512;1716;551;;0.000105;0.007822
1577;car;0.702659010887146;1217;309;1280;363;NO;1217;309;1279;362;;0.000105;0.007109
1578;car;0.9317991733551025;1309;289;1831;613;NO;1635;521;1755;563;;0.000102;0.006753
1579;car;0.9331325888633728;1323;286;1879;625;NO;1324;289;1877;625;;0.000112;0.048135
1579;car;0.7005830407142639;1122;308;1214;377;NO;1124;308;1211;376;;0.000112;0.007314
1580;car;0.9174683094024658;1333;285;1919;642;NO;1335;289;1916;641;;0.000105;0.047787
1580;car;0.7033553123474121;1124;310;1215;377;NO;1124;310;1214;377;;0.000105;0.008157
1581;car;0.9295300245285034;1346;287;1919;655;NO;1346;289;1916;655;;0.000178;0.124892
1582;car;0.9331856966018677;1363;287;1919;669;NO;1364;288;1918;669;;0.000118;0.044700
1582;car;0.7260488271713257;1121;310;1216;378;NO;1121;310;1215;378;;0.000118;0.007502
1583;car;0.9316030740737915;1376;285;1918;689;NO;1380;290;1918;680;;0.000103;0.050377
1583;car;0.7289420366287231;1120;309;1220;378;NO;1120;309;1219;378;;0.000103;0.008956
1584;car;0.9279143214225769;1392;286;1918;713;NO;1393;290;1916;703;;0.000191;0.042879
1584;car;0.7236756086349487;1117;309;1217;379;NO;1119;309;1215;378;;0.000191;0.010302
1585;car;0.9330364465713501;1413;286;1918;729;NO;1413;286;1918;714;;0.000176;0.096728
1585;car;0.7360928058624268;1116;309;1215;382;NO;1117;309;1209;382;;0.000176;0.007478
1586;car;0.936555027961731;1432;286;1918;746;NO;1432;286;1917;739;;0.000221;0.118168
1586;car;0.7544065117835999;1116;308;1215;383;NO;1116;308;1207;382;;0.000221;0.008571
1587;car;0.9418830275535583;1455;286;1918;771;NO;1456;286;1915;766;;0.000167;0.042898
1587;car;0.7520520091056824;1116;306;1211;383;NO;1116;306;1202;382;;0.000167;0.007784
1588;car;0.9384168982505798;1480;285;1918;799;NO;1482;285;1917;790;;0.000162;0.099454
1588;car;0.7582661509513855;1115;307;1211;383;NO;1115;307;1204;383;;0.000162;0.012031
1589;car;0.936775267124176;1505;282;1918;767;NO;1508;283;1918;755;;0.000151;0.109552
1589;car;0.8083124756813049;1114;307;1209;383;NO;1167;379;1196;382;;0.000151;0.006823
1590;car;0.9347319602966309;1534;283;1918;743;NO;1538;283;1918;741;;0.000175;0.034453
1590;car;0.7789414525032043;1114;307;1212;384;NO;1114;307;1201;384;;0.000175;0.010708
1591;car;0.9318878054618835;1565;282;1918;740;NO;1569;290;1917;736;;0.000309;0.100088
1591;car;0.8000400066375732;1111;307;1211;385;NO;1111;307;1199;385;;0.000309;0.008995
1592;car;0.9070799350738525;1598;285;1918;737;NO;1600;294;1918;731;;0.000158;0.107227
1592;car;0.811924159526825;1106;307;1207;386;NO;1107;307;1198;386;;0.000158;0.007801
1593;car;0.9015694856643677;1637;286;1918;740;NO;1637;299;1918;724;;0.000156;0.102608
1593;car;0.7855326533317566;1105;307;1204;386;NO;1105;307;1196;385;;0.000156;0.011905
1594;car;0.900515079498291;1681;292;1918;738;NO;1681;301;1918;733;;0.000103;0.099994
1594;car;0.7755968570709229;1102;307;1200;387;NO;1103;307;1196;387;;0.000103;0.006978
1595;car;0.8650220036506653;1729;295;1919;759;NO;1729;299;1919;753;;0.000101;0.104592
1595;car;0.7220927476882935;1099;307;1198;387;NO;1101;307;1195;387;;0.000101;0.006547
1596;car;0.8113231062889099;1778;310;1919;786;NO;;;;;;0.000100;0.000000
1596;car;0.7225102186203003;1097;307;1201;388;NO;1099;307;1195;388;;0.000100;0.007752
1596;car;0.7206062078475952;1419;322;1512;383;NO;1419;322;1511;383;;0.000100;0.007171
1597;car;0.7715488076210022;1095;307;1206;388;NO;1096;307;1195;387;;0.000106;0.006729
1597;car;0.7479529976844788;1416;322;1513;384;NO;1416;322;1512;384;;0.000106;0.006488
1598;car;0.7529827356338501;1094;307;1200;388;NO;1095;307;1195;385;;0.000107;0.008148
1598;car;0.7088723182678223;1422;323;1513;384;NO;1422;323;1512;384;;0.000107;0.012847
1599;car;0.7192972302436829;1093;307;1198;388;NO;1094;307;1194;385;;0.000106;0.007533
1599;car;0.7050105333328247;1425;321;1512;382;NO;1425;321;1511;382;;0.000106;0.008126
1600;car;0.7274094223976135;1090;307;1204;388;NO;1090;307;1191;386;;0.000135;0.008695
1600;car;0.7161844968795776;1227;307;1304;379;NO;1227;307;1303;379;;0.000135;0.008690
1600;car;0.7059956789016724;1420;321;1512;382;NO;1420;321;1511;382;;0.000135;0.008612
1601;car;0.7318217754364014;1089;307;1198;389;NO;1089;307;1194;386;;0.000214;0.008462
1601;car;0.706794798374176;1228;308;1305;379;NO;1228;308;1304;377;;0.000214;0.008253
1602;car;0.7709722518920898;1085;307;1197;388;NO;1085;307;1194;386;;0.000318;0.012351
1602;car;0.7086243033409119;1229;308;1305;380;NO;1229;308;1304;380;;0.000318;0.007469
1602;car;0.7014185190200806;1425;321;1512;382;NO;1425;321;1511;382;;0.000318;0.007108
1603;car;0.776181697845459;1081;306;1200;390;NO;1081;306;1189;389;;0.000195;0.009156
1603;car;0.7221993803977966;1230;308;1307;382;NO;1230;308;1306;380;;0.000195;0.008368
1603;car;0.7132288217544556;1431;321;1512;382;NO;1431;321;1511;381;;0.000195;0.007491
1604;car;0.8004113435745239;1078;306;1197;391;NO;1078;306;1193;390;;0.000123;0.007638
1604;car;0.7186797857284546;1231;307;1309;382;NO;1231;307;1308;381;;0.000123;0.007247
1604;car;0.7113222479820251;1431;321;1512;382;NO;1431;321;1512;381;;0.000123;0.006962
1605;car;0.799801230430603;1072;306;1191;392;NO;1072;306;1189;391;;0.000106;0.007616
1605;car;0.7176222205162048;1431;321;1512;382;NO;1431;321;1512;381;;0.000106;0.007013
1605;car;0.7168276309967041;1231;306;1312;384;NO;1231;306;1311;384;;0.000106;0.007527
1606;car;0.7927671074867249;1068;305;1198;395;NO;1068;305;1191;395;;0.000234;0.007692
1606;car;0.7375941872596741;1231;305;1314;384;NO;1231;305;1313;384;;0.000234;0.007280
1606;car;0.7081549763679504;1428;321;1512;382;NO;1429;321;1511;381;;0.000234;0.008284
1607;car;0.7709634304046631;1066;304;1200;396;NO;1066;304;1187;396;;0.000110;0.007865
1607;car;0.7362467050552368;1231;305;1314;385;NO;1231;305;1313;384;;0.000110;0.008993
1607;car;0.7072358727455139;1432;321;1512;382;NO;1432;321;1512;381;;0.000110;0.007027
1608;car;0.7410762310028076;1229;305;1315;386;NO;1229;305;1314;386;;0.000122;0.007787
1608;car;0.7372643947601318;1064;304;1207;396;NO;1064;304;1187;395;;0.000122;0.008512
1608;car;0.71527099609375;1432;321;1512;382;NO;1432;321;1512;381;;0.000122;0.011289
1609;car;0.7523835897445679;1231;305;1318;386;NO;1231;305;1317;386;;0.000109;0.007806
1609;car;0.7401435375213623;1058;305;1208;398;NO;1058;305;1187;397;;0.000109;0.009319
1609;car;0.7171086668968201;1434;321;1512;382;NO;1436;321;1512;381;;0.000109;0.006862
1610;car;0.7889500856399536;1054;305;1206;399;NO;1054;305;1190;398;;0.000102;0.008954
1610;car;0.7601027488708496;1231;304;1319;387;NO;1231;304;1318;387;;0.000102;0.007395
1610;car;0.7187509536743164;1434;321;1512;382;NO;1436;321;1512;381;;0.000102;0.010469
1611;car;0.8306989073753357;1050;305;1209;401;NO;1050;305;1182;399;;0.000110;0.008896
1611;car;0.7715368866920471;1232;304;1319;387;NO;1232;304;1318;384;;0.000110;0.007778
1611;car;0.7099064588546753;1433;321;1512;382;NO;1434;321;1512;381;;0.000110;0.007372
1612;car;0.8067107796669006;1047;305;1205;401;NO;1047;305;1179;400;;0.000103;0.009342
1612;car;0.7565544843673706;1233;305;1320;388;NO;1233;305;1319;386;;0.000103;0.008225
1612;car;0.7153416872024536;1433;321;1512;382;NO;1434;321;1512;381;;0.000103;0.006681
1613;car;0.8560307025909424;1043;305;1181;402;NO;1043;305;1170;399;;0.000114;0.008269
1613;car;0.7603306770324707;1233;304;1321;389;NO;1233;304;1320;389;;0.000114;0.007821
1613;car;0.7082951068878174;1432;322;1512;382;NO;1432;322;1511;381;;0.000114;0.006976
1614;car;0.8464962244033813;1040;305;1175;402;NO;1040;305;1173;398;;0.000107;0.009226
1614;car;0.7858725786209106;1233;305;1321;391;NO;1233;305;1320;389;;0.000107;0.013250
1614;car;0.7111415863037109;1433;322;1512;382;NO;1434;322;1511;382;;0.000107;0.008637
1615;car;0.8395556211471558;1036;305;1169;404;NO;1036;305;1166;401;;0.000131;0.009597
1615;car;0.7588350176811218;1233;305;1322;392;NO;1233;305;1321;390;;0.000131;0.008526
1615;car;0.7079154849052429;1433;322;1512;382;NO;1434;322;1511;382;;0.000131;0.008154
1616;car;0.853272557258606;1029;304;1169;406;NO;1029;304;1167;402;;0.000118;0.011961
1616;car;0.7395552396774292;1233;305;1322;392;NO;1233;305;1321;391;;0.000118;0.008194
1616;car;0.7096206545829773;1433;322;1512;382;NO;1433;322;1511;382;;0.000118;0.008657
1617;car;0.8615100979804993;1022;304;1165;408;NO;1022;304;1155;404;;0.000108;0.011707
1617;car;0.7684873938560486;1233;304;1322;392;NO;1233;304;1321;392;;0.000108;0.008335
1617;car;0.7069759964942932;1433;322;1512;383;NO;1433;322;1511;383;;0.000108;0.007573
1618;car;0.8645420074462891;1018;303;1165;409;NO;1019;304;1152;406;;0.000111;0.011694
1618;car;0.7763119339942932;1234;304;1322;393;NO;1234;304;1322;392;;0.000111;0.008268
1618;car;0.7127506732940674;1433;322;1512;382;NO;1433;322;1511;382;;0.000111;0.007199
1619;car;0.8657839298248291;1014;305;1162;409;NO;1052;370;1095;386;;0.000102;0.006562
1619;car;0.7371816039085388;1234;304;1323;394;NO;1270;390;1295;393;;0.000102;0.009505
1619;car;0.710003674030304;1433;322;1512;383;NO;1434;322;1511;383;;0.000102;0.010777
1620;car;0.8771986961364746;1008;305;1159;411;NO;1046;370;1088;387;;0.000109;0.007827
1620;car;0.7205967903137207;1233;304;1323;395;NO;1233;304;1323;394;;0.000109;0.008145
1620;car;0.7119678258895874;1432;322;1512;382;NO;1432;322;1511;381;;0.000109;0.007295
1621;car;0.8664188981056213;1003;306;1161;413;NO;1003;306;1147;408;;0.000107;0.012080
1621;car;0.7697145938873291;1148;315;1204;351;NO;1151;315;1203;351;;0.000107;0.006981
1621;car;0.7254617810249329;1232;304;1325;397;NO;1232;304;1324;396;;0.000107;0.008146
1621;car;0.708483874797821;1432;322;1512;383;NO;1432;322;1511;383;;0.000107;0.019206
1622;car;0.8502780199050903;995;305;1156;417;NO;1037;372;1082;390;;0.000117;0.007308
1622;car;0.7722763419151306;1146;318;1204;355;NO;1153;318;1203;355;;0.000117;0.010135
1622;car;0.7401061654090881;1233;304;1327;399;NO;1233;304;1326;398;;0.000117;0.008367
1622;car;0.715816855430603;1431;322;1512;383;NO;1431;322;1511;383;;0.000117;0.007369
1623;car;0.8545029759407043;991;304;1152;417;NO;991;304;1150;412;;0.000107;0.011984
1623;car;0.7386718392372131;1145;319;1204;357;NO;1145;319;1203;357;;0.000107;0.006991
1623;car;0.7304369211196899;1233;305;1329;399;NO;1234;306;1328;397;;0.000107;0.008241
1623;car;0.715798556804657;1432;322;1512;382;NO;1432;322;1511;381;;0.000107;0.007909
1624;car;0.8314799070358276;986;304;1148;419;NO;986;304;1146;415;;0.000140;0.011881
1624;car;0.7484431862831116;1233;305;1330;400;NO;1234;306;1329;397;;0.000140;0.008117
1624;car;0.7188608646392822;1432;322;1512;383;NO;1432;322;1511;383;;0.000140;0.006941
1624;car;0.7155581116676331;1144;318;1203;357;NO;1144;318;1202;357;;0.000140;0.006787
1625;car;0.8524978756904602;979;303;1148;421;NO;1019;374;1064;394;;0.000109;0.006477
1625;car;0.7845472097396851;1233;304;1330;401;NO;1234;304;1329;400;;0.000109;0.008517
1625;car;0.7113016247749329;1432;322;1512;382;NO;1432;322;1511;381;;0.000109;0.007888
1626;car;0.8629131317138672;970;303;1142;423;NO;970;303;1140;419;;0.000106;0.013285
1626;car;0.8180140256881714;1233;305;1331;401;NO;1234;306;1330;397;;0.000106;0.008048
1626;car;0.7110393643379211;1432;322;1512;382;NO;1432;322;1511;381;;0.000106;0.007082
1626;car;0.7050598859786987;1142;314;1203;356;NO;1143;314;1202;356;;0.000106;0.007217
1627;car;0.8733628392219543;964;302;1141;425;NO;964;302;1139;421;;0.000114;0.012821
1627;car;0.8294988870620728;1233;305;1333;402;NO;1233;305;1332;400;;0.000114;0.008633
1627;car;0.7499576807022095;1141;317;1202;357;NO;1141;317;1201;357;;0.000114;0.012903
1627;car;0.7139320373535156;1432;322;1512;382;NO;1432;322;1511;381;;0.000114;0.011190
1628;car;0.8591271042823792;955;303;1137;427;NO;998;378;1046;400;;0.000233;0.008174
1628;car;0.841710090637207;1233;305;1335;403;NO;1233;305;1334;401;;0.000233;0.008605
1628;car;0.7407227158546448;1140;319;1200;358;NO;1140;319;1199;357;;0.000233;0.007769
1628;car;0.7121962308883667;1432;322;1512;382;NO;1432;322;1511;381;;0.000233;0.007083
1629;car;0.8728026747703552;948;302;1135;429;NO;991;379;1041;403;;0.000111;0.007061
1629;car;0.8454276323318481;1233;303;1338;403;NO;1233;303;1337;402;;0.000111;0.009502
1629;car;0.7172817587852478;1432;322;1512;382;NO;1432;322;1511;381;;0.000111;0.009174
1629;car;0.7098178863525391;1140;319;1200;358;NO;1140;319;1199;357;;0.000111;0.007729
1630;car;0.8831534385681152;939;301;1137;431;NO;984;382;1032;404;;0.000107;0.006825
1630;car;0.848020613193512;1234;303;1337;405;NO;1234;303;1336;405;;0.000107;0.009597
1630;car;0.7310224175453186;1139;319;1198;358;NO;1139;319;1197;358;;0.000107;0.006887
1630;car;0.7183631658554077;1432;322;1512;382;NO;1432;322;1511;381;;0.000107;0.008955
1631;car;0.8557636737823486;930;299;1126;434;NO;975;385;1027;406;;0.000099;0.007863
1631;car;0.8471695184707642;1233;301;1338;405;NO;1234;301;1337;403;;0.000099;0.010012
1631;car;0.7461826801300049;1137;320;1198;358;NO;1137;320;1197;358;;0.000099;0.011970
1631;car;0.7165735960006714;1432;322;1512;382;NO;1432;322;1511;381;;0.000099;0.007713
1632;car;0.8542295098304749;920;301;1120;438;NO;966;386;1019;408;;0.000108;0.008019
1632;car;0.8389445543289185;1233;300;1339;406;NO;1234;300;1338;406;;0.000108;0.009629
1632;car;0.7617965936660767;1138;318;1198;359;NO;1138;318;1197;359;;0.000108;0.008447
1632;car;0.7184290885925293;1432;322;1512;382;NO;1432;322;1511;381;;0.000108;0.007491
1633;car;0.8407852053642273;911;301;1118;442;NO;958;388;1010;410;;0.000108;0.006412
1633;car;0.8360277414321899;1233;301;1341;408;NO;1269;373;1305;385;;0.000108;0.012173
1633;car;0.7542187571525574;1138;317;1199;359;NO;1138;317;1198;359;;0.000108;0.007398
1633;car;0.723260223865509;1432;322;1512;382;NO;1432;322;1511;381;;0.000108;0.007550
1634;car;0.8758347630500793;898;297;1110;444;NO;947;391;1003;412;;0.000109;0.006931
1634;car;0.8475030660629272;1233;301;1342;409;NO;1271;374;1306;386;;0.000109;0.006313
1634;car;0.7529416084289551;1138;316;1199;360;NO;1138;316;1198;359;;0.000109;0.006825
1634;car;0.7197712063789368;1432;322;1512;382;NO;1432;322;1511;381;;0.000109;0.007103
1635;car;0.8919578194618225;889;298;1106;451;NO;936;392;993;415;;0.000115;0.007732
1635;car;0.8532728552818298;1233;299;1344;410;NO;1271;374;1307;388;;0.000115;0.007028
1635;car;0.7409459948539734;1137;316;1200;360;NO;1137;316;1199;360;;0.000115;0.007551
1635;car;0.7271989583969116;1432;322;1512;382;NO;1432;322;1511;381;;0.000115;0.007071
1636;car;0.8808248043060303;876;298;1101;453;NO;924;394;984;418;;0.000124;0.006622
1636;car;0.8408306241035461;1232;298;1345;411;NO;1232;298;1344;410;;0.000124;0.009633
1636;car;0.726334810256958;1432;322;1512;382;NO;1432;322;1511;381;;0.000124;0.007062
1636;car;0.7161701321601868;1133;316;1200;360;NO;1133;316;1199;360;;0.000124;0.007345
1637;car;0.889172375202179;862;295;1096;459;NO;912;398;973;421;;0.000103;0.009369
1637;car;0.8535675406455994;1232;298;1347;413;NO;1233;298;1346;412;;0.000103;0.009847
1637;car;0.7277039885520935;1432;322;1512;382;NO;1432;322;1511;381;;0.000103;0.007257
1637;car;0.7096121907234192;1134;316;1200;361;NO;1134;316;1199;360;;0.000103;0.006966
1638;car;0.899814784526825;848;295;1091;462;SÍ;900;400;964;425;69;0.000160;0.007654
1638;car;0.8387064933776855;1232;298;1347;414;NO;1233;298;1346;413;;0.000160;0.012181
1638;car;0.7243098020553589;1432;322;1512;382;NO;1432;322;1511;381;;0.000160;0.008003
1639;car;0.9090070724487305;835;295;1088;465;SÍ;888;403;950;429;026D;0.000191;0.008034
1639;car;0.8440079092979431;1232;299;1350;416;NO;1233;299;1349;415;;0.000191;0.009896
1639;car;0.7233741879463196;1432;322;1512;382;NO;1432;322;1511;381;;0.000191;0.008430
1640;car;0.9096577167510986;819;295;1078;471;SÍ;874;404;939;432;ZFD;0.000124;0.007687
1640;car;0.863604724407196;1231;297;1352;417;NO;1233;297;1351;416;;0.000124;0.009737
1640;car;0.7207424640655518;1432;322;1512;382;NO;1432;322;1511;381;;0.000124;0.007179
1641;car;0.8872663378715515;801;294;1072;477;NO;859;408;927;435;;0.000135;0.010174
1641;car;0.8368436694145203;1232;298;1354;418;NO;1233;298;1353;414;;0.000135;0.009862
1641;car;0.7232896089553833;1432;322;1512;382;NO;1432;322;1511;381;;0.000135;0.007764
1642;car;0.8791517019271851;785;293;1067;483;NO;843;411;911;440;;0.000104;0.008593
1642;car;0.8302891254425049;1232;298;1357;419;NO;1276;380;1316;395;;0.000104;0.006343
1642;car;0.7223232984542847;1432;322;1512;382;NO;1432;322;1511;381;;0.000104;0.007065
1643;car;0.8832451105117798;767;292;1058;487;SÍ;823;416;897;444;EE2F;0.000117;0.033124
1643;car;0.8346174359321594;1231;298;1356;421;NO;1231;298;1355;421;;0.000117;0.009130
1643;car;0.7231357097625732;1432;322;1512;382;NO;1432;322;1511;381;;0.000117;0.008378
1644;car;0.9129091501235962;746;291;1050;497;SÍ;805;420;880;450;E2A;0.000106;0.026151
1644;car;0.8204940557479858;1231;297;1361;424;NO;1277;383;1319;397;;0.000106;0.006086
1644;car;0.7280545234680176;1431;322;1512;382;NO;1431;322;1511;382;;0.000106;0.008349
1645;car;0.9182137250900269;724;292;1044;502;SÍ;785;425;863;455;6260;0.000119;0.019418
1645;car;0.7840961813926697;1230;296;1364;426;NO;1278;383;1321;399;;0.000119;0.007478
1645;car;0.7345403432846069;1432;322;1512;382;NO;1432;322;1511;381;;0.000119;0.008795
1646;car;0.8895296454429626;698;291;1034;510;SÍ;763;430;844;462;7E;0.000112;0.011333
1646;car;0.8021954894065857;1230;294;1364;429;NO;1279;385;1323;400;;0.000112;0.006591
1646;car;0.7350496053695679;1432;322;1512;382;NO;1432;322;1511;381;;0.000112;0.006816
1647;car;0.9398879408836365;672;290;1024;519;SÍ;738;435;822;468;22D;0.000202;0.007452
1647;car;0.787104070186615;1229;293;1365;430;NO;1280;386;1324;402;;0.000202;0.007107
1647;car;0.7376726269721985;1432;322;1512;382;NO;1432;322;1511;381;;0.000202;0.007117
1648;car;0.9413754343986511;643;289;1015;528;SÍ;712;441;800;475;ZT;0.000103;0.007175
1648;car;0.7964783310890198;1230;293;1368;431;NO;1282;387;1327;404;;0.000103;0.006904
1648;car;0.739707350730896;1432;322;1512;382;NO;1432;322;1511;381;;0.000103;0.006741
1649;car;0.9509986639022827;610;289;1004;536;SÍ;683;448;775;482;32ER;0.000100;0.006944
1649;car;0.7793650031089783;1230;295;1370;432;NO;1283;389;1328;405;;0.000100;0.006870
1649;car;0.7369776368141174;1432;322;1512;382;NO;1432;322;1511;381;;0.000100;0.006902
1650;car;0.9276924729347229;576;286;996;547;NO;651;455;746;491;;0.000104;0.006730
1650;car;0.7307602763175964;1432;322;1512;382;NO;1432;322;1511;381;;0.000104;0.007462
1650;car;0.7066577672958374;1118;308;1200;368;NO;1118;308;1197;368;;0.000104;0.008680
1651;car;0.9266548752784729;538;282;980;561;NO;613;462;714;500;;0.000134;0.008647
1651;car;0.759223997592926;1118;308;1199;369;NO;1118;308;1195;369;;0.000134;0.008874
1651;car;0.7353347539901733;1433;322;1512;382;NO;1433;322;1512;382;;0.000134;0.008948
1651;car;0.7302374839782715;1232;291;1377;434;NO;1287;391;1334;409;;0.000134;0.012788
1652;car;0.9262259602546692;492;285;970;575;NO;573;471;679;512;;0.000123;0.006922
1652;car;0.777347207069397;1117;310;1198;369;NO;1117;310;1195;368;;0.000123;0.007603
1652;car;0.7266713380813599;1432;322;1512;382;NO;1432;322;1511;381;;0.000123;0.007854
1652;car;0.7161741852760315;1231;291;1383;436;NO;1288;392;1337;411;;0.000123;0.007303
1653;car;0.9319032430648804;440;281;953;591;NO;527;480;638;524;;0.000114;0.010452
1653;car;0.7835469245910645;1117;310;1198;370;NO;1117;310;1194;370;;0.000114;0.006656
1653;car;0.7350984215736389;1231;290;1386;439;NO;1289;394;1339;412;;0.000114;0.006235
1653;car;0.7256484627723694;1432;322;1512;382;NO;1432;322;1511;381;;0.000114;0.007201
1654;car;0.9376423358917236;384;279;936;609;NO;387;280;934;598;;0.000105;0.044995
1654;car;0.8089752197265625;1115;307;1197;371;NO;1115;307;1193;370;;0.000105;0.007196
1654;car;0.7453379034996033;1230;291;1389;439;NO;1291;395;1342;414;;0.000105;0.007750
1654;car;0.7222315073013306;1433;322;1512;382;NO;1433;322;1512;382;;0.000105;0.007363
1655;car;0.9332811236381531;320;278;919;629;NO;323;278;916;618;;0.000107;0.051486
1655;car;0.7893761992454529;1113;308;1196;372;NO;1113;308;1192;371;;0.000107;0.007285
1655;car;0.7613735795021057;1231;292;1392;442;NO;1295;396;1346;416;;0.000107;0.007507
1655;car;0.7219754457473755;1433;322;1512;382;NO;1433;322;1512;382;;0.000107;0.007461
1656;car;0.9085383415222168;247;274;902;652;NO;249;274;898;639;;0.000105;0.058023
1656;car;0.8262199759483337;1113;305;1196;373;NO;1113;305;1194;370;;0.000105;0.007775
1656;car;0.7165673971176147;1432;322;1512;382;NO;1432;322;1511;382;;0.000105;0.007486
1657;car;0.9206153154373169;156;272;882;684;NO;165;273;879;671;;0.000111;0.067334
1657;car;0.7921335697174072;1110;304;1192;374;NO;1110;304;1191;372;;0.000111;0.007146
1657;car;0.7235037088394165;1431;322;1512;382;NO;1431;322;1511;382;;0.000111;0.006582
1658;car;0.9295628070831299;51;267;861;713;NO;58;268;858;706;;0.000100;0.118373
1658;car;0.8130850791931152;1235;290;1406;450;NO;1303;402;1357;422;;0.000100;0.008106
1658;car;0.7972118258476257;1106;305;1191;376;NO;1106;305;1190;376;;0.000100;0.008698
1658;car;0.7325806617736816;1432;322;1512;382;NO;1432;322;1511;381;;0.000100;0.007822
1659;car;0.9354681968688965;1;265;833;752;NO;1;265;832;743;;0.000100;0.081191
1659;car;0.8204989433288574;1233;287;1409;456;NO;1306;404;1362;424;;0.000100;0.011779
1659;car;0.7654312252998352;1103;305;1190;377;NO;1103;305;1189;375;;0.000100;0.013659
1659;car;0.7118450403213501;1433;322;1512;382;NO;1434;322;1512;382;;0.000100;0.009154
1660;car;0.9348410964012146;1;259;806;803;NO;1;261;802;795;;0.000104;0.093052
1660;car;0.7903447151184082;1234;287;1416;456;NO;1308;406;1365;427;;0.000104;0.012403
1660;car;0.7881016731262207;1101;305;1187;379;NO;1101;305;1186;378;;0.000104;0.011133
1660;car;0.7101611495018005;1434;322;1512;382;NO;1435;322;1511;381;;0.000104;0.011273
1661;car;0.946114182472229;1;255;774;875;NO;1;255;772;856;;0.000102;0.088369
1661;car;0.8325219750404358;1234;288;1422;462;NO;1314;408;1370;428;;0.000102;0.011154
1661;car;0.779758632183075;1099;307;1185;380;NO;1099;307;1184;379;;0.000102;0.007219
1661;car;0.7199888825416565;1433;320;1512;383;NO;1434;320;1511;382;;0.000102;0.006492
1662;car;0.9514042139053345;2;246;742;947;NO;2;248;740;936;;0.000108;0.102748
1662;car;0.881394624710083;1235;287;1430;465;NO;1318;409;1377;431;;0.000108;0.008376
1662;car;0.7695598602294922;1098;307;1185;381;NO;1098;307;1184;379;;0.000108;0.008791
1662;car;0.7313395738601685;1436;323;1513;381;NO;1436;323;1512;380;;0.000108;0.009161
1663;car;0.9404500722885132;1;244;698;1045;NO;2;244;694;925;;0.000187;0.118444
1663;car;0.8796731233596802;1237;287;1436;469;NO;1322;411;1383;434;;0.000187;0.012280
1663;car;0.788009762763977;1095;307;1184;381;NO;1095;307;1183;380;;0.000187;0.007388
1663;car;0.7314221858978271;1431;320;1513;382;NO;1434;320;1513;382;;0.000187;0.007750
1664;car;0.9457446932792664;2;235;652;961;NO;2;243;652;937;;0.000107;0.075362
1664;car;0.8785025477409363;1237;287;1444;474;NO;1326;414;1388;435;;0.000107;0.010222
1664;car;0.8421396613121033;1092;306;1183;383;NO;1092;306;1182;381;;0.000107;0.010640
1664;car;0.7152674198150635;1429;322;1514;380;NO;1440;322;1513;379;;0.000107;0.014044
1665;car;0.9600881338119507;1;233;596;953;NO;7;251;596;945;;0.000108;0.068853
1665;car;0.8845300674438477;1239;286;1450;477;NO;1331;417;1394;439;;0.000108;0.006489
1665;car;0.8406379222869873;1091;306;1182;383;NO;1091;306;1181;382;;0.000108;0.007696
1665;car;0.717082679271698;1433;320;1513;382;NO;1447;320;1512;381;;0.000108;0.012889
1666;car;0.9580055475234985;1;230;529;953;NO;2;270;529;948;;0.000189;0.108117
1666;car;0.8910666108131409;1242;285;1458;480;SÍ;1336;420;1401;443;0685;0.000189;0.018317
1666;car;0.8719273209571838;1088;305;1181;383;NO;1088;305;1180;383;;0.000189;0.012580
1666;car;0.7605864405632019;1439;321;1513;381;NO;1456;321;1512;379;;0.000189;0.012103
1667;car;0.891036868095398;0;253;477;955;NO;0;271;477;941;;0.000100;0.129912
1667;car;0.8814270496368408;1244;285;1466;485;SÍ;1344;422;1411;447;8685;0.000100;0.018580
1667;car;0.8734303116798401;1084;306;1180;384;NO;1084;306;1179;383;;0.000100;0.007928
1667;car;0.7627065181732178;1442;320;1513;382;NO;1442;320;1513;382;;0.000100;0.007495
1668;car;0.9035724997520447;0;308;348;986;NO;0;310;348;962;;0.000114;0.112449
1668;car;0.8800196647644043;1246;284;1475;489;NO;1349;425;1419;451;;0.000114;0.012954
1668;car;0.8599869012832642;1080;306;1180;386;NO;1080;306;1178;385;;0.000114;0.007076
1668;car;0.7015992999076843;1447;321;1513;382;NO;1447;321;1513;382;;0.000114;0.012351
1669;car;0.8789275884628296;1248;284;1486;494;SÍ;1356;428;1428;454;06OSK;0.000113;0.029678
1669;car;0.8649110794067383;0;373;215;1029;NO;;;;;;0.000113;0.000000
1669;car;0.834452211856842;1077;306;1178;385;NO;1077;306;1176;385;;0.000113;0.010923
1670;car;0.8955006003379822;1252;286;1497;499;SÍ;1364;432;1437;458;06PSKV;0.000104;0.042470
1670;car;0.8016833662986755;1074;306;1175;386;NO;1074;306;1172;386;;0.000104;0.012324
1671;car;0.8955127000808716;1252;285;1508;503;SÍ;1374;436;1449;461;EG5LD;0.000103;0.039518
1671;car;0.8509863615036011;1070;306;1176;387;NO;1070;306;1174;387;;0.000103;0.013295
1672;car;0.9069491028785706;1256;283;1521;509;SÍ;1382;440;1460;466;86B5L;0.000109;0.032824
1672;car;0.8403835892677307;1067;305;1172;388;NO;1067;305;1170;388;;0.000109;0.007411
1673;car;0.9173110723495483;1260;283;1534;516;SÍ;1392;445;1472;470;EL;0.000107;0.041755
1673;car;0.8249012231826782;1065;304;1171;389;NO;1065;304;1168;387;;0.000107;0.009048
1674;car;0.9060892462730408;1263;280;1550;524;SÍ;1403;449;1485;475;BDS;0.000120;0.021676
1674;car;0.8191189169883728;1062;306;1170;389;NO;1062;306;1168;389;;0.000120;0.008318
1675;car;0.917104959487915;1268;282;1562;527;SÍ;1417;453;1500;480;BS;0.000247;0.017821
1675;car;0.8206852674484253;1059;307;1169;390;NO;1059;307;1167;390;;0.000247;0.010629
1676;car;0.9000685214996338;1273;280;1579;531;SÍ;1428;458;1516;486;6685KM;0.000223;0.033808
1676;car;0.7644442319869995;1053;306;1167;392;NO;1053;306;1165;392;;0.000223;0.010859
1677;car;0.8702759146690369;1275;278;1597;539;SÍ;1443;462;1533;491;8685;0.000142;0.016271
1677;car;0.7867143750190735;1050;303;1170;394;NO;1050;303;1168;394;;0.000142;0.006788
1678;car;0.8886253237724304;1279;280;1614;546;SÍ;1457;469;1549;498;EW;0.000189;0.028483
1678;car;0.8254079818725586;1048;303;1166;395;NO;1048;303;1163;394;;0.000189;0.007384
1679;car;0.8720332980155945;1280;278;1636;556;SÍ;1473;474;1570;505;885;0.000422;0.017536
1679;car;0.8141051530838013;1041;303;1163;396;NO;1041;303;1161;396;;0.000422;0.006839
1680;car;0.8332928419113159;1288;277;1659;563;SÍ;1493;480;1592;512;E;0.000202;0.032422
1680;car;0.7173610329627991;1038;305;1162;396;NO;1038;305;1160;396;;0.000202;0.007185
1681;car;0.854820966720581;1299;277;1684;572;SÍ;1512;488;1616;520;8;0.000199;0.027193
1681;car;0.7740439176559448;1032;304;1160;397;NO;1032;304;1159;394;;0.000199;0.007992
1682;car;0.8934952616691589;1307;273;1711;580;SÍ;1533;495;1641;529;E;0.000380;0.038569
1682;car;0.843980073928833;1028;303;1158;399;NO;1028;303;1157;399;;0.000380;0.010887
1683;car;0.8685199618339539;1312;270;1738;589;SÍ;1558;503;1667;537;E;0.000169;0.018864
1683;car;0.8228363990783691;1026;303;1156;400;NO;1026;303;1155;398;;0.000169;0.012101
1684;car;0.8870203495025635;1324;270;1768;601;NO;1583;512;1700;548;;0.000198;0.009978
1684;car;0.8486141562461853;1020;303;1154;403;NO;1020;303;1153;402;;0.000198;0.009118
1684;car;0.711672842502594;1153;308;1210;350;NO;1153;308;1209;350;;0.000198;0.008721
1685;car;0.9063345789909363;1330;275;1805;613;NO;1613;520;1733;558;;0.000176;0.008597
1685;car;0.8614675402641296;1015;304;1151;403;NO;1015;304;1150;400;;0.000176;0.010036
1685;car;0.7381051778793335;1151;308;1208;350;NO;1151;308;1207;350;;0.000176;0.012812
1686;car;0.912798285484314;1339;268;1846;625;NO;1644;531;1770;570;;0.000174;0.007560
1686;car;0.8755753636360168;1011;304;1151;407;NO;1011;304;1148;407;;0.000174;0.008946
1686;car;0.737515926361084;1151;308;1209;351;NO;1151;308;1208;351;;0.000174;0.006923
1687;car;0.9011350870132446;1350;270;1885;633;NO;1679;543;1809;584;;0.000197;0.010677
1687;car;0.8842381238937378;1004;302;1152;408;NO;1005;302;1147;407;;0.000197;0.009120
1687;car;0.7249746918678284;1151;308;1209;352;NO;1151;308;1208;352;;0.000197;0.006943
1688;car;0.9161884784698486;1362;266;1919;648;NO;1717;555;1855;598;;0.000160;0.006508
1688;car;0.8571997284889221;1000;303;1150;410;NO;1000;303;1141;410;;0.000160;0.009010
1688;car;0.7180442810058594;1150;308;1208;352;NO;1151;308;1207;352;;0.000160;0.015158
1689;car;0.9165168404579163;1375;267;1918;657;NO;1760;568;1907;614;;0.000122;0.013102
1689;car;0.8651015758514404;993;301;1144;411;NO;994;301;1140;409;;0.000122;0.009989
1690;car;0.9221207499504089;1387;265;1918;673;NO;1391;268;1916;668;;0.000268;0.053917
1690;car;0.8365254998207092;989;302;1143;412;NO;989;302;1135;410;;0.000268;0.009308
1691;car;0.9103109240531921;1402;263;1918;691;NO;1402;265;1917;685;;0.000150;0.103737
1691;car;0.8710538148880005;980;301;1139;414;NO;981;301;1133;413;;0.000150;0.010563
1691;car;0.7063884735107422;1149;308;1208;354;NO;1149;308;1207;354;;0.000150;0.007041
1692;car;0.9145224690437317;1419;262;1918;716;NO;1422;264;1917;701;;0.000155;0.053455
1692;car;0.8598580956459045;973;299;1138;416;NO;975;299;1132;414;;0.000155;0.010427
1693;car;0.9109886884689331;1434;257;1918;732;NO;1439;259;1917;722;;0.000156;0.054570
1693;car;0.8551267385482788;970;300;1137;420;NO;1011;373;1054;386;;0.000156;0.010321
1693;car;0.710561215877533;1147;307;1208;356;NO;1147;307;1207;356;;0.000156;0.010743
1694;car;0.9362868666648865;1452;258;1919;758;NO;1455;261;1919;757;;0.000234;0.054197
1694;car;0.8819208741188049;963;299;1131;423;NO;963;299;1124;423;;0.000234;0.009958
1694;car;0.7170455455780029;1147;307;1209;356;NO;1147;307;1208;356;;0.000234;0.007699
1695;car;0.9309812784194946;1473;258;1919;783;NO;1475;259;1919;781;;0.000254;0.104891
1695;car;0.837861955165863;957;296;1132;425;NO;957;297;1126;425;;0.000254;0.009510
1695;car;0.733467161655426;1430;322;1511;381;NO;1470;322;1510;379;;0.000254;0.006145
1695;car;0.7079647779464722;1147;307;1209;357;NO;1147;307;1208;356;;0.000254;0.006949
1696;car;0.9254854917526245;1497;257;1918;818;NO;1499;263;1918;815;;0.000239;0.105296
1696;car;0.8612773418426514;949;297;1134;425;NO;992;375;1038;390;;0.000239;0.009918
1696;car;0.7281950116157532;1432;321;1511;382;NO;1434;321;1495;381;;0.000239;0.011091
1696;car;0.7127405405044556;1146;306;1209;357;NO;1146;306;1208;356;;0.000239;0.007252
1697;car;0.8994860649108887;1523;256;1919;826;NO;1524;262;1919;807;;0.000107;0.105587
1697;car;0.7946585416793823;940;296;1120;428;NO;984;375;1033;392;;0.000107;0.005852
1697;car;0.7306942939758301;1433;321;1511;383;NO;1434;321;1511;382;;0.000107;0.010996
1698;car;0.9081773161888123;1548;256;1918;766;NO;1553;260;1918;764;;0.000099;0.104222
1698;car;0.8556252121925354;933;296;1115;429;NO;933;296;1114;423;;0.000099;0.009980
1698;car;0.7064856290817261;1432;321;1512;383;NO;1433;321;1512;382;;0.000099;0.010111
1699;car;0.9271479845046997;1574;256;1918;762;NO;1574;258;1918;758;;0.000107;0.103325
1699;car;0.8125086426734924;924;296;1109;433;NO;924;296;1108;429;;0.000107;0.010744
1699;car;0.7145438194274902;1432;321;1512;383;NO;1432;321;1512;382;;0.000107;0.007001
1699;car;0.7027330994606018;1145;306;1209;359;NO;1145;306;1208;356;;0.000107;0.007967
1700;car;0.899076521396637;1605;253;1919;760;NO;1605;253;1919;749;;0.000105;0.105826
1700;car;0.8541043400764465;916;294;1106;437;NO;916;294;1105;433;;0.000105;0.011677
1700;car;0.720108687877655;1431;321;1513;383;NO;1431;321;1512;383;;0.000105;0.010195
1700;car;0.7034747004508972;1144;306;1208;359;NO;1144;306;1207;358;;0.000105;0.009436
1701;car;0.8947516679763794;1641;256;1919;756;NO;1641;263;1919;747;;0.000198;0.121326
1701;car;0.8329574465751648;904;294;1102;440;NO;905;294;1100;437;;0.000198;0.024858
1701;car;0.720105767250061;1431;321;1513;383;NO;1431;321;1512;383;;0.000198;0.009097
1702;car;0.8625031113624573;896;293;1099;443;NO;897;293;1096;440;;0.000118;0.015048
1702;car;0.8514560461044312;1678;251;1918;758;NO;1678;251;1918;754;;0.000118;0.037820
1702;car;0.7137362957000732;1432;321;1513;382;NO;1432;321;1512;381;;0.000118;0.007199
1703;car;0.8867090344429016;885;293;1093;447;NO;885;293;1090;444;;0.000146;0.015090
1703;car;0.8128455281257629;1725;248;1919;777;NO;1756;283;1917;482;;0.000146;0.106364
1703;car;0.7050198316574097;1432;321;1513;382;NO;1432;321;1512;381;;0.000146;0.007056
1704;car;0.8505369424819946;874;292;1088;450;NO;923;389;981;410;;0.000147;0.007078
1704;car;0.7148708701133728;1432;321;1512;382;NO;1432;321;1511;381;;0.000147;0.010783
1705;car;0.8933683037757874;862;293;1087;455;NO;913;391;973;413;;0.000105;0.010026
1705;car;0.7254262566566467;1431;321;1513;382;NO;1431;321;1512;382;;0.000105;0.009135
1706;car;0.8730143308639526;847;292;1082;459;NO;901;394;963;416;;0.000105;0.007049
1706;car;0.7236424088478088;1431;321;1513;382;NO;1431;321;1512;382;;0.000105;0.006992
1707;car;0.9065390229225159;833;291;1075;463;NO;889;396;952;419;;0.000112;0.008283
1707;car;0.7242155075073242;1431;321;1513;382;NO;1431;321;1512;382;;0.000112;0.007639
1708;car;0.9086475968360901;818;291;1069;469;NO;878;400;941;422;;0.000209;0.010728
1708;car;0.7246467471122742;1431;321;1513;382;NO;1431;321;1512;382;;0.000209;0.007230
1709;car;0.8838596940040588;803;290;1064;475;NO;862;403;928;425;;0.000105;0.014546
1709;car;0.7261806726455688;1431;321;1513;382;NO;1431;321;1512;382;;0.000105;0.011120
1710;car;0.8910864591598511;789;290;1058;479;NO;847;406;917;429;;0.000140;0.007120
1710;car;0.7256358861923218;1432;321;1513;382;NO;1432;321;1512;381;;0.000140;0.012599
1711;car;0.901705265045166;771;288;1050;484;NO;830;408;902;434;;0.000119;0.011584
1711;car;0.7232189774513245;1432;321;1513;382;NO;1432;321;1512;381;;0.000119;0.008198
1712;car;0.8934625387191772;751;289;1044;493;NO;811;413;888;438;;0.000109;0.006920
1712;car;0.7203867435455322;1431;321;1513;382;NO;1431;321;1512;382;;0.000109;0.009888
1713;car;0.8933348655700684;731;286;1041;500;NO;793;418;871;443;;0.000103;0.007220
1713;car;0.7242999076843262;1431;321;1513;382;NO;1431;321;1512;382;;0.000103;0.006790
1714;car;0.878040075302124;709;284;1028;507;NO;773;420;854;449;;0.000104;0.007090
1714;car;0.7166096568107605;1431;321;1513;382;NO;1431;321;1512;382;;0.000104;0.006894
1714;car;0.7042887210845947;1135;308;1216;368;NO;1135;308;1211;368;;0.000104;0.008464
1715;car;0.9042454361915588;686;283;1020;516;NO;748;424;836;456;;0.000102;0.010535
1715;car;0.7152134776115417;1431;321;1513;382;NO;1431;321;1512;382;;0.000102;0.008587
1715;car;0.7068856954574585;1132;307;1216;369;NO;1132;307;1212;369;;0.000102;0.010802
1716;car;0.9416856169700623;657;281;1012;524;NO;723;431;814;462;;0.000128;0.008748
1716;car;0.7484715580940247;1130;308;1220;370;NO;1130;308;1207;370;;0.000128;0.008340
1716;car;0.7124704122543335;1431;322;1513;382;NO;1431;322;1512;382;;0.000128;0.011360
1717;car;0.9429630637168884;630;280;1003;533;NO;698;436;790;469;;0.000115;0.007903
1717;car;0.746723473072052;1128;307;1219;370;NO;1128;307;1208;370;;0.000115;0.009000
1717;car;0.7197763919830322;1431;322;1513;382;NO;1431;322;1512;382;;0.000115;0.006794
1718;car;0.897872269153595;597;280;994;543;NO;668;443;766;476;;0.000211;0.007229
1718;car;0.7556001543998718;1126;307;1215;370;NO;1126;307;1209;370;;0.000211;0.006994
1718;car;0.7139717936515808;1431;322;1513;382;NO;1431;322;1512;382;;0.000211;0.009265
1719;car;0.9173305630683899;562;278;980;554;NO;633;449;738;484;;0.000102;0.008057
1719;car;0.7580106258392334;1125;305;1213;370;NO;1125;305;1210;370;;0.000102;0.007538
1719;car;0.7116966843605042;1431;322;1513;382;NO;1431;322;1512;382;;0.000102;0.006456
1720;car;0.9279949069023132;520;278;970;567;NO;597;462;705;494;;0.000113;0.011281
1720;car;0.773587703704834;1124;305;1210;370;NO;1124;305;1209;370;;0.000113;0.010654
1720;car;0.7101791501045227;1431;322;1513;382;NO;1431;322;1512;382;;0.000113;0.009903
1721;car;0.92535001039505;478;274;956;584;NO;478;274;954;576;;0.000099;0.042690
1721;car;0.781925618648529;1125;304;1210;371;NO;1125;304;1208;371;;0.000099;0.007770
1721;car;0.711928129196167;1431;322;1513;382;NO;1431;322;1512;382;;0.000099;0.007132
1722;car;0.9291191697120667;427;272;941;600;NO;427;272;940;596;;0.000102;0.053443
1722;car;0.761928141117096;1125;304;1210;372;NO;1125;304;1208;372;;0.000102;0.008060
1722;car;0.7134413719177246;1431;322;1513;382;NO;1431;322;1512;382;;0.000102;0.007124
1723;car;0.9320392608642578;372;271;925;615;NO;372;272;924;607;;0.000113;0.051735
1723;car;0.7640909552574158;1123;303;1210;373;NO;1123;303;1208;371;;0.000113;0.007104
1723;car;0.7160540223121643;1431;322;1513;382;NO;1431;322;1512;382;;0.000113;0.008896
1724;car;0.9291024804115295;303;272;911;640;NO;304;272;908;630;;0.000182;0.062054
1724;car;0.760178804397583;1122;303;1208;374;NO;1122;303;1206;372;;0.000182;0.010758
1724;car;0.7110427021980286;1431;322;1513;382;NO;1431;322;1512;382;;0.000182;0.006662
1725;car;0.9236721992492676;228;262;894;661;NO;229;262;890;649;;0.000097;0.069083
1725;car;0.7766735553741455;1119;303;1207;375;NO;1119;303;1206;374;;0.000097;0.006786
1725;car;0.713617205619812;1431;322;1513;382;NO;1431;322;1512;382;;0.000097;0.007454
1726;car;0.9247815012931824;141;260;870;694;NO;143;260;869;685;;0.000101;0.074938
1726;car;0.7618601322174072;1117;303;1208;376;NO;1117;303;1207;374;;0.000101;0.011030
1726;car;0.715559720993042;1431;322;1513;382;NO;1431;322;1512;382;;0.000101;0.010520
1727;car;0.9254459738731384;32;253;850;723;NO;37;255;844;711;;0.000147;0.087468
1727;car;0.7696090936660767;1116;303;1206;376;NO;1116;303;1205;375;;0.000147;0.011633
1727;car;0.7175602912902832;1431;322;1513;382;NO;1431;322;1512;382;;0.000147;0.007559
1728;car;0.9238593578338623;0;249;822;764;NO;0;249;822;753;;0.000104;0.082969
1728;car;0.808154821395874;1115;303;1206;377;NO;1115;303;1205;376;;0.000104;0.014515
1728;car;0.7149565815925598;1431;322;1513;382;NO;1431;322;1512;382;;0.000104;0.008811
1729;car;0.9218536019325256;0;242;797;817;NO;1;243;795;801;;0.000119;0.087213
1729;car;0.7920960783958435;1114;303;1207;377;NO;1114;303;1205;376;;0.000119;0.007388
1729;car;0.7100683450698853;1430;322;1513;382;NO;1430;322;1512;382;;0.000119;0.006896
1730;car;0.9211750626564026;0;240;765;889;NO;0;240;764;864;;0.000107;0.114791
1730;car;0.8210008144378662;1114;303;1208;379;NO;1114;303;1206;377;;0.000107;0.008392
1730;car;0.7087526917457581;1430;322;1513;382;NO;1430;322;1512;382;;0.000107;0.007344
1731;car;0.9405985474586487;1;229;726;950;NO;1;229;724;932;;0.000108;0.115720
1731;car;0.8139268755912781;1111;303;1206;381;NO;1111;303;1204;380;;0.000108;0.008591
1731;car;0.7131532430648804;1430;322;1513;382;NO;1430;322;1512;382;;0.000108;0.007388
1732;car;0.9558959007263184;1;222;686;1049;NO;7;224;686;911;;0.000196;0.080737
1732;car;0.8308635950088501;1109;301;1203;382;NO;1109;301;1201;382;;0.000196;0.007455
1732;car;0.7167873382568359;1430;322;1512;382;NO;1430;322;1511;382;;0.000196;0.007152
1733;car;0.9164139628410339;2;216;636;967;NO;2;216;635;948;;0.000101;0.114491
1733;car;0.8501895070075989;1106;303;1200;383;NO;1106;303;1199;380;;0.000101;0.008752
1733;car;0.7193530201911926;1430;322;1513;382;NO;1430;322;1512;382;;0.000101;0.009939
1734;car;0.9270979166030884;1;204;580;923;NO;1;206;573;921;;0.000124;0.122017
1734;car;0.8501607775688171;1104;302;1201;384;NO;1104;302;1200;384;;0.000124;0.007582
1734;car;0.7175791263580322;1430;322;1513;382;NO;1430;322;1512;382;;0.000124;0.007172
1735;car;0.9340676069259644;1;195;516;924;NO;1;307;515;913;;0.000100;0.109528
1735;car;0.8512396812438965;1102;303;1199;385;NO;1102;303;1198;385;;0.000100;0.007278
1735;car;0.7166765928268433;1430;322;1512;382;NO;1430;322;1511;382;;0.000100;0.006621
1736;car;0.9020636081695557;1;199;434;933;NO;1;202;327;454;;0.000105;0.017103
1736;car;0.8428990244865417;1098;303;1198;385;NO;1098;303;1197;384;;0.000105;0.007693
1736;car;0.7219157218933105;1431;322;1513;382;NO;1431;322;1512;382;;0.000105;0.011620
1737;car;0.8321051001548767;0;229;328;984;NO;;;;;;0.000104;0.000000
1737;car;0.8239485025405884;1096;302;1200;386;NO;1096;302;1198;385;;0.000104;0.007356
1737;car;0.7176791429519653;1431;322;1512;382;NO;1431;322;1511;382;;0.000104;0.007372
1738;car;0.8530174493789673;0;342;203;1053;NO;0;343;203;752;;0.000105;0.126693
1738;car;0.7914753556251526;1095;302;1202;387;NO;1095;302;1198;387;;0.000105;0.008408
1738;car;0.721471905708313;1431;321;1513;382;NO;1431;321;1512;382;;0.000105;0.007059
1739;car;0.7756487727165222;1093;302;1198;388;NO;1093;302;1196;387;;0.000102;0.007293
1739;car;0.7192829847335815;1431;322;1513;382;NO;1431;322;1512;382;;0.000102;0.007421
1740;car;0.8018609881401062;1090;302;1195;388;NO;1090;302;1194;386;;0.000102;0.009015
1740;car;0.7201818823814392;1431;322;1513;382;NO;1431;322;1512;382;;0.000102;0.007669
1741;car;0.7935101985931396;1090;302;1196;389;NO;1090;302;1194;388;;0.000110;0.008582
1741;car;0.7253470420837402;1431;321;1513;382;NO;1431;321;1512;382;;0.000110;0.009406
1742;car;0.8149682879447937;1088;302;1192;388;NO;1088;302;1191;384;;0.000119;0.012900
1742;car;0.7245981693267822;1431;321;1513;382;NO;1431;321;1512;382;;0.000119;0.015505
1743;car;0.8258132934570312;1085;302;1192;388;NO;1085;302;1191;385;;0.000118;0.008461
1743;car;0.7222476005554199;1432;321;1513;382;NO;1432;321;1512;381;;0.000118;0.007805
1744;car;0.8380529880523682;1076;302;1193;389;NO;1077;302;1192;389;;0.000121;0.007227
1744;car;0.7177775502204895;1432;321;1513;382;NO;1432;321;1512;381;;0.000121;0.007202
1745;car;0.8495256304740906;1075;302;1193;390;NO;1075;302;1191;390;;0.000101;0.008494
1745;car;0.7209377288818359;1431;321;1512;382;NO;1431;321;1512;381;;0.000101;0.014205
1746;car;0.8562707304954529;1072;302;1188;391;NO;1073;302;1187;390;;0.000109;0.007402
1746;car;0.7184844613075256;1431;321;1512;382;NO;1431;321;1512;381;;0.000109;0.008191
1747;car;0.846688449382782;1073;302;1186;392;NO;1073;302;1185;391;;0.000107;0.006975
1747;car;0.7149068117141724;1432;322;1512;382;NO;1432;322;1511;381;;0.000107;0.008224
1748;car;0.839018702507019;1068;303;1185;393;NO;1068;303;1184;392;;0.000115;0.008102
1748;car;0.7212520837783813;1431;321;1512;382;NO;1431;321;1512;381;;0.000115;0.007628
1749;car;0.8060541749000549;1065;302;1185;394;NO;1065;302;1184;393;;0.000152;0.007405
1749;car;0.7219647169113159;1431;321;1512;382;NO;1431;321;1512;381;;0.000152;0.009534
1750;car;0.723346471786499;1431;321;1512;382;NO;1431;321;1512;381;;0.000104;0.007233
1750;car;0.7200698852539062;1064;302;1182;395;NO;1064;302;1180;394;;0.000104;0.007390
1751;car;0.7197257876396179;1432;321;1512;382;NO;1432;321;1512;382;;0.000133;0.007606
1751;car;0.7161201238632202;1059;302;1177;398;NO;1059;302;1176;396;;0.000133;0.007107
1752;car;0.7725681662559509;1054;302;1180;398;NO;1054;302;1178;397;;0.000105;0.008040
1752;car;0.7245427966117859;1432;321;1512;382;NO;1432;321;1512;382;;0.000105;0.007147
1753;car;0.8266560435295105;1051;302;1178;399;NO;1051;302;1176;397;;0.000113;0.013891
1753;car;0.7054399251937866;1432;322;1512;382;NO;1432;322;1511;381;;0.000113;0.008298
1754;car;0.8258206248283386;1047;302;1181;400;NO;1047;302;1179;398;;0.000118;0.008206
1754;car;0.702913761138916;1432;322;1512;382;NO;1432;322;1511;381;;0.000118;0.007554
1755;car;0.8453446626663208;1043;302;1176;402;NO;1043;302;1174;399;;0.000113;0.010510
1755;car;0.701737642288208;1432;322;1512;382;NO;1432;322;1511;381;;0.000113;0.007131
1756;car;0.8858715891838074;1042;300;1175;404;NO;1042;300;1174;403;;0.000111;0.011135
1756;car;0.7067795395851135;1431;322;1512;382;NO;1431;322;1511;382;;0.000111;0.011359
1757;car;0.7919353246688843;1038;300;1176;404;NO;1038;300;1174;401;;0.000150;0.010310
1757;car;0.7020065784454346;1431;322;1512;382;NO;1431;322;1511;382;;0.000150;0.011125
1758;car;0.7925236821174622;1035;301;1174;406;NO;1072;367;1111;385;;0.000175;0.010157
1758;car;0.7003943920135498;1431;322;1512;382;NO;1431;322;1511;382;;0.000175;0.009799
1759;car;0.8352541923522949;1026;299;1168;408;NO;1026;299;1165;405;;0.000310;0.013063
1759;car;0.7017801403999329;1431;322;1512;382;NO;1431;322;1511;382;;0.000310;0.012091
1760;car;0.8546754717826843;1024;299;1167;409;NO;1024;299;1165;406;;0.000210;0.011062
1760;car;0.7103118896484375;1431;322;1512;382;NO;1431;322;1511;382;;0.000210;0.007261
1761;car;0.7963911890983582;1021;301;1165;410;NO;1021;301;1163;408;;0.000148;0.011250
1761;car;0.7028759717941284;1431;322;1512;383;NO;1431;322;1511;383;;0.000148;0.008782
1762;car;0.8045792579650879;1017;300;1165;410;NO;1017;300;1163;408;;0.000181;0.011431
1763;car;0.8031207323074341;1012;299;1165;411;NO;1012;299;1164;407;;0.000153;0.011293
1763;car;0.7041104435920715;1432;322;1512;383;NO;1432;322;1511;383;;0.000153;0.007091
1764;car;0.854681134223938;1004;298;1163;413;NO;1052;374;1091;391;;0.000217;0.009552
1764;car;0.7049127221107483;1431;322;1512;382;NO;1431;322;1511;382;;0.000217;0.007173
1765;car;0.8736884593963623;998;298;1161;416;NO;1048;376;1087;391;;0.000157;0.007443
1765;car;0.7100169062614441;1431;322;1512;382;NO;1431;322;1511;382;;0.000157;0.006999
1766;car;0.8473374843597412;993;299;1158;418;NO;993;299;1157;415;;0.000146;0.012426
1766;car;0.7096055150032043;1431;322;1512;382;NO;1431;322;1511;382;;0.000146;0.007198
1767;car;0.8466349244117737;992;297;1156;420;NO;992;297;1154;419;;0.000176;0.013210
1767;car;0.7051701545715332;1431;322;1512;382;NO;1431;322;1511;382;;0.000176;0.007803
1768;car;0.8169770240783691;989;297;1156;423;NO;1031;376;1076;396;;0.000189;0.007807
1768;car;0.7064145803451538;1432;322;1512;382;NO;1432;322;1511;381;;0.000189;0.011197
1769;car;0.844937264919281;978;295;1152;423;NO;978;295;1149;420;;0.000168;0.012706
1769;car;0.7101611495018005;1432;322;1512;382;NO;1432;322;1511;381;;0.000168;0.010725
1770;car;0.836131751537323;971;294;1149;425;NO;971;294;1148;421;;0.000179;0.012560
1770;car;0.7118616104125977;1432;322;1512;382;NO;1432;322;1512;381;;0.000179;0.007395
1771;car;0.8656471371650696;967;295;1146;427;NO;1012;380;1061;401;;0.000163;0.006824
1771;car;0.7096890211105347;1431;322;1512;382;NO;1431;322;1511;382;;0.000163;0.009626
1772;car;0.8918240070343018;959;293;1145;430;NO;1008;381;1056;403;;0.000144;0.009364
1772;car;0.7118272185325623;1431;322;1512;382;NO;1431;322;1511;382;;0.000144;0.009827
1773;car;0.8834102749824524;954;292;1141;431;NO;998;384;1052;406;;0.000105;0.012395
1773;car;0.7051185965538025;1431;322;1512;382;NO;1431;322;1511;382;;0.000105;0.007645
1774;car;0.8429506421089172;948;290;1139;434;NO;995;387;1046;406;;0.000114;0.008012
1775;car;0.8698263764381409;941;288;1138;437;NO;941;289;1136;433;;0.000228;0.016877
1775;car;0.7009075880050659;1431;321;1512;382;NO;1431;321;1512;381;;0.000228;0.012451
1776;car;0.8785019516944885;932;287;1134;439;SÍ;982;390;1034;411;G9S77;0.000188;0.008126
1776;car;0.7040600180625916;1431;321;1512;382;NO;1431;321;1511;381;;0.000188;0.007777
1777;car;0.8428488969802856;925;290;1132;442;SÍ;975;392;1028;413;652G;0.000148;0.008528
1777;car;0.7197700142860413;1432;321;1513;382;NO;1432;321;1512;382;;0.000148;0.007226
1778;car;0.8582360744476318;915;287;1130;445;SÍ;967;394;1022;415;LS26LQ;0.000155;0.006833
1778;car;0.7234035730361938;1432;321;1513;382;NO;1432;321;1512;381;;0.000155;0.007449
1779;car;0.8451945185661316;907;287;1127;448;SÍ;958;396;1015;417;CSJSL;0.000195;0.016104
1779;car;0.721550464630127;1432;321;1513;382;NO;1432;321;1512;382;;0.000195;0.007883
1780;car;0.8663383722305298;895;289;1123;453;SÍ;948;397;1008;421;GIL;0.000150;0.006941
1780;car;0.7262144088745117;1432;321;1513;382;NO;1432;321;1512;382;;0.000150;0.008114
1781;car;0.854209303855896;884;287;1117;457;SÍ;941;400;1000;423;GI;0.000172;0.025338
1781;car;0.7295166254043579;1432;321;1513;382;NO;1432;321;1512;381;;0.000172;0.007229
1782;car;0.8687240481376648;876;289;1112;461;SÍ;929;400;992;426;65264;0.000176;0.017921
1782;car;0.7311052680015564;1432;321;1513;382;NO;1432;321;1512;382;;0.000176;0.007193
1783;car;0.869469940662384;867;286;1109;464;SÍ;920;402;983;428;6526;0.000170;0.016756
1783;car;0.7333912253379822;1432;321;1513;382;NO;1432;321;1512;382;;0.000170;0.007251
1784;car;0.9014187455177307;853;287;1104;468;SÍ;913;407;974;431;ES4;0.000310;0.030497
1784;car;0.7319222688674927;1432;321;1513;382;NO;1432;321;1512;382;;0.000310;0.006901
1785;car;0.8866018056869507;840;285;1101;472;SÍ;899;408;964;434;65264;0.000109;0.042909
1785;car;0.7264068722724915;1432;321;1512;382;NO;1432;321;1512;382;;0.000109;0.007080
1786;car;0.9014392495155334;828;285;1096;475;SÍ;886;411;955;437;626L;0.000109;0.050848
1786;car;0.7296842336654663;1432;321;1512;382;NO;1432;321;1512;382;;0.000109;0.007132
1787;car;0.9197492599487305;813;285;1092;481;SÍ;873;414;945;441;6536LJ;0.000102;0.017600
1787;car;0.7261795401573181;1432;321;1513;382;NO;1432;321;1512;382;;0.000102;0.007564
1788;car;0.8951860666275024;799;285;1086;487;SÍ;860;416;933;445;65264;0.000246;0.018994
1788;car;0.725358247756958;1432;321;1513;382;NO;1432;321;1512;382;;0.000246;0.007421
1789;car;0.878211498260498;785;285;1081;490;SÍ;847;421;921;449;65260J;0.000104;0.026365
1789;car;0.7323116660118103;1431;321;1513;382;NO;1431;321;1512;382;;0.000104;0.006913
1789;car;0.7092217206954956;1164;307;1213;343;NO;1165;307;1212;343;;0.000104;0.006805
1790;car;0.8761930465698242;768;282;1075;496;SÍ;833;426;908;454;E6L7;0.000131;0.037001
1790;car;0.7262007594108582;1431;322;1513;382;NO;1431;322;1512;382;;0.000131;0.008116
1791;car;0.8880679607391357;751;282;1071;500;SÍ;817;430;895;457;EN;0.000123;0.029814
1791;car;0.7297216653823853;1431;322;1513;382;NO;1431;322;1512;382;;0.000123;0.007514
1792;car;0.865479588508606;732;278;1065;510;SÍ;801;434;880;462;BET;0.000121;0.030721
1792;car;0.7279345989227295;1431;322;1513;382;NO;1431;322;1512;382;;0.000121;0.008219
1793;car;0.9248549342155457;712;279;1060;515;SÍ;783;440;866;468;E;0.000171;0.016188
1793;car;0.7298739552497864;1431;322;1513;382;NO;1431;322;1512;382;;0.000171;0.007357
1793;car;0.7050763964653015;1164;306;1213;344;NO;1164;306;1212;344;;0.000171;0.006776
1794;car;0.9253619909286499;692;277;1053;521;SÍ;762;444;848;473;B4N;0.000153;0.036060
1794;car;0.7300636768341064;1431;322;1513;382;NO;1431;322;1512;382;;0.000153;0.007175
1795;car;0.921220600605011;671;276;1046;531;SÍ;744;448;831;482;ENT;0.000183;0.025682
1795;car;0.7230908870697021;1431;322;1513;382;NO;1431;322;1512;382;;0.000183;0.006996
1796;car;0.9164469242095947;645;275;1040;536;SÍ;716;453;812;487;MN;0.000114;0.027804
1796;car;0.7266960144042969;1431;322;1513;382;NO;1431;322;1512;382;;0.000114;0.007240
1797;car;0.920380175113678;618;271;1031;542;SÍ;697;461;791;494;EN;0.000103;0.015838
1797;car;0.7279004454612732;1431;322;1513;382;NO;1431;322;1512;382;;0.000103;0.008552
1798;car;0.9147826433181763;590;269;1023;553;SÍ;669;464;768;501;E;0.000104;0.025007
1798;car;0.7285354137420654;1431;322;1513;382;NO;1431;322;1512;382;;0.000104;0.010292
1799;car;0.9280790686607361;561;268;1016;563;NO;637;472;743;509;;0.000128;0.027594
1799;car;0.7304115295410156;1431;322;1513;382;NO;1431;322;1512;382;;0.000128;0.006994
1800;car;0.9228071570396423;523;271;1005;572;SÍ;603;480;716;517;E;0.000105;0.042324
1800;car;0.7287715077400208;1431;322;1513;382;NO;1431;322;1512;382;;0.000105;0.008525
1801;car;0.9136757850646973;489;269;996;585;SÍ;570;486;686;528;E;0.000107;0.006742
1801;car;0.7335564494132996;1431;322;1513;382;NO;1431;322;1512;382;;0.000107;0.006833
1802;car;0.9160650968551636;446;265;986;599;NO;532;496;653;538;;0.000103;0.007607
1802;car;0.7323002815246582;1431;322;1512;382;NO;1431;322;1511;382;;0.000103;0.007439
1803;car;0.9038110971450806;405;260;977;614;NO;483;505;617;549;;0.000106;0.006607
1803;car;0.7317951917648315;1431;322;1512;382;NO;1431;322;1511;382;;0.000106;0.007212
1804;car;0.927855908870697;351;257;962;629;NO;433;516;575;563;;0.000101;0.010542
1804;car;0.7301068305969238;1431;322;1512;382;NO;1431;322;1511;382;;0.000101;0.008498
1805;car;0.9189474582672119;300;258;949;645;NO;381;525;529;580;;0.000226;0.008463
1805;car;0.7293602228164673;1431;322;1512;382;NO;1431;322;1511;382;;0.000226;0.009014
1806;car;0.925192654132843;239;255;935;666;NO;321;543;476;598;;0.000140;0.007052
1806;car;0.7288920879364014;1431;322;1513;382;NO;1431;322;1512;382;;0.000140;0.013077
1807;car;0.9122517108917236;176;248;923;694;NO;176;250;917;682;;0.000155;0.065658
1807;car;0.7272014021873474;1431;322;1513;382;NO;1431;322;1512;382;;0.000155;0.007593
1808;car;0.9343726634979248;93;247;906;717;NO;94;251;902;707;;0.000100;0.080155
1808;car;0.7268970608711243;1431;322;1513;382;NO;1431;322;1512;382;;0.000100;0.007030
1809;car;0.9282689690589905;1;247;896;750;NO;2;252;873;742;;0.000100;0.128347
1809;car;0.7206576466560364;1431;322;1513;382;NO;1431;322;1512;382;;0.000100;0.006872
1810;car;0.9267429113388062;0;243;876;790;NO;0;248;847;777;;0.000102;0.117514
1810;car;0.7198854088783264;1431;322;1513;382;NO;1431;322;1512;382;;0.000102;0.007471
1811;car;0.8681283593177795;1;237;855;846;NO;1;240;842;824;;0.000103;0.095115
1811;car;0.7161154747009277;1432;322;1512;382;NO;1432;322;1511;381;;0.000103;0.008314
1812;car;0.9347912073135376;1;233;834;917;NO;1;233;830;884;;0.000104;0.092712
1812;car;0.7109564542770386;1431;322;1512;382;NO;1431;322;1511;382;;0.000104;0.007911
1813;car;0.9145669937133789;1;217;810;946;NO;1;224;808;918;;0.000096;0.093727
1813;car;0.7096654176712036;1431;322;1512;382;NO;1431;322;1511;382;;0.000096;0.009736
1814;car;0.9098338484764099;1;219;786;994;NO;1;223;784;981;;0.000098;0.131440
1814;car;0.7112593650817871;1431;322;1512;382;NO;1431;322;1511;382;;0.000098;0.008311
1815;car;0.7127178907394409;1431;322;1512;382;NO;1431;322;1511;382;;0.000102;0.008069
1816;car;0.7131279110908508;1431;322;1512;382;NO;1431;322;1511;382;;0.000102;0.007258
1817;bus;0.9208835363388062;1;199;688;999;NO;3;203;681;986;;0.000101;0.085111
1817;car;0.728599488735199;1155;300;1210;348;NO;1155;300;1209;347;;0.000101;0.007719
1817;car;0.7092130780220032;1431;322;1512;382;NO;1431;322;1511;382;;0.000101;0.007483
1818;bus;0.8713406324386597;1;195;649;994;NO;2;196;637;988;;0.000112;0.081835
1818;car;0.7222012877464294;1155;300;1210;349;NO;1155;300;1209;349;;0.000112;0.011563
1818;car;0.7168877720832825;1431;322;1512;382;NO;1431;322;1511;382;;0.000112;0.009505
1819;car;0.7294222712516785;1155;300;1211;349;NO;1155;300;1210;347;;0.000098;0.007937
1819;car;0.7164840698242188;1431;322;1512;382;NO;1431;322;1511;382;;0.000098;0.009656
1820;car;0.7348307371139526;1154;300;1211;350;NO;1154;300;1210;348;;0.000127;0.008230
1820;car;0.719411313533783;1431;322;1512;382;NO;1431;322;1511;382;;0.000127;0.008426
1821;car;0.7381567358970642;1153;299;1211;350;NO;1153;299;1210;348;;0.000120;0.008488
1821;car;0.7180618047714233;1431;322;1512;382;NO;1431;322;1511;382;;0.000120;0.008366
1822;car;0.9163934588432312;2;183;417;998;NO;2;198;347;443;;0.000120;0.016844
1822;car;0.7208486199378967;1431;321;1512;382;NO;1431;321;1512;381;;0.000120;0.010904
1822;car;0.7200965881347656;1152;300;1211;350;NO;1152;300;1210;350;;0.000120;0.009589
1823;car;0.89419025182724;0;201;333;1062;NO;;;;;;0.000116;0.000000
1823;car;0.718673050403595;1431;321;1512;382;NO;1431;321;1512;381;;0.000116;0.007934
1824;car;0.8777384757995605;0;256;232;1061;NO;0;471;232;930;;0.000105;0.108831
1824;car;0.7155938744544983;1431;321;1513;382;NO;1431;321;1512;382;;0.000105;0.007168
1825;car;0.7152105569839478;1431;322;1513;382;NO;1431;322;1512;382;;0.000114;0.008518
1826;car;0.722098708152771;1431;322;1512;382;NO;1431;322;1511;382;;0.000109;0.007118
1827;car;0.7212076187133789;1431;321;1513;382;NO;1431;321;1512;382;;0.000105;0.007216
1828;car;0.7264530658721924;1431;322;1513;382;NO;1431;322;1512;382;;0.000108;0.007974
1829;car;0.7277213931083679;1431;321;1513;382;NO;1431;321;1512;382;;0.000098;0.008313
1830;car;0.7269951701164246;1431;321;1512;382;NO;1431;321;1512;381;;0.000119;0.007720
1831;car;0.7289859056472778;1431;321;1512;382;NO;1431;321;1512;381;;0.000110;0.009586
1832;car;0.7252411842346191;1431;321;1513;382;NO;1431;321;1512;382;;0.000118;0.007427
1833;car;0.7264382839202881;1431;321;1513;382;NO;1431;321;1512;382;;0.000130;0.008360
1834;car;0.7275355458259583;1431;322;1513;382;NO;1431;322;1512;382;;0.000108;0.010941
1835;car;0.7268155217170715;1431;322;1513;382;NO;1431;322;1512;382;;0.000123;0.007653
1836;car;0.7270280122756958;1431;322;1513;382;NO;1431;322;1512;382;;0.000109;0.007405
1837;car;0.7328439354896545;1431;322;1513;382;NO;1431;322;1512;382;;0.000109;0.007480
1838;car;0.733692467212677;1431;322;1513;382;NO;1431;322;1512;382;;0.000190;0.007961
1839;car;0.7265203595161438;1431;322;1513;382;NO;1431;322;1512;382;;0.000108;0.007448
1840;car;0.7298986315727234;1432;322;1513;382;NO;1432;322;1512;382;;0.000111;0.012745
1841;car;0.727313756942749;1431;322;1513;382;NO;1431;322;1512;382;;0.000123;0.008267
1842;car;0.7305285334587097;1431;322;1513;382;NO;1431;322;1512;382;;0.000181;0.013628
1843;car;0.7341338396072388;1431;322;1513;382;NO;1431;322;1512;382;;0.000205;0.010512
1844;car;0.7306144833564758;1431;322;1513;382;NO;1431;322;1512;382;;0.000201;0.008565
1845;car;0.7269198298454285;1431;322;1513;382;NO;1431;322;1512;382;;0.000187;0.007789
1846;car;0.7257344126701355;1431;322;1513;382;NO;1431;322;1512;382;;0.000154;0.011241
1847;car;0.7383010983467102;1139;296;1211;360;NO;1139;296;1210;359;;0.000297;0.007754
1847;car;0.7219310402870178;1431;322;1513;382;NO;1431;322;1512;382;;0.000297;0.007639
1848;car;0.742633581161499;1139;296;1210;359;NO;1139;296;1209;358;;0.000185;0.006931
1848;car;0.7228797674179077;1431;322;1513;382;NO;1431;322;1512;382;;0.000185;0.006899
1849;car;0.7231170535087585;1432;322;1512;382;NO;1432;322;1511;381;;0.000149;0.007142
1849;car;0.7186233401298523;1137;296;1210;359;NO;1137;296;1209;357;;0.000149;0.007669
1850;car;0.7276769876480103;1431;322;1512;382;NO;1431;322;1511;382;;0.000348;0.009695
1851;car;0.7291615009307861;1432;322;1512;382;NO;1432;322;1511;381;;0.000217;0.007685
1852;car;0.7309653162956238;1432;322;1512;382;NO;1432;322;1511;381;;0.000151;0.008126
1853;car;0.7255897521972656;1432;322;1513;382;NO;1432;322;1512;382;;0.000154;0.007199
1853;car;0.7131466865539551;1134;297;1211;361;NO;1135;297;1210;360;;0.000154;0.006657
1854;car;0.747035026550293;1132;297;1211;362;NO;1133;297;1210;361;;0.000119;0.011276
1854;car;0.7279677391052246;1432;322;1513;382;NO;1432;322;1512;382;;0.000119;0.007725
1855;car;0.7458308339118958;1131;296;1211;363;NO;1132;296;1210;362;;0.000173;0.007985
1855;car;0.7270757555961609;1431;322;1512;382;NO;1431;322;1511;382;;0.000173;0.007232
1856;car;0.7540751695632935;1131;296;1211;363;NO;1132;296;1210;363;;0.000111;0.008358
1856;car;0.7331047058105469;1431;322;1513;382;NO;1431;322;1512;382;;0.000111;0.006989
1857;car;0.7352217435836792;1130;296;1211;364;NO;1131;296;1210;363;;0.000115;0.008231
1857;car;0.7344270944595337;1432;322;1512;382;NO;1432;322;1511;381;;0.000115;0.007121
1858;car;0.7424052953720093;1128;296;1212;367;NO;1128;296;1211;366;;0.000115;0.009257
1858;car;0.7294718027114868;1432;322;1512;382;NO;1432;322;1511;381;;0.000115;0.007515
1859;car;0.7360203266143799;1126;295;1213;367;NO;1126;295;1211;365;;0.000109;0.008999
1859;car;0.7329360246658325;1431;322;1512;382;NO;1431;322;1511;382;;0.000109;0.008196
1860;car;0.7358019948005676;1126;295;1213;368;NO;1126;295;1212;368;;0.000179;0.008636
1860;car;0.7304564714431763;1431;322;1513;382;NO;1431;322;1512;382;;0.000179;0.009148
1861;car;0.7337718605995178;1431;322;1513;382;NO;1431;322;1512;382;;0.000227;0.011220
1861;car;0.7101356387138367;1126;295;1212;368;NO;1126;295;1210;366;;0.000227;0.011682
1862;car;0.7548350691795349;1126;295;1212;369;NO;1126;295;1209;367;;0.000160;0.010494
1862;car;0.7306302785873413;1432;322;1513;382;NO;1432;322;1512;382;;0.000160;0.007707
1863;car;0.7287567853927612;1432;322;1513;382;NO;1432;322;1512;382;;0.000333;0.008050
1864;car;0.7367845177650452;1123;294;1212;369;NO;1123;294;1211;368;;0.000147;0.008588
1864;car;0.7264528870582581;1431;322;1513;382;NO;1431;322;1512;382;;0.000147;0.010750
1865;car;0.8095625638961792;1119;294;1212;370;NO;1121;294;1208;368;;0.000160;0.008338
1865;car;0.7212917804718018;1432;322;1513;382;NO;1432;322;1512;382;;0.000160;0.007719
1866;car;0.8128721117973328;1118;293;1211;372;NO;1118;293;1208;371;;0.000167;0.009093
1866;car;0.7232798933982849;1431;322;1513;382;NO;1431;322;1512;382;;0.000167;0.007379
1867;car;0.8539612889289856;1116;292;1211;374;NO;1116;292;1207;372;;0.000147;0.010212
1867;car;0.7196159362792969;1431;322;1513;382;NO;1431;322;1512;382;;0.000147;0.008583
1868;car;0.8257842659950256;1116;292;1210;374;NO;1116;292;1206;371;;0.000106;0.009418
1868;car;0.7206677198410034;1432;322;1512;382;NO;1432;322;1511;381;;0.000106;0.007656
1869;car;0.8256604671478271;1115;292;1208;375;NO;1115;292;1206;374;;0.000101;0.008829
1869;car;0.7215734720230103;1432;322;1513;382;NO;1432;322;1512;382;;0.000101;0.009986
1870;car;0.8103320598602295;1114;292;1208;375;NO;1114;292;1206;372;;0.000116;0.009285
1870;car;0.7239881753921509;1432;321;1513;382;NO;1432;321;1512;381;;0.000116;0.008445
1871;car;0.810310423374176;1114;292;1208;376;NO;1114;292;1206;374;;0.000110;0.010215
1871;car;0.7236635684967041;1432;321;1512;382;NO;1432;321;1511;382;;0.000110;0.011552
1872;car;0.8108052611351013;1112;292;1207;377;NO;1112;292;1205;375;;0.000109;0.009219
1872;car;0.7184034585952759;1432;321;1513;382;NO;1432;321;1512;381;;0.000109;0.008286
1873;car;0.8080721497535706;1111;293;1207;378;NO;1111;293;1204;376;;0.000134;0.009228
1873;car;0.7250741124153137;1432;322;1513;382;NO;1432;322;1512;382;;0.000134;0.010846
1874;car;0.7945677638053894;1109;292;1208;378;NO;1109;292;1203;374;;0.000114;0.009506
1874;car;0.7240606546401978;1432;321;1513;382;NO;1432;321;1512;381;;0.000114;0.007945
1875;car;0.7775833606719971;1101;291;1208;380;NO;1101;291;1204;379;;0.000110;0.010455
1875;car;0.7213394641876221;1432;321;1513;382;NO;1432;321;1512;381;;0.000110;0.011663
1876;car;0.802214503288269;1105;290;1206;381;NO;1105;290;1203;377;;0.000200;0.010301
1876;car;0.7225832343101501;1431;321;1513;382;NO;1431;321;1512;382;;0.000200;0.008479
1877;car;0.7254059314727783;1432;321;1513;382;NO;1432;321;1512;381;;0.000281;0.012064
1878;car;0.768169105052948;1096;290;1207;385;NO;1097;290;1202;383;;0.000246;0.010292
1878;car;0.7230240106582642;1432;322;1513;382;NO;1432;322;1512;382;;0.000246;0.013006
1879;car;0.7266900539398193;1432;321;1513;382;NO;1432;321;1512;381;;0.000144;0.008700
1879;car;0.7224760055541992;1093;289;1207;385;NO;1093;289;1201;385;;0.000144;0.010177
1880;car;0.7388339638710022;1090;288;1206;386;NO;1090;288;1200;385;;0.000100;0.011838
1880;car;0.7286574244499207;1432;321;1513;382;NO;1432;321;1512;381;;0.000100;0.008849
1881;car;0.7463721632957458;1088;288;1206;387;NO;1088;288;1199;387;;0.000113;0.011800
1881;car;0.7201361060142517;1432;321;1513;382;NO;1432;321;1512;381;;0.000113;0.008576
1882;car;0.784045934677124;1086;287;1205;386;NO;1086;288;1197;384;;0.000110;0.010353
1882;car;0.7229675054550171;1432;321;1513;382;NO;1432;321;1512;381;;0.000110;0.008363
1883;car;0.8314454555511475;1080;288;1206;388;NO;1080;288;1195;387;;0.000109;0.012432
1883;car;0.7249950170516968;1432;321;1513;382;NO;1432;321;1512;381;;0.000109;0.008679
1884;car;0.8129119873046875;1073;287;1201;388;NO;1073;287;1197;387;;0.000111;0.019448
1884;car;0.7253850698471069;1431;321;1513;382;NO;1431;321;1512;382;;0.000111;0.013764
1885;car;0.813025712966919;1069;287;1204;390;NO;1069;287;1199;388;;0.000102;0.023942
1885;car;0.7257490158081055;1431;321;1513;382;NO;1431;321;1512;382;;0.000102;0.012602
1886;car;0.8539947867393494;1069;286;1200;391;NO;1070;286;1196;388;;0.000116;0.017941
1886;car;0.7317103743553162;1432;321;1513;382;NO;1432;321;1512;381;;0.000116;0.013501
1887;car;0.8433147072792053;1068;285;1200;392;NO;1069;285;1195;390;;0.000111;0.017411
1887;car;0.7336002588272095;1431;321;1513;382;NO;1431;321;1512;382;;0.000111;0.013125
1888;car;0.7340489625930786;1431;321;1513;382;NO;1431;321;1512;382;;0.000115;0.012443
1888;car;0.7093930244445801;1065;284;1202;393;NO;1066;284;1197;392;;0.000115;0.019745
1889;car;0.7324047684669495;1431;321;1513;382;NO;1431;321;1512;382;;0.000110;0.012078
1890;car;0.7790465354919434;1060;284;1198;394;NO;1060;284;1196;391;;0.000104;0.018929
1890;car;0.7322799563407898;1431;321;1513;382;NO;1431;321;1512;382;;0.000104;0.011860
1891;car;0.8022051453590393;1055;283;1189;396;NO;1055;283;1187;392;;0.000126;0.019022
1891;car;0.7319097518920898;1431;321;1513;382;NO;1431;321;1512;382;;0.000126;0.012596
1892;car;0.7515341639518738;1051;283;1195;398;NO;1052;283;1193;394;;0.000173;0.018605
1892;car;0.7238117456436157;1431;321;1513;382;NO;1431;321;1512;382;;0.000173;0.012484
1893;car;0.7586318254470825;1824;390;1919;550;NO;1824;390;1919;549;;0.000231;0.016425
1893;car;0.723588228225708;1431;321;1513;382;NO;1431;321;1512;382;;0.000231;0.011937
1894;car;0.7655644416809082;1799;378;1919;545;NO;1840;539;1885;544;;0.000105;0.011448
1894;car;0.7214458584785461;1431;321;1513;382;NO;1431;321;1512;382;;0.000105;0.010207
1894;car;0.7164565324783325;1042;282;1182;401;NO;1044;282;1180;398;;0.000105;0.009092
1895;car;0.8632498383522034;1780;344;1919;545;NO;1780;345;1919;540;;0.000121;0.089285
1895;car;0.7303167581558228;1431;321;1513;382;NO;1431;321;1512;382;;0.000121;0.009783
1896;car;0.8717156052589417;1763;334;1919;539;NO;1764;334;1919;536;;0.000132;0.010555
1896;car;0.7214416265487671;1431;321;1513;383;NO;1431;321;1512;383;;0.000132;0.011898
1897;car;0.8586806058883667;1743;335;1919;537;NO;1744;335;1919;530;;0.000107;0.012447
1897;car;0.7302834987640381;1432;322;1513;382;NO;1432;322;1512;382;;0.000107;0.012091
1897;car;0.7198927402496338;1028;282;1182;405;NO;1028;282;1181;401;;0.000107;0.008015
1898;car;0.8880590200424194;1725;333;1919;555;NO;1725;335;1919;537;;0.000117;0.014213
1898;car;0.7636507749557495;1021;279;1184;406;NO;1024;279;1183;402;;0.000117;0.009090
1898;car;0.7270987033843994;1431;322;1513;382;NO;1431;322;1512;382;;0.000117;0.008378
1899;car;0.9089905023574829;1709;331;1918;554;NO;1709;334;1918;541;;0.000184;0.012560
1899;car;0.7526331543922424;1017;278;1182;409;NO;1018;278;1180;405;;0.000184;0.010900
1899;car;0.7276744842529297;1431;322;1513;382;NO;1431;322;1512;382;;0.000184;0.008086
1900;car;0.9072456955909729;1694;331;1919;552;NO;1694;331;1918;550;;0.000103;0.013847
1900;car;0.729012131690979;1431;322;1513;382;NO;1431;322;1512;382;;0.000103;0.012677
1901;car;0.9019345045089722;1679;329;1919;543;NO;1680;329;1918;537;;0.000104;0.012869
1901;car;0.77127605676651;1005;277;1177;411;NO;1008;277;1175;407;;0.000104;0.008533
1901;car;0.7236216068267822;1431;322;1513;382;NO;1431;322;1512;382;;0.000104;0.007553
1902;car;0.8877068758010864;1665;328;1919;536;NO;1665;330;1918;530;;0.000178;0.013408
1902;car;0.7218056321144104;1431;322;1513;382;NO;1431;322;1512;382;;0.000178;0.008515
1902;car;0.7073705196380615;1002;280;1174;413;NO;1002;281;1172;409;;0.000178;0.010728
1903;car;0.9016294479370117;1648;327;1920;531;NO;1648;328;1919;526;;0.000105;0.015744
1903;car;0.8462491631507874;994;277;1176;417;NO;996;278;1172;411;;0.000105;0.008663
1903;car;0.7251339554786682;1431;321;1513;382;NO;1431;321;1512;382;;0.000105;0.011923
1904;car;0.9010565876960754;1638;328;1919;523;NO;1638;328;1918;519;;0.000168;0.013524
1904;car;0.7188984155654907;1431;321;1513;382;NO;1431;321;1512;382;;0.000168;0.012831
1905;car;0.8995595574378967;1626;327;1918;521;NO;1626;327;1918;515;;0.000126;0.018353
1905;car;0.7282431721687317;1431;321;1513;382;NO;1431;321;1512;382;;0.000126;0.012612
1906;car;0.9113309383392334;1615;327;1919;518;NO;1615;327;1919;513;;0.000177;0.017975
1906;car;0.8551567792892456;970;272;1173;425;NO;1023;381;1069;397;;0.000177;0.011339
1906;car;0.7295952439308167;1432;321;1513;382;NO;1432;321;1512;381;;0.000177;0.013334
1907;car;0.8964903354644775;1606;327;1918;514;NO;1606;327;1917;512;;0.000283;0.018347
1907;car;0.8114461898803711;963;270;1171;427;NO;1017;382;1063;399;;0.000283;0.006854
1907;car;0.7310554385185242;1431;321;1513;382;NO;1431;321;1512;382;;0.000283;0.010476
1908;car;0.8993002772331238;1593;327;1910;507;NO;1593;327;1909;504;;0.000241;0.018539
1908;car;0.8004334568977356;954;269;1171;429;NO;1009;384;1057;401;;0.000241;0.006930
1908;car;0.723345160484314;1431;321;1513;382;NO;1431;321;1512;382;;0.000241;0.007089
1909;car;0.9088963270187378;1583;328;1892;503;NO;1583;328;1891;501;;0.000164;0.019074
1909;car;0.8683207631111145;946;269;1167;432;NO;1002;386;1050;403;;0.000164;0.010847
1909;car;0.7275782823562622;1431;321;1513;382;NO;1431;321;1512;382;;0.000164;0.009792
1910;car;0.9080528020858765;1574;328;1873;499;NO;1574;328;1872;496;;0.000107;0.019661
1910;car;0.7786568999290466;937;267;1156;436;NO;994;388;1043;406;;0.000107;0.012419
1910;car;0.7188238501548767;1431;321;1513;383;NO;1431;321;1512;383;;0.000107;0.009451
1911;car;0.9196848273277283;1566;328;1850;494;NO;1735;423;1800;445;;0.000318;0.011580
1911;car;0.7292308211326599;927;264;1149;439;NO;985;391;1036;408;;0.000318;0.006956
1911;car;0.7204697132110596;1430;319;1511;383;NO;1430;319;1511;383;;0.000318;0.008332
1912;car;0.9037352800369263;1554;328;1832;488;NO;1720;420;1783;442;;0.000110;0.007000
1912;car;0.7696718573570251;918;261;1147;442;NO;977;393;1028;411;;0.000110;0.007215
1912;car;0.7158617973327637;1432;320;1512;382;NO;1432;320;1512;381;;0.000110;0.007472
1913;car;0.8906369209289551;1549;329;1815;488;NO;1705;416;1766;440;;0.000108;0.012764
1913;car;0.7121461629867554;1432;320;1512;383;NO;1432;320;1512;383;;0.000108;0.008912
1914;car;0.8892691135406494;1541;324;1801;484;NO;1690;415;1750;437;;0.000118;0.012370
1914;car;0.7363724708557129;895;260;1136;451;NO;957;399;1011;417;;0.000118;0.009899
1914;car;0.7196345925331116;1432;320;1512;383;NO;1432;320;1511;383;;0.000118;0.008494
1915;car;0.8681550621986389;1533;326;1783;479;NO;1676;412;1735;434;;0.000115;0.017003
1915;car;0.7168158292770386;883;259;1134;457;NO;944;401;1002;420;;0.000115;0.012322
1915;car;0.7167478799819946;1432;320;1512;383;NO;1432;320;1512;383;;0.000115;0.009106
1916;car;0.8758513927459717;1525;326;1769;476;NO;1662;409;1720;431;;0.000163;0.009525
1916;car;0.7465167045593262;869;258;1131;461;NO;933;404;992;423;;0.000163;0.013399
1917;car;0.8849432468414307;1517;327;1754;473;NO;1651;407;1707;428;;0.000160;0.008918
1918;car;0.8894389867782593;1512;329;1738;469;NO;1639;405;1693;426;;0.000134;0.014524
1918;car;0.760728657245636;840;255;1126;472;SÍ;907;410;970;432;EL;0.000134;0.006952
1919;car;0.8491864204406738;1503;325;1725;466;NO;1503;325;1724;466;;0.000107;0.016030
1920;car;0.8536196947097778;1496;325;1712;462;NO;1616;402;1669;421;;0.000115;0.006608
1920;car;0.8476418852806091;802;251;1107;483;SÍ;878;417;945;439;ESLA;0.000115;0.006167
1921;car;0.8437660932540894;1488;323;1702;459;NO;1488;323;1701;459;;0.000219;0.016043
1921;car;0.8130108714103699;789;247;1100;487;SÍ;862;421;930;443;EVD;0.000219;0.008389
1921;car;0.7269307374954224;1432;322;1514;382;NO;1432;322;1488;382;;0.000219;0.007494
1922;car;0.9159553647041321;772;248;1098;494;SÍ;845;425;915;448;E0;0.000103;0.033322
1922;car;0.8742472529411316;1482;323;1691;458;NO;1482;323;1690;457;;0.000103;0.015233
1922;car;0.7789791822433472;1431;321;1514;381;NO;1431;321;1512;379;;0.000103;0.006285
1923;car;0.8624365329742432;1478;322;1680;455;NO;1478;322;1679;454;;0.000123;0.015152
1923;car;0.8478096723556519;747;246;1093;503;SÍ;825;430;899;454;ESV;0.000123;0.043315
1923;car;0.775588870048523;1430;321;1513;381;NO;1430;321;1512;379;;0.000123;0.008045
1924;car;0.8566200733184814;1472;320;1668;451;NO;1577;396;1626;415;;0.000133;0.010465
1924;car;0.82254958152771;725;243;1088;513;SÍ;805;435;881;460;EB;0.000133;0.006502
1924;car;0.7550073862075806;1430;321;1513;381;NO;1430;321;1470;381;;0.000133;0.006287
1925;car;0.8645731806755066;1467;320;1657;447;NO;1568;395;1617;413;;0.000102;0.010929
1925;car;0.8346108794212341;699;240;1076;518;SÍ;782;440;862;468;ED;0.000102;0.008528
1926;car;0.8847212195396423;1463;320;1649;447;NO;1561;393;1607;411;;0.000148;0.007829
1926;car;0.8146148324012756;674;235;1069;533;SÍ;757;448;841;475;E;0.000148;0.010906
1927;car;0.8601498603820801;1458;320;1638;444;NO;1553;391;1598;410;;0.000129;0.006207
1927;car;0.8487166166305542;640;233;1063;540;SÍ;730;455;818;482;ED;0.000129;0.006536
1928;car;0.8936241269111633;608;230;1055;548;NO;699;462;791;492;;0.000136;0.008195
1928;car;0.8535655736923218;1451;320;1629;439;NO;1544;391;1590;407;;0.000136;0.010890
1929;car;0.9095011949539185;571;220;1046;564;NO;665;469;763;502;;0.000101;0.008563
1929;car;0.8516348004341125;1445;324;1620;435;NO;1445;324;1620;435;;0.000101;0.012629
1930;car;0.8967985510826111;1442;325;1609;435;NO;1442;325;1609;435;;0.000133;0.012024
1930;car;0.8755560517311096;532;216;1038;576;NO;627;478;731;512;;0.000133;0.008215
1931;car;0.9133177399635315;1437;323;1604;434;NO;1437;323;1603;434;;0.000116;0.010998
1931;car;0.8705238699913025;486;217;1028;589;NO;586;488;695;524;;0.000116;0.006709
1932;car;0.8811341524124146;435;212;1013;609;NO;537;499;654;538;;0.000104;0.006588
1932;car;0.8797469735145569;1431;323;1594;432;NO;1431;323;1594;432;;0.000104;0.010439
1933;car;0.8726532459259033;1435;326;1585;431;NO;1512;425;1556;430;;0.000100;0.007732
1933;car;0.8696964979171753;374;205;1003;625;NO;480;511;609;552;;0.000100;0.009949
1934;car;0.9022767543792725;308;199;987;650;NO;418;527;552;571;;0.000108;0.009825
1934;car;0.8672083020210266;1421;322;1579;429;NO;1421;322;1579;427;;0.000108;0.009707
1935;car;0.8800519108772278;1419;321;1572;427;NO;1497;422;1543;427;;0.000111;0.012266
1935;car;0.8775383234024048;228;194;975;673;NO;230;194;972;657;;0.000111;0.113117
1936;car;0.8594222068786621;139;186;958;703;NO;141;186;956;688;;0.000140;0.089105
1936;car;0.8537049293518066;1417;322;1565;424;NO;1417;322;1564;424;;0.000140;0.007762
1937;car;0.8806116580963135;30;180;940;735;NO;37;181;927;723;;0.000101;0.090325
1937;car;0.8541674017906189;1412;324;1559;422;NO;1412;324;1558;422;;0.000101;0.009701
1938;car;0.9212862253189087;1;165;921;781;NO;1;166;920;769;;0.000111;0.116516
1938;car;0.8282015323638916;1409;323;1554;421;NO;1409;323;1553;420;;0.000111;0.008693
1939;car;0.9062385559082031;2;154;901;831;NO;3;154;890;825;;0.000103;0.123568
1939;car;0.8475762605667114;1401;322;1549;418;NO;1401;322;1548;417;;0.000103;0.012710
1940;car;0.9470475316047668;1;140;879;910;NO;1;140;878;896;;0.000101;0.132235
1940;car;0.8709807395935059;1399;321;1540;418;NO;1399;321;1539;418;;0.000101;0.007326
1941;car;0.9401973485946655;1;125;854;985;NO;1;125;853;983;;0.000108;0.131926
1941;car;0.8458150625228882;1398;323;1535;417;NO;1398;323;1534;417;;0.000108;0.008834
1942;car;0.9366694092750549;1;101;821;1066;NO;1;102;818;1055;;0.000230;0.169129
1942;car;0.8621018528938293;1396;321;1530;413;NO;1396;321;1529;413;;0.000230;0.007785
1943;car;0.9249191880226135;2;80;786;1055;NO;4;80;783;1036;;0.000111;0.134600
1943;car;0.8580799102783203;1394;323;1524;411;NO;1394;323;1524;410;;0.000111;0.008566
1944;car;0.8469513654708862;1;47;747;1025;NO;3;75;747;1015;;0.000122;0.174425
1944;car;0.8459044098854065;1390;321;1517;410;NO;1390;321;1516;410;;0.000122;0.009348
1945;car;0.9189125895500183;2;15;701;1017;NO;2;102;700;998;;0.000231;0.126541
1945;car;0.8768107295036316;1384;320;1513;410;NO;1384;320;1513;409;;0.000231;0.007705
1946;car;0.8830999732017517;1;6;646;1012;NO;1;52;646;1006;;0.000206;0.143735
1946;car;0.8598416447639465;1381;322;1509;408;NO;1381;322;1508;408;;0.000206;0.009147
1947;car;0.912233293056488;1;5;586;1005;NO;1;36;586;994;;0.000164;0.126749
1947;car;0.8367358446121216;1380;321;1507;407;NO;1380;321;1506;407;;0.000164;0.007332
1948;car;0.8534718155860901;1377;321;1500;407;NO;1431;402;1467;407;;0.000202;0.009249
1948;car;0.7357495427131653;1;6;514;1003;SÍ;1;13;493;373;TOLOEOOFA5YOORC5J98FFKMG1948;0.000202;0.267981
1949;car;0.8490225672721863;1373;321;1494;405;NO;1373;321;1494;405;;0.000110;0.007256
1949;car;0.7454430460929871;0;4;406;1058;SÍ;0;23;406;1046;TVL722GJ9FOM1949;0.000110;0.332347
1950;car;0.8081991076469421;1372;320;1490;404;NO;1372;320;1489;404;;0.000114;0.007977
1951;car;0.8149515986442566;1371;319;1487;404;NO;1371;319;1486;404;;0.000098;0.011174
1952;car;0.7714447379112244;1369;320;1482;403;NO;1431;399;1463;403;;0.000110;0.010171
1953;car;0.851255476474762;1365;320;1476;400;NO;1365;320;1475;400;;0.000107;0.013381
1954;car;0.8574817776679993;1362;320;1474;400;NO;1362;320;1473;400;;0.000101;0.007337
1955;car;0.8630737066268921;1360;319;1469;398;NO;1360;319;1468;398;;0.000106;0.007331
1956;car;0.840407133102417;1358;320;1463;395;NO;1358;320;1462;395;;0.000099;0.013955
1957;car;0.8206081986427307;1355;321;1459;393;NO;1355;321;1459;393;;0.000129;0.008591
1958;car;0.7942743897438049;1352;320;1457;393;NO;1352;320;1457;393;;0.000121;0.007658
1959;car;0.7678124904632568;1350;320;1455;394;NO;1350;320;1454;394;;0.000159;0.007300
1960;car;0.8090123534202576;1348;321;1451;393;NO;1348;321;1450;392;;0.000103;0.007888
1961;car;0.7839813232421875;1346;321;1449;393;NO;1346;321;1448;392;;0.000184;0.014063
1962;car;0.7781285047531128;1345;321;1447;391;NO;1345;321;1446;391;;0.000118;0.009382
1963;car;0.762169361114502;1344;321;1444;389;NO;1344;321;1443;388;;0.000119;0.009203
1963;car;0.7024658918380737;1438;321;1512;382;NO;1440;321;1511;380;;0.000119;0.009840
1964;car;0.7539621591567993;1343;321;1441;388;NO;1343;321;1440;388;;0.000277;0.010039
1964;car;0.7175599336624146;1436;321;1512;382;NO;1438;321;1512;380;;0.000277;0.008253
1965;car;0.7682742476463318;1340;321;1437;388;NO;1340;321;1437;388;;0.000108;0.010020
1965;car;0.7066540122032166;1433;321;1512;382;NO;1437;321;1512;381;;0.000108;0.007466
1966;car;0.744562029838562;1340;320;1434;388;NO;1340;320;1433;388;;0.000105;0.008234
1966;car;0.721268355846405;1429;319;1513;382;NO;1432;319;1512;381;;0.000105;0.007130
1967;car;0.7217906713485718;1432;321;1512;383;NO;1432;321;1511;383;;0.000101;0.011292
1967;car;0.7207880020141602;1339;321;1431;386;NO;1339;321;1430;386;;0.000101;0.008083
1968;car;0.7309563755989075;1428;320;1513;381;NO;1429;320;1512;380;;0.000114;0.007790
1969;car;0.7266758680343628;1427;320;1514;381;NO;1427;320;1513;381;;0.000110;0.009118
1969;car;0.7025209069252014;1335;320;1431;384;NO;1335;320;1426;384;;0.000110;0.011767
1970;car;0.7251853346824646;1334;320;1428;384;NO;1334;321;1427;384;;0.000118;0.010417
1970;car;0.7036560773849487;1425;320;1513;381;NO;1426;320;1512;381;;0.000118;0.007481
1971;car;0.7448012232780457;1333;318;1425;383;NO;1333;318;1424;383;;0.000109;0.008065
1971;car;0.7053894400596619;1426;320;1513;381;NO;1426;320;1512;381;;0.000109;0.011444
1972;car;0.7495701313018799;1332;318;1421;383;NO;1332;318;1420;383;;0.000112;0.007337
1972;car;0.7038198709487915;1431;321;1513;382;NO;1431;321;1512;382;;0.000112;0.008367
1973;car;0.7384613752365112;1332;319;1415;382;NO;1332;319;1414;382;;0.000122;0.007457
1973;car;0.707662045955658;1431;321;1513;382;NO;1431;321;1512;382;;0.000122;0.008586
1974;car;0.749594509601593;1333;319;1412;382;NO;1333;319;1411;381;;0.000119;0.007351
1974;car;0.704826831817627;1432;321;1513;382;NO;1432;321;1512;381;;0.000119;0.007408
1975;car;0.732408344745636;1329;321;1408;382;NO;1329;321;1407;382;;0.000113;0.007186
1976;car;0.7100284099578857;1328;320;1405;381;NO;1328;320;1404;381;;0.000099;0.006778
1977;car;0.7530825734138489;1326;319;1404;380;NO;1326;319;1403;380;;0.000159;0.010751
1977;motorcycle;0.7034124135971069;1021;331;1066;408;NO;1021;331;1066;408;;0.000159;0.011143
1978;car;0.771133542060852;1325;318;1402;379;NO;1325;318;1401;379;;0.000182;0.008304
1979;car;0.7636392712593079;1323;318;1399;378;NO;1323;318;1398;378;;0.000117;0.012916
1980;car;0.7681072950363159;1322;318;1397;378;NO;1322;318;1396;377;;0.000160;0.010388
1981;car;0.7573768496513367;1320;318;1394;376;NO;1320;318;1393;376;;0.000111;0.007701
1982;car;0.7364579439163208;1318;317;1393;375;NO;1318;317;1392;374;;0.000116;0.007916
1982;car;0.7004439830780029;1432;321;1513;382;NO;1432;321;1512;382;;0.000116;0.008004
1983;car;0.7340061068534851;1317;317;1390;375;NO;1317;317;1389;374;;0.000179;0.008434
1984;car;0.7159244418144226;1315;317;1391;374;NO;1315;317;1390;373;;0.000111;0.007302
1984;car;0.7014710903167725;1433;322;1513;382;NO;1433;322;1513;381;;0.000111;0.006869
1985;car;0.7214897274971008;1313;318;1389;374;NO;1313;318;1388;374;;0.000129;0.008504
1985;car;0.706163763999939;1433;321;1512;382;NO;1433;321;1512;381;;0.000129;0.008257
1986;car;0.7218366265296936;1313;318;1389;375;NO;1313;318;1388;375;;0.000109;0.007202
1986;car;0.7023566365242004;1433;321;1513;382;NO;1433;321;1513;382;;0.000109;0.007428
1987;car;0.7262176275253296;1313;318;1389;374;NO;1313;318;1388;374;;0.000102;0.007502
1987;car;0.7044306397438049;1433;322;1513;382;NO;1433;322;1512;381;;0.000102;0.006773
1988;car;0.7385445833206177;1310;317;1388;374;NO;1310;317;1387;374;;0.000103;0.007412
1988;car;0.7003619074821472;1433;321;1513;382;NO;1433;321;1513;382;;0.000103;0.008455
1989;car;0.7344760298728943;1308;317;1387;372;NO;1308;317;1386;372;;0.000184;0.008073
1989;car;0.7048228979110718;1432;321;1512;382;NO;1432;321;1512;382;;0.000184;0.007436
1990;car;0.7149133086204529;1305;317;1384;371;NO;1305;317;1383;371;;0.000107;0.007071
1990;car;0.7123351693153381;1432;321;1513;382;NO;1432;321;1512;381;;0.000107;0.006914
1991;car;0.7061530351638794;1432;321;1513;382;NO;1432;321;1512;381;;0.000102;0.006871
1991;car;0.7060926556587219;1306;318;1384;370;NO;1306;318;1383;370;;0.000102;0.010840
1992;car;0.7130426168441772;1432;321;1513;382;NO;1432;321;1512;381;;0.000120;0.007489
1993;car;0.7194773554801941;1431;321;1512;382;NO;1431;321;1512;381;;0.000105;0.007980
1994;car;0.7244348526000977;1431;321;1512;382;NO;1431;321;1512;381;;0.000106;0.008771
1995;car;0.7223617434501648;1431;321;1512;382;NO;1431;321;1512;381;;0.000176;0.012735
1996;car;0.7199875712394714;1432;321;1512;382;NO;1432;321;1512;381;;0.000218;0.009629
1997;car;0.7221067547798157;1431;321;1512;382;NO;1431;321;1512;381;;0.000243;0.008201
1998;car;0.7225635647773743;1432;321;1512;382;NO;1432;321;1512;381;;0.000175;0.013410
1999;car;0.7184784412384033;1432;321;1512;382;NO;1432;321;1512;381;;0.000226;0.007991
2000;car;0.7284552454948425;1431;321;1512;382;NO;1431;321;1512;381;;0.000211;0.011483
2001;car;0.7228206396102905;1432;321;1512;382;NO;1432;321;1512;381;;0.000156;0.008022
2002;car;0.7234052419662476;1432;321;1512;382;NO;1432;321;1512;381;;0.000185;0.010666
2002;car;0.7163261771202087;1299;318;1367;367;NO;1299;318;1366;367;;0.000185;0.008195
2003;motorcycle;0.7487881183624268;771;326;883;505;NO;771;326;883;504;;0.000167;0.013910
2003;car;0.7252402305603027;1141;308;1207;356;NO;1141;308;1206;355;;0.000167;0.007977
2003;car;0.719243049621582;1432;321;1512;382;NO;1432;321;1512;381;;0.000167;0.007866
2003;car;0.705752968788147;1299;318;1364;366;NO;1299;318;1363;366;;0.000167;0.007145
2004;car;0.7380576133728027;1140;308;1206;356;NO;1140;308;1205;354;;0.000200;0.008603
2004;car;0.7229403257369995;1432;321;1512;382;NO;1432;321;1512;381;;0.000200;0.013389
2004;car;0.7112425565719604;1298;318;1362;366;NO;1298;318;1361;366;;0.000200;0.009017
2005;motorcycle;0.7519055008888245;727;327;847;522;NO;727;327;847;521;;0.000187;0.102738
2005;car;0.7450217604637146;1140;308;1206;356;NO;1140;308;1205;354;;0.000187;0.008050
2005;car;0.7290976643562317;1432;321;1512;382;NO;1432;321;1512;382;;0.000187;0.008579
2005;car;0.7152490019798279;1297;318;1360;365;NO;1297;318;1359;365;;0.000187;0.006691
2006;motorcycle;0.7768581509590149;707;327;832;528;NO;707;327;832;527;;0.000115;0.025946
2006;car;0.7380478382110596;1139;308;1207;356;NO;1139;308;1206;356;;0.000115;0.013283
2006;car;0.7297959327697754;1432;321;1512;382;NO;1432;321;1512;382;;0.000115;0.013691
2007;car;0.740957498550415;1432;321;1512;382;NO;1432;321;1512;382;;0.000190;0.012826
2007;car;0.7273449897766113;1139;308;1206;356;NO;1139;308;1205;355;;0.000190;0.012597
2007;motorcycle;0.7093731760978699;674;328;818;536;NO;674;328;818;535;;0.000190;0.032239
2007;car;0.7003366947174072;1297;318;1358;364;NO;1297;318;1357;364;;0.000190;0.013255
2008;motorcycle;0.7956823110580444;651;330;798;548;NO;652;330;798;547;;0.000147;0.030963
2008;car;0.7401362657546997;1432;321;1512;382;NO;1432;321;1512;382;;0.000147;0.012293
2008;car;0.710540235042572;1138;307;1205;356;NO;1138;307;1204;356;;0.000147;0.012389
2009;motorcycle;0.7873810529708862;617;344;775;562;NO;618;344;775;561;;0.000162;0.010945
2009;car;0.7394786477088928;1432;321;1512;382;NO;1432;321;1512;382;;0.000162;0.010384
2009;car;0.7241486310958862;1138;308;1206;356;NO;1138;308;1205;356;;0.000162;0.009322
2010;motorcycle;0.827914297580719;577;322;761;575;NO;577;322;761;574;;0.000314;0.108156
2010;car;0.739878237247467;1432;321;1512;382;NO;1432;321;1512;382;;0.000314;0.010977
2010;car;0.7328861951828003;1138;307;1204;357;NO;1138;307;1203;356;;0.000314;0.012188
2011;motorcycle;0.7582826018333435;543;344;724;589;NO;543;344;724;588;;0.000160;0.012744
2011;car;0.7346863150596619;1432;321;1512;382;NO;1432;321;1512;382;;0.000160;0.008444
2011;car;0.7278962731361389;1138;307;1204;357;NO;1138;307;1203;357;;0.000160;0.011543
2012;car;0.7423896193504333;1432;321;1512;382;NO;1432;321;1512;382;;0.000154;0.007719
2012;car;0.7333043813705444;1138;307;1204;358;NO;1138;307;1203;357;;0.000154;0.007378
2013;motorcycle;0.7706857919692993;446;324;685;623;NO;446;324;685;622;;0.000157;0.103843
2013;car;0.7567712068557739;1138;307;1204;358;NO;1138;307;1203;357;;0.000157;0.011431
2013;car;0.7418704032897949;1432;321;1512;382;NO;1432;321;1512;382;;0.000157;0.012396
2014;motorcycle;0.8179460763931274;388;327;651;645;NO;388;327;648;645;;0.000168;0.106785
2014;car;0.7780492305755615;1138;307;1204;358;NO;1138;307;1203;357;;0.000168;0.007606
2014;car;0.7413596510887146;1432;321;1512;382;NO;1432;321;1512;382;;0.000168;0.010728
2015;motorcycle;0.8775621652603149;321;330;615;672;NO;321;330;615;671;;0.000157;0.106964
2015;car;0.7773681879043579;1138;307;1204;357;NO;1138;307;1203;357;;0.000157;0.009241
2015;car;0.741749107837677;1432;321;1512;382;NO;1432;321;1512;382;;0.000157;0.008721
2016;motorcycle;0.7875446081161499;243;331;578;705;NO;243;331;578;704;;0.000096;0.114804
2016;car;0.77345210313797;1138;307;1203;357;NO;1138;307;1202;357;;0.000096;0.011027
2016;car;0.7449411749839783;1432;321;1512;382;NO;1432;321;1512;382;;0.000096;0.009932
2017;motorcycle;0.8377746343612671;152;332;528;731;NO;152;332;526;731;;0.000105;0.109463
2017;car;0.7662307620048523;1137;307;1203;357;NO;1137;307;1202;357;;0.000105;0.007002
2017;car;0.7431623935699463;1432;321;1512;382;NO;1432;321;1512;381;;0.000105;0.009928
2018;motorcycle;0.8895320296287537;34;336;478;769;NO;34;338;477;765;;0.000101;0.111125
2018;car;0.7754067182540894;1135;307;1204;359;NO;1135;307;1203;358;;0.000101;0.010245
2018;car;0.7399551272392273;1432;321;1512;382;NO;1432;321;1512;381;;0.000101;0.007291
2019;motorcycle;0.8839139938354492;0;322;416;816;NO;0;322;413;816;;0.000100;0.057781
2019;car;0.7804017663002014;1134;306;1204;360;NO;1134;306;1203;359;;0.000100;0.013397
2019;car;0.7413105964660645;1432;321;1512;382;NO;1432;321;1512;381;;0.000100;0.011833
2020;motorcycle;0.9214258193969727;0;331;349;763;NO;1;331;349;762;;0.000137;0.043392
2020;car;0.7978019714355469;1133;306;1203;361;NO;1133;306;1202;361;;0.000137;0.009909
2020;car;0.7386881709098816;1432;321;1512;382;NO;1432;321;1512;381;;0.000137;0.011344
2021;motorcycle;0.8406455516815186;0;332;268;787;NO;0;333;268;787;;0.000217;0.039414
2021;car;0.7886372208595276;1133;306;1203;361;NO;1133;306;1202;360;;0.000217;0.008728
2021;car;0.7409717440605164;1432;321;1512;382;NO;1432;321;1512;381;;0.000217;0.007506
2022;motorcycle;0.8367401361465454;0;333;168;813;NO;0;333;168;749;;0.000108;0.107183
2022;car;0.7800634503364563;1133;306;1204;361;NO;1133;306;1203;360;;0.000108;0.008066
2022;car;0.7350050210952759;1432;321;1512;382;NO;1432;321;1512;381;;0.000108;0.011138
2023;car;0.7967853546142578;1130;306;1204;362;NO;1130;306;1202;362;;0.000173;0.007346
2023;car;0.729640543460846;1432;321;1512;382;NO;1432;321;1512;381;;0.000173;0.011030
2024;car;0.8072510361671448;1128;307;1204;362;NO;1128;307;1203;361;;0.000107;0.008182
2024;car;0.7305623292922974;1433;321;1512;382;NO;1434;321;1512;381;;0.000107;0.008256
2025;car;0.8139774203300476;1129;307;1203;362;NO;1129;307;1202;361;;0.000121;0.011095
2025;car;0.7287047505378723;1432;321;1512;382;NO;1432;321;1512;381;;0.000121;0.017557
2026;car;0.8068222999572754;1128;307;1203;362;NO;1128;307;1202;361;;0.000148;0.007522
2026;car;0.7367540597915649;1432;321;1511;382;NO;1432;321;1511;381;;0.000148;0.007547
2027;car;0.7899903655052185;1125;306;1204;363;NO;1125;306;1202;362;;0.000117;0.010092
2027;car;0.7357879281044006;1432;321;1512;382;NO;1432;321;1512;381;;0.000117;0.008478
2028;car;0.7955841422080994;1125;306;1204;364;NO;1125;306;1202;364;;0.000114;0.009486
2028;car;0.7282645106315613;1432;321;1512;382;NO;1432;321;1512;381;;0.000114;0.009556
2029;car;0.7997273206710815;1125;306;1204;364;NO;1125;306;1202;364;;0.000103;0.009941
2029;car;0.7263163924217224;1432;322;1512;382;NO;1432;322;1511;381;;0.000103;0.006815
2030;car;0.8000192046165466;1124;305;1204;365;NO;1124;305;1202;364;;0.000194;0.012894
2030;car;0.7292513251304626;1432;321;1512;382;NO;1432;321;1512;382;;0.000194;0.008278
2031;car;0.7993553280830383;1125;304;1205;364;NO;1125;304;1203;364;;0.000109;0.010772
2031;car;0.7325285077095032;1431;322;1512;382;NO;1431;322;1511;382;;0.000109;0.010215
2032;car;0.7941848635673523;1125;304;1204;365;NO;1125;304;1200;364;;0.000113;0.008965
2032;car;0.7321279048919678;1431;322;1512;382;NO;1431;322;1511;382;;0.000113;0.009556
2033;car;0.7894396781921387;1125;303;1204;365;NO;1125;303;1201;364;;0.000161;0.008613
2033;car;0.738947331905365;1431;322;1512;382;NO;1431;322;1511;382;;0.000161;0.008767
2034;car;0.7781162858009338;1123;303;1204;365;NO;1123;303;1201;364;;0.000126;0.009150
2034;car;0.7339265942573547;1431;322;1512;382;NO;1431;322;1511;382;;0.000126;0.008987
2035;car;0.7829812169075012;1119;303;1202;366;NO;1120;303;1200;365;;0.000166;0.013264
2035;car;0.7318384051322937;1431;322;1512;382;NO;1431;322;1511;382;;0.000166;0.014222
2036;car;0.7888644933700562;1120;304;1202;367;NO;1120;304;1199;367;;0.000209;0.008424
2036;car;0.7309698462486267;1431;321;1512;382;NO;1431;321;1512;381;;0.000209;0.009748
2037;car;0.793981671333313;1120;304;1202;367;NO;1120;304;1199;367;;0.000152;0.009328
2037;car;0.7335237860679626;1431;322;1512;382;NO;1431;322;1511;382;;0.000152;0.010232
2037;car;0.7075432538986206;1284;318;1340;357;NO;1284;318;1339;356;;0.000152;0.010212
2038;car;0.78841233253479;1120;304;1202;367;NO;1120;304;1198;366;;0.000236;0.011112
2038;car;0.7329931259155273;1431;322;1512;382;NO;1431;322;1511;382;;0.000236;0.010371
2038;car;0.7043178677558899;1284;318;1340;357;NO;1284;318;1339;357;;0.000236;0.010737
2039;car;0.8041194677352905;1118;303;1202;368;NO;1118;303;1198;367;;0.000224;0.008425
2039;car;0.7348799705505371;1431;322;1512;382;NO;1431;322;1511;382;;0.000224;0.008658
2040;car;0.8013081550598145;1118;303;1203;368;NO;1118;303;1197;367;;0.000208;0.008770
2040;car;0.7346699833869934;1431;322;1512;382;NO;1431;322;1511;382;;0.000208;0.009656
2041;car;0.8265356421470642;1117;303;1202;369;NO;1117;303;1198;368;;0.000190;0.010024
2041;car;0.7417969703674316;1431;322;1512;382;NO;1431;322;1511;382;;0.000190;0.008552
2042;car;0.8385385274887085;1115;302;1201;369;NO;1116;302;1199;368;;0.000111;0.011676
2042;car;0.7366959452629089;1431;322;1512;382;NO;1431;322;1511;382;;0.000111;0.013027
2043;car;0.8410654067993164;1115;302;1199;370;NO;1115;302;1198;368;;0.000110;0.010809
2043;car;0.7371424436569214;1430;322;1512;382;NO;1430;322;1511;382;;0.000110;0.009773
2044;car;0.8327410817146301;1113;302;1198;370;NO;1113;302;1197;369;;0.000115;0.009706
2044;car;0.7344154119491577;1431;322;1512;382;NO;1431;322;1511;382;;0.000115;0.008826
2045;car;0.8137390613555908;1114;302;1198;370;NO;1114;302;1197;368;;0.000131;0.009757
2045;car;0.7350034713745117;1430;322;1512;382;NO;1430;322;1511;382;;0.000131;0.008458
2046;car;0.8398253321647644;1113;301;1198;371;NO;1113;301;1197;369;;0.000235;0.011435
2046;car;0.7372764348983765;1431;322;1512;382;NO;1431;322;1511;382;;0.000235;0.012187
2047;car;0.8562332391738892;1110;303;1197;373;NO;1110;303;1196;372;;0.000291;0.010161
2047;car;0.7345606088638306;1431;322;1512;382;NO;1431;322;1511;382;;0.000291;0.008714
2048;car;0.857934832572937;1109;303;1196;373;NO;1109;303;1195;371;;0.000195;0.009946
2048;car;0.7354739308357239;1431;321;1512;382;NO;1431;321;1512;381;;0.000195;0.008483
2049;car;0.852390468120575;1108;301;1197;375;NO;1108;301;1196;374;;0.000198;0.010266
2049;car;0.7324492335319519;1431;322;1512;382;NO;1431;322;1511;382;;0.000198;0.014443
2050;car;0.8657342195510864;1107;301;1196;374;NO;1107;301;1195;373;;0.000174;0.015692
2050;car;0.7429382801055908;1431;321;1513;382;NO;1431;321;1512;382;;0.000174;0.014069
2051;car;0.8665288686752319;1104;301;1196;375;NO;1104;301;1195;373;;0.000154;0.015111
2051;car;0.73748379945755;1431;322;1512;382;NO;1431;322;1511;382;;0.000154;0.013298
2052;car;0.8489923477172852;1102;301;1195;377;NO;1102;301;1194;376;;0.000106;0.015556
2052;car;0.7368720173835754;1431;322;1512;382;NO;1431;322;1511;382;;0.000106;0.013157
2053;car;0.8289831280708313;1101;301;1194;377;NO;1101;301;1193;376;;0.000114;0.015474
2053;car;0.7289541363716125;1431;322;1513;382;NO;1431;322;1512;382;;0.000114;0.014800
2054;car;0.8293333649635315;1100;300;1192;378;NO;1100;300;1191;377;;0.000116;0.014348
2054;car;0.7341597080230713;1431;322;1512;382;NO;1431;322;1511;382;;0.000116;0.012501
2055;car;0.8198571801185608;1098;300;1192;378;NO;1098;300;1191;377;;0.000151;0.014374
2055;car;0.7237061262130737;1431;322;1513;382;NO;1431;322;1512;382;;0.000151;0.013569
2056;car;0.8091956377029419;1097;300;1190;378;NO;1097;300;1189;377;;0.000214;0.014191
2056;car;0.7303565740585327;1431;322;1513;382;NO;1431;322;1512;382;;0.000214;0.013670
2057;car;0.8164240121841431;1096;300;1190;380;NO;1096;300;1189;379;;0.000110;0.013839
2057;car;0.7316293120384216;1431;322;1513;382;NO;1431;322;1512;382;;0.000110;0.012745
2058;car;0.8184232115745544;1096;300;1190;382;NO;1096;300;1189;382;;0.000170;0.014067
2058;car;0.7284160256385803;1431;322;1513;382;NO;1431;322;1512;382;;0.000170;0.012398
2059;car;0.8170555233955383;1093;300;1189;383;NO;1094;300;1188;383;;0.000112;0.013743
2059;car;0.7305383086204529;1431;322;1513;382;NO;1431;322;1512;382;;0.000112;0.012579
2060;car;0.8325451016426086;1090;300;1188;384;NO;1090;300;1187;384;;0.000122;0.015944
2060;car;0.7286493182182312;1430;322;1513;382;NO;1430;322;1512;382;;0.000122;0.012826
2061;car;0.8465317487716675;1089;300;1188;385;NO;1089;300;1187;385;;0.000148;0.015162
2061;car;0.7278553247451782;1430;322;1513;382;NO;1430;322;1512;382;;0.000148;0.012255
2062;car;0.8271855115890503;1087;303;1186;384;NO;1087;303;1184;384;;0.000154;0.015219
2062;car;0.7305259108543396;1431;322;1513;382;NO;1431;322;1512;382;;0.000154;0.014362
2063;car;0.8333976864814758;1083;303;1185;385;NO;1083;303;1184;385;;0.000138;0.014820
2063;car;0.7261196374893188;1431;322;1513;382;NO;1431;322;1512;382;;0.000138;0.011979
2064;car;0.8407285809516907;1081;303;1184;385;NO;1081;303;1183;385;;0.000182;0.015441
2064;car;0.7333363890647888;1431;322;1513;382;NO;1431;322;1512;382;;0.000182;0.012281
2065;car;0.8549391031265259;1078;300;1184;386;NO;1078;300;1182;386;;0.000122;0.015155
2065;car;0.7260008454322815;1431;321;1512;382;NO;1431;321;1512;382;;0.000122;0.013743
2066;car;0.8645325899124146;1075;301;1181;386;NO;1075;301;1180;384;;0.000115;0.015321
2066;car;0.7250963449478149;1431;321;1512;382;NO;1431;321;1512;382;;0.000115;0.012099
2067;car;0.8905951976776123;1074;302;1181;386;NO;1074;302;1180;386;;0.000103;0.010708
2067;car;0.7259050607681274;1431;321;1512;382;NO;1431;321;1512;382;;0.000103;0.011747
2068;car;0.8909009099006653;1072;301;1180;387;NO;1072;301;1179;386;;0.000104;0.011686
2068;car;0.7294650077819824;1431;321;1512;382;NO;1431;321;1512;382;;0.000104;0.010097
2069;car;0.877051591873169;1069;301;1178;387;NO;1069;301;1177;387;;0.000104;0.010167
2069;car;0.7271906137466431;1431;321;1512;382;NO;1431;321;1512;382;;0.000104;0.008147
2070;car;0.8685611486434937;1068;301;1178;388;NO;1068;301;1176;388;;0.000104;0.007700
2070;car;0.725106418132782;1431;321;1512;382;NO;1431;321;1511;382;;0.000104;0.008499
2071;car;0.8535395264625549;1065;300;1177;388;NO;1065;300;1175;388;;0.000116;0.009823
2071;car;0.718216061592102;1431;321;1512;382;NO;1431;321;1512;382;;0.000116;0.008150
2072;car;0.8268715143203735;1061;301;1174;388;NO;1061;301;1173;387;;0.000108;0.012332
2072;car;0.721677303314209;1431;321;1512;382;NO;1431;321;1512;382;;0.000108;0.012800
2073;car;0.8268247246742249;1061;301;1174;390;NO;1061;301;1171;390;;0.000104;0.012214
2073;car;0.7199754118919373;1431;321;1512;382;NO;1431;321;1512;382;;0.000104;0.010971
2074;car;0.8682176470756531;1057;301;1172;392;NO;1057;301;1171;392;;0.000172;0.012880
2074;car;0.718315064907074;1430;321;1512;382;NO;1430;321;1511;382;;0.000172;0.009882
2075;car;0.9020074605941772;1054;300;1173;394;NO;1054;300;1171;394;;0.000195;0.015578
2075;car;0.7169044613838196;1430;321;1512;382;NO;1430;321;1511;382;;0.000195;0.013502
2076;car;0.9034989476203918;1052;300;1172;394;NO;1052;300;1170;393;;0.000117;0.012923
2076;car;0.7161067724227905;1430;321;1512;382;NO;1430;321;1511;382;;0.000117;0.008025
2077;car;0.9116324186325073;1050;300;1171;395;NO;1050;300;1169;394;;0.000116;0.011602
2077;car;0.7268705368041992;1430;321;1512;382;NO;1430;321;1511;382;;0.000116;0.009055
2078;car;0.8780065178871155;1046;300;1170;396;NO;1046;300;1168;394;;0.000116;0.018854
2078;car;0.7263867855072021;1429;321;1512;382;NO;1429;321;1511;382;;0.000116;0.008200
2079;car;0.8734154105186462;1043;299;1170;397;NO;1043;299;1167;394;;0.000109;0.007839
2079;car;0.7323204874992371;1430;321;1512;382;NO;1430;321;1511;382;;0.000109;0.007762
2080;car;0.894795835018158;1041;298;1169;399;NO;1041;298;1167;399;;0.000103;0.019437
2080;car;0.7332319617271423;1430;321;1512;382;NO;1430;321;1511;382;;0.000103;0.013210
2081;car;0.8016231656074524;1036;298;1169;401;NO;1036;299;1167;399;;0.000112;0.020897
2081;car;0.7289531826972961;1430;321;1512;382;NO;1430;321;1511;382;;0.000112;0.012375
2082;car;0.8360873460769653;1033;297;1167;401;NO;1033;297;1164;398;;0.000101;0.019818
2082;car;0.726570188999176;1430;322;1512;382;NO;1430;322;1511;382;;0.000101;0.013850
2083;car;0.8914867043495178;1030;296;1167;403;NO;1030;296;1165;402;;0.000106;0.019115
2083;car;0.7309008836746216;1430;322;1512;382;NO;1430;322;1511;382;;0.000106;0.013295
2084;car;0.818601131439209;1028;295;1165;404;NO;1028;295;1163;403;;0.000103;0.019204
2084;car;0.7202627658843994;1430;322;1512;382;NO;1430;322;1511;382;;0.000103;0.013730
2085;car;0.8012262582778931;1023;297;1163;405;NO;1024;297;1161;402;;0.000422;0.018490
2085;car;0.7224448323249817;1430;322;1512;382;NO;1430;322;1511;382;;0.000422;0.012217
2086;car;0.8508315086364746;1017;296;1161;406;NO;1019;296;1158;404;;0.000105;0.018794
2086;car;0.7222937345504761;1430;322;1512;382;NO;1430;322;1511;382;;0.000105;0.013196
2087;car;0.8732846975326538;1016;297;1159;408;NO;1017;297;1155;405;;0.000108;0.019411
2087;car;0.7265741229057312;1430;322;1512;382;NO;1430;322;1511;382;;0.000108;0.014166
2088;car;0.9057426452636719;1012;295;1158;408;NO;1014;295;1155;405;;0.000158;0.018969
2088;car;0.7251353859901428;1430;322;1512;382;NO;1430;322;1511;382;;0.000158;0.012862
2089;car;0.9155697822570801;1009;295;1159;409;NO;1010;295;1157;406;;0.000183;0.009492
2089;car;0.7105759978294373;1431;321;1512;382;NO;1431;321;1512;381;;0.000183;0.014841
2090;car;0.8993573188781738;1003;295;1157;411;NO;1004;295;1156;408;;0.000109;0.013376
2090;car;0.7128254175186157;1431;321;1512;382;NO;1431;321;1512;381;;0.000109;0.010781
2091;car;0.8615301847457886;1000;295;1156;413;NO;1000;295;1155;411;;0.000107;0.007610
2091;car;0.7079835534095764;1431;322;1512;382;NO;1431;322;1511;382;;0.000107;0.013007
2092;car;0.876848578453064;996;295;1153;414;NO;996;295;1152;411;;0.000150;0.011712
2092;car;0.7029880285263062;1430;321;1512;382;NO;1430;321;1511;382;;0.000150;0.012035
2093;car;0.8621493577957153;992;294;1151;416;NO;992;294;1148;413;;0.000108;0.007724
2093;car;0.7135947942733765;1430;321;1512;382;NO;1430;321;1511;382;;0.000108;0.008266
2094;car;0.8472780585289001;988;294;1146;417;NO;988;294;1142;413;;0.000118;0.008908
2094;car;0.720556914806366;1431;321;1512;382;NO;1431;321;1512;381;;0.000118;0.009393
2095;car;0.8538371920585632;982;291;1146;419;NO;982;292;1144;416;;0.000107;0.011632
2095;car;0.7277693748474121;1431;321;1512;382;NO;1431;321;1512;381;;0.000107;0.009406
2096;car;0.8491086363792419;977;293;1143;420;NO;977;293;1140;416;;0.000103;0.010125
2096;car;0.7239663004875183;1431;321;1512;382;NO;1431;321;1512;381;;0.000103;0.009118
2097;car;0.8280176520347595;969;291;1137;423;NO;1020;374;1065;388;;0.000121;0.011644
2097;car;0.7255605459213257;1431;321;1512;382;NO;1431;321;1512;381;;0.000121;0.013894
2098;car;0.8410835862159729;966;293;1140;423;NO;1014;372;1060;390;;0.000109;0.011640
2098;car;0.7192457914352417;1430;321;1512;382;NO;1430;321;1511;382;;0.000109;0.010861
2099;car;0.8261094093322754;962;289;1134;428;NO;1012;375;1056;390;;0.000106;0.011170
2099;car;0.7154067158699036;1430;322;1512;382;NO;1430;322;1511;382;;0.000106;0.016088
2100;car;0.7939524054527283;956;289;1137;427;NO;1006;377;1052;392;;0.000120;0.007570
2100;car;0.7185336351394653;1430;321;1512;382;NO;1430;321;1511;382;;0.000120;0.007334
2101;car;0.7314566373825073;951;287;1135;428;NO;999;377;1048;393;;0.000111;0.008287
2101;car;0.7222500443458557;1430;321;1512;382;NO;1430;321;1511;382;;0.000111;0.009049
2102;car;0.7404432892799377;947;288;1132;429;NO;995;378;1044;395;;0.000211;0.012055
2102;car;0.7182509899139404;1430;322;1512;382;NO;1430;322;1511;382;;0.000211;0.013918
2103;car;0.7896190285682678;939;287;1132;433;NO;991;380;1039;397;;0.000181;0.011999
2103;car;0.7327976226806641;1431;321;1512;382;NO;1431;321;1512;381;;0.000181;0.012931
2104;car;0.7739025950431824;931;287;1130;435;NO;985;381;1034;399;;0.000104;0.011412
2104;car;0.7215290665626526;1430;321;1512;382;NO;1430;321;1511;382;;0.000104;0.014432
2105;car;0.8408249020576477;925;288;1131;437;NO;979;382;1030;400;;0.000114;0.011959
2105;car;0.7337307929992676;1431;321;1512;382;NO;1431;321;1512;381;;0.000114;0.008433
2106;car;0.8484272360801697;919;287;1133;440;NO;973;383;1025;402;;0.000113;0.007716
2106;car;0.7330111861228943;1431;321;1512;382;NO;1431;321;1512;381;;0.000113;0.015695
2107;car;0.8400328755378723;911;285;1138;443;NO;968;384;1019;403;;0.000110;0.006934
2107;car;0.730369508266449;1430;321;1512;382;NO;1430;321;1511;382;;0.000110;0.009279
2108;car;0.8669232726097107;904;286;1128;445;NO;959;387;1014;405;;0.000107;0.008826
2108;car;0.7315768599510193;1430;321;1512;382;NO;1430;321;1511;382;;0.000107;0.012119
2109;car;0.8446890711784363;898;285;1118;448;SÍ;955;388;1007;407;7;0.000208;0.022888
2109;car;0.7321875095367432;1430;321;1512;382;NO;1430;321;1511;382;;0.000208;0.007671
2110;car;0.8681992292404175;890;286;1116;451;NO;946;389;1002;409;;0.000103;0.011758
2110;car;0.72931969165802;1430;321;1512;382;NO;1430;321;1511;382;;0.000103;0.009774
2111;car;0.862553060054779;881;286;1114;453;NO;939;391;997;410;;0.000142;0.012835
2111;car;0.7273818254470825;1431;321;1512;382;NO;1431;321;1512;381;;0.000142;0.009816
2112;car;0.8585549592971802;873;284;1109;458;SÍ;931;393;990;413;J;0.000102;0.007087
2112;car;0.7277228832244873;1430;321;1512;382;NO;1430;321;1511;382;;0.000102;0.007646
2113;car;0.8186729550361633;864;284;1106;460;SÍ;922;394;983;415;77U7;0.000127;0.007861
2113;car;0.7219398617744446;1431;322;1512;382;NO;1431;322;1511;382;;0.000127;0.010832
2114;car;0.8738592267036438;853;283;1104;462;SÍ;914;396;976;417;770;0.000104;0.020010
2114;car;0.7272721529006958;1431;321;1512;382;NO;1431;321;1511;381;;0.000104;0.010849
2115;car;0.9002856612205505;845;284;1099;466;SÍ;907;397;970;419;127000;0.000126;0.009013
2115;car;0.726990818977356;1431;322;1512;382;NO;1431;322;1511;382;;0.000126;0.012659
2116;car;0.8940271139144897;834;285;1095;469;SÍ;900;399;962;421;77000;0.000146;0.031713
2116;car;0.729884147644043;1430;322;1512;382;NO;1430;322;1511;382;;0.000146;0.010098
2117;car;0.8963336944580078;827;284;1093;474;SÍ;889;402;954;424;1770JIG;0.000225;0.028029
2117;car;0.7288826704025269;1430;321;1513;382;NO;1430;321;1512;382;;0.000225;0.008931
2118;car;0.8713867664337158;815;283;1088;476;SÍ;878;403;946;426;17IO;0.000222;0.020021
2118;car;0.7274754643440247;1430;322;1512;382;NO;1430;322;1511;382;;0.000222;0.008461
2119;car;0.8562843799591064;804;283;1085;482;SÍ;870;406;937;429;770270;0.000578;0.024091
2119;car;0.7300230264663696;1430;322;1512;382;NO;1430;322;1511;382;;0.000578;0.011378
2120;car;0.8714338541030884;793;282;1080;485;SÍ;860;409;929;431;1770JO;0.000212;0.019457
2120;car;0.7323701977729797;1430;322;1512;382;NO;1430;322;1511;382;;0.000212;0.007444
2121;car;0.8828722238540649;778;280;1076;489;SÍ;847;411;919;435;77UO;0.000243;0.020444
2121;car;0.7317438721656799;1430;322;1512;382;NO;1430;322;1511;382;;0.000243;0.012647
2122;car;0.8882427215576172;768;279;1073;493;SÍ;834;413;909;439;1770JYG;0.000381;0.020205
2122;car;0.731757402420044;1430;321;1512;382;NO;1430;321;1511;382;;0.000381;0.011056
2123;car;0.8954318761825562;753;277;1069;498;SÍ;821;416;899;442;1770JYG;0.000108;0.031242
2123;car;0.7362310290336609;1430;321;1512;382;NO;1430;321;1511;382;;0.000108;0.009663
2124;car;0.8781723380088806;740;278;1063;504;SÍ;810;420;888;446;17702YG;0.000188;0.028674
2124;car;0.7317901849746704;1430;322;1512;382;NO;1430;322;1511;382;;0.000188;0.007419
2125;car;0.8690069317817688;725;275;1061;511;SÍ;796;423;877;450;17700D;0.000232;0.028909
2125;car;0.7356813549995422;1429;322;1512;382;NO;1429;322;1511;382;;0.000232;0.007708
2126;car;0.9040431976318359;706;275;1056;513;SÍ;781;426;865;453;1770UYG;0.000111;0.024378
2126;car;0.7330107092857361;1430;322;1512;382;NO;1430;322;1511;382;;0.000111;0.008270
2127;car;0.9186559915542603;691;272;1051;519;SÍ;765;430;853;457;TZU;0.000216;0.021881
2127;car;0.7294691801071167;1429;322;1512;382;NO;1429;322;1511;382;;0.000216;0.011087
2128;car;0.9274330735206604;675;271;1047;522;SÍ;752;434;839;461;TO;0.000218;0.018680
2128;car;0.7244234681129456;1430;322;1512;382;NO;1430;322;1511;382;;0.000218;0.009610
2129;car;0.88770592212677;657;269;1043;530;SÍ;732;436;824;465;M7200;0.000273;0.031983
2129;car;0.7291304469108582;1430;322;1512;382;NO;1430;322;1511;382;;0.000273;0.010562
2130;car;0.899749755859375;636;269;1035;537;SÍ;713;441;810;470;T775D;0.000193;0.021038
2130;car;0.7183235287666321;1430;322;1512;382;NO;1430;322;1511;382;;0.000193;0.009719
2131;car;0.8945948481559753;617;267;1028;541;SÍ;695;444;793;474;T775D;0.000188;0.027877
2131;car;0.7279682755470276;1839;392;1919;549;NO;1839;393;1919;548;;0.000188;0.012591
2131;car;0.7262309789657593;1430;322;1513;382;NO;1430;322;1512;382;;0.000188;0.010652
2132;car;0.8229450583457947;596;266;1021;551;SÍ;677;448;776;480;JD177;0.000167;0.035151
2132;car;0.7116319537162781;1429;322;1512;382;NO;1429;322;1511;382;;0.000167;0.011325
2132;car;0.7039158940315247;1818;379;1919;542;NO;1818;379;1919;541;;0.000167;0.011747
2133;car;0.9263653755187988;574;265;1015;557;SÍ;653;452;758;486;1775O;0.000119;0.018761
2133;car;0.774565577507019;1798;356;1919;536;NO;1798;356;1919;535;;0.000119;0.011019
2133;car;0.7224878072738647;1430;322;1513;382;NO;1430;322;1512;382;;0.000119;0.007340
2134;car;0.9032344818115234;547;264;1009;566;SÍ;631;457;739;492;1770D;0.000106;0.019850
2134;car;0.8519614934921265;1782;336;1918;534;NO;1782;336;1918;532;;0.000106;0.013803
2134;car;0.7263020277023315;1430;322;1513;382;NO;1430;322;1512;382;;0.000106;0.007271
2135;car;0.8991602659225464;523;264;1004;575;SÍ;610;462;717;499;1770D;0.000138;0.036541
2135;car;0.8730290532112122;1766;335;1919;531;NO;1766;335;1919;528;;0.000138;0.014489
2135;car;0.7318398952484131;1430;322;1513;382;NO;1430;322;1512;382;;0.000138;0.009165
2136;car;0.910131573677063;495;263;997;585;SÍ;579;468;695;504;1772D;0.000253;0.023704
2136;car;0.8958904147148132;1747;331;1919;525;NO;1747;331;1919;524;;0.000253;0.016308
2136;car;0.7301769256591797;1430;322;1513;382;NO;1430;322;1512;382;;0.000253;0.010803
2137;car;0.917022168636322;465;261;989;591;SÍ;551;475;671;513;VITD;0.000149;0.031142
2137;car;0.8851661682128906;1730;326;1919;526;NO;1730;326;1918;521;;0.000149;0.014803
2137;car;0.7279805541038513;1430;322;1512;382;NO;1430;322;1511;382;;0.000149;0.007817
2138;car;0.9197956323623657;434;258;981;603;SÍ;523;481;643;521;TI;0.000171;0.019517
2138;car;0.8830385804176331;1719;326;1919;542;NO;1719;327;1918;530;;0.000171;0.014293
2138;car;0.7252830266952515;1430;322;1512;382;NO;1430;322;1511;382;;0.000171;0.007201
2139;car;0.9053938388824463;397;257;971;615;SÍ;490;488;616;528;MT;0.000108;0.019256
2139;car;0.8886069655418396;1703;326;1919;549;NO;1705;339;1916;528;;0.000108;0.013092
2139;car;0.7273226976394653;1429;322;1512;382;NO;1429;322;1511;382;;0.000108;0.007301
2140;car;0.9314056634902954;361;255;962;627;SÍ;452;495;587;538;1TD;0.000122;0.037578
2140;car;0.8869488835334778;1692;326;1919;545;NO;1692;326;1919;543;;0.000122;0.015094
2140;car;0.729335367679596;1430;322;1512;382;NO;1430;322;1511;382;;0.000122;0.007431
2141;car;0.9205743670463562;318;252;952;641;SÍ;416;503;553;548;ITD;0.000105;0.048356
2141;car;0.8703038096427917;1679;327;1919;540;NO;1679;327;1918;538;;0.000105;0.015709
2141;car;0.7284122109413147;1429;322;1512;382;NO;1429;322;1511;382;;0.000105;0.007869
2142;car;0.9235954880714417;274;250;943;657;SÍ;375;513;514;560;T;0.000173;0.020042
2142;car;0.8705912232398987;1666;323;1919;534;NO;1666;323;1918;529;;0.000173;0.014076
2142;car;0.7215065956115723;1429;322;1512;382;NO;1429;322;1511;382;;0.000173;0.013262
2143;car;0.9040267467498779;1656;318;1919;528;NO;1656;322;1918;526;;0.000154;0.017202
2143;car;0.9037522673606873;226;246;934;669;SÍ;323;524;475;574;UTD;0.000154;0.029554
2143;car;0.725031316280365;1429;322;1512;382;NO;1429;322;1511;382;;0.000154;0.008465
2144;car;0.9138364195823669;178;245;921;690;SÍ;277;535;428;588;1G;0.000103;0.040486
2144;car;0.8719340562820435;1643;317;1919;521;NO;1643;321;1918;521;;0.000103;0.017750
2144;car;0.7239707112312317;1429;322;1512;382;NO;1429;322;1511;382;;0.000103;0.008357
2145;car;0.9183803200721741;120;244;910;709;SÍ;217;545;378;602;V5;0.000249;0.113238
2145;car;0.9108736515045166;1635;320;1920;519;NO;1635;320;1919;517;;0.000249;0.016341
2145;car;0.7193893790245056;1429;322;1512;382;NO;1429;322;1511;382;;0.000249;0.011632
2146;car;0.9181574583053589;50;241;897;730;SÍ;154;565;324;621;7;0.000102;0.033357
2146;car;0.9023233652114868;1625;320;1919;512;NO;1625;320;1918;509;;0.000102;0.013654
2146;car;0.7206889986991882;1429;322;1512;382;NO;1429;322;1511;382;;0.000102;0.007226
2147;car;0.9248955249786377;1;235;883;754;SÍ;1;235;819;754;77;0.000112;0.117042
2147;car;0.9052576422691345;1616;320;1919;512;NO;1616;320;1919;512;;0.000112;0.013454
2147;car;0.7386255860328674;1430;322;1512;382;NO;1430;322;1511;382;;0.000112;0.013332
2148;car;0.9302613139152527;1;234;872;783;SÍ;1;236;814;772;U;0.000105;0.105141
2148;car;0.9076203107833862;1608;321;1919;510;NO;1608;321;1918;510;;0.000105;0.014619
2148;car;0.7268701791763306;1430;322;1512;382;NO;1430;322;1511;382;;0.000105;0.007704
2149;car;0.930363655090332;0;231;854;809;SÍ;0;233;843;799;Z2;0.000108;0.123021
2149;car;0.8976023197174072;1598;321;1920;508;NO;1598;321;1919;507;;0.000108;0.015795
2149;car;0.7388246059417725;1430;321;1512;382;NO;1430;321;1511;382;;0.000108;0.011257
2150;car;0.9345735907554626;0;224;838;848;NO;1;224;837;830;;0.000116;0.093200
2150;car;0.8935031890869141;1590;320;1920;504;NO;1590;320;1920;504;;0.000116;0.015488
2150;car;0.7299699783325195;1430;321;1512;382;NO;1430;321;1511;380;;0.000116;0.011077
2151;car;0.9496474266052246;0;219;821;910;NO;0;219;820;880;;0.000097;0.092639
2151;car;0.869393527507782;1583;318;1918;501;SÍ;1796;389;1861;409;18;0.000097;0.008886
2151;car;0.7314886450767517;1430;321;1512;382;NO;1430;321;1511;380;;0.000097;0.009459
2152;car;0.9506316184997559;0;216;806;928;NO;0;216;804;905;;0.000099;0.089257
2152;car;0.9194315075874329;1574;318;1900;496;SÍ;1776;386;1845;407;20;0.000099;0.013326
2152;car;0.7222173810005188;1430;320;1512;382;NO;1430;320;1512;382;;0.000099;0.007466
2153;car;0.9478217363357544;1;212;779;976;NO;2;214;777;946;;0.000174;0.092469
2153;car;0.9026873111724854;1568;319;1888;493;NO;1568;319;1887;493;;0.000174;0.011474
2153;car;0.7219157218933105;1431;320;1512;382;NO;1431;320;1512;381;;0.000174;0.010669
2154;car;0.951325535774231;0;203;760;1040;NO;1;203;757;1005;;0.000278;0.144875
2154;car;0.8895643949508667;1560;319;1869;490;NO;1561;319;1869;490;;0.000278;0.010915
2154;car;0.7196494340896606;1430;320;1511;382;NO;1430;320;1511;381;;0.000278;0.010195
2155;car;0.9578677415847778;0;198;736;1068;NO;0;198;736;996;;0.000195;0.124897
2155;car;0.9046241641044617;1554;320;1853;488;NO;1739;382;1799;402;;0.000195;0.010445
2155;car;0.7241528034210205;1430;320;1511;382;NO;1430;320;1511;381;;0.000195;0.008095
2156;car;0.9565486907958984;0;193;710;1063;NO;6;193;710;966;;0.000248;0.080207
2156;car;0.9020823240280151;1547;321;1839;485;SÍ;1726;379;1785;401;788;0.000248;0.006769
2156;car;0.7288080453872681;1431;320;1511;382;NO;1431;320;1511;381;;0.000248;0.011614
2157;car;0.9519014954566956;1;183;678;991;NO;1;186;676;979;;0.000250;0.080387
2157;car;0.8801887631416321;1541;320;1826;481;NO;1714;379;1772;399;;0.000250;0.007004
2157;car;0.7124051451683044;1431;320;1511;382;NO;1431;320;1511;381;;0.000250;0.010106
2158;car;0.9056412577629089;1;175;648;959;NO;4;181;641;953;;0.000160;0.078143
2158;car;0.8675702810287476;1536;320;1810;479;NO;1698;378;1759;397;;0.000160;0.011568
2159;car;0.9357060194015503;2;165;614;964;NO;2;176;601;959;;0.000161;0.068156
2159;car;0.8794946074485779;1532;319;1800;476;NO;1679;377;1748;396;;0.000161;0.011223
2160;car;0.9457244277000427;1;155;576;965;NO;2;188;576;961;;0.000121;0.067542
2160;car;0.8668673634529114;1526;321;1787;473;NO;1680;375;1736;394;;0.000121;0.009401
2161;car;0.9387449622154236;1;148;532;961;NO;1;210;532;939;;0.000148;0.058269
2161;car;0.8546562790870667;1521;319;1775;471;NO;1669;375;1724;392;;0.000148;0.007074
2162;car;0.9199342131614685;1;147;483;966;NO;1;236;483;948;;0.000217;0.061848
2162;car;0.8632904291152954;1514;320;1762;467;NO;1658;374;1714;391;;0.000217;0.011871
2163;car;0.9192156791687012;0;158;421;987;NO;0;165;369;432;;0.000112;0.018707
2163;car;0.8657612204551697;1510;320;1751;465;NO;1638;374;1704;391;;0.000112;0.008473
2164;car;0.8704904913902283;1;185;361;1056;NO;1;212;361;1039;;0.000252;0.117990
2164;car;0.8186959028244019;1503;318;1740;460;NO;1504;318;1739;459;;0.000252;0.007939
2165;car;0.8694846630096436;1499;319;1729;459;NO;1629;372;1685;389;;0.000152;0.007510
2165;car;0.800702691078186;0;199;286;1066;NO;;;;;;0.000152;0.000000
2166;car;0.8501901626586914;1494;316;1721;458;NO;1494;317;1720;456;;0.000186;0.009347
2166;car;0.7444553971290588;0;335;200;1062;NO;;;;;;0.000186;0.000000
2166;car;0.721442461013794;1433;321;1512;383;NO;1433;321;1492;383;;0.000186;0.008221
2167;car;0.847204327583313;1488;316;1712;454;NO;1621;370;1667;386;;0.000120;0.008493
2167;car;0.7180712819099426;1433;321;1514;383;NO;1433;321;1487;383;;0.000120;0.007805
2168;car;0.8665745258331299;1484;316;1703;453;NO;1608;369;1658;386;;0.000108;0.010004
2168;car;0.7431682348251343;1432;322;1514;383;NO;1432;322;1513;382;;0.000108;0.008315
2169;car;0.8510941863059998;1479;317;1694;451;NO;1479;317;1693;450;;0.000146;0.010588
2169;car;0.7332459688186646;1432;322;1512;382;NO;1432;322;1510;382;;0.000146;0.007604
2170;car;0.8307417035102844;1475;318;1685;449;NO;1475;318;1684;448;;0.000111;0.010846
2170;car;0.7267622351646423;1430;322;1512;381;NO;1473;322;1511;380;;0.000111;0.007888
2171;car;0.839779794216156;1475;315;1679;449;NO;1475;315;1678;447;;0.000110;0.010177
2172;car;0.8496426939964294;1468;317;1669;445;NO;1468;317;1668;445;;0.000108;0.009113
2173;car;0.8338345885276794;1468;317;1660;443;NO;1468;317;1659;443;;0.000120;0.008506
2174;car;0.8086698651313782;1471;319;1652;443;NO;1471;319;1652;442;;0.000104;0.008441
2175;car;0.8063610792160034;1461;315;1646;439;NO;1461;315;1645;439;;0.000111;0.008647
2176;car;0.9002211093902588;1457;317;1640;437;NO;1457;317;1639;437;;0.000110;0.009946
2177;car;0.901662290096283;1452;318;1632;435;NO;1452;318;1632;434;;0.000119;0.009221
2178;car;0.8710034489631653;1447;319;1627;432;NO;1447;319;1626;431;;0.000142;0.009039
2179;car;0.8942055702209473;1445;317;1618;430;NO;1445;317;1617;430;;0.000196;0.009472
2180;car;0.8152000308036804;1456;321;1611;430;NO;1456;321;1610;427;;0.000143;0.009537
2181;car;0.8741945028305054;1435;318;1605;427;NO;1435;318;1605;427;;0.000132;0.009165
2182;car;0.9052265882492065;1431;319;1598;426;NO;1431;319;1598;426;;0.000191;0.012000
2183;car;0.8881337642669678;1429;320;1595;425;NO;1429;320;1594;425;;0.000204;0.009223
2184;car;0.8815097212791443;1427;319;1589;424;NO;1427;319;1588;423;;0.000107;0.009286
2184;car;0.701545000076294;1150;310;1202;349;NO;1153;310;1201;349;;0.000107;0.007477
2185;car;0.8378903269767761;1430;320;1580;423;NO;1430;320;1580;423;;0.000110;0.008666
2185;car;0.7234346270561218;1152;311;1204;350;NO;1152;311;1203;349;;0.000110;0.007855
2186;car;0.854546844959259;1424;318;1575;421;NO;1424;318;1574;420;;0.000118;0.008986
2187;car;0.8936401605606079;1422;317;1571;420;NO;1422;317;1570;420;;0.000104;0.012966
2188;car;0.879464328289032;1422;318;1567;419;NO;1422;318;1566;418;;0.000120;0.010305
2189;car;0.9085492491722107;1420;317;1563;418;NO;1420;317;1562;418;;0.000117;0.010685
2190;car;0.8985339403152466;1415;317;1562;416;NO;1415;317;1561;416;;0.000107;0.010642
2191;car;0.8702442646026611;1411;317;1557;415;NO;1411;317;1556;415;;0.000110;0.009785
2192;car;0.8941166996955872;1410;317;1553;413;NO;1410;317;1552;413;;0.000109;0.007785
2193;car;0.8889197111129761;1405;317;1548;410;NO;1405;317;1547;410;;0.000103;0.010492
2194;car;0.8976263999938965;1400;317;1543;410;NO;1400;317;1542;410;;0.000113;0.008687
2195;car;0.8973599672317505;1397;317;1538;410;NO;1397;317;1537;410;;0.000115;0.008342
2196;car;0.8671478629112244;1401;317;1538;409;NO;1401;317;1536;409;;0.000191;0.010905
2197;car;0.8700405955314636;1396;317;1534;409;NO;1396;317;1532;409;;0.000129;0.009135
2198;car;0.8648732304573059;1395;318;1525;408;NO;1395;318;1525;408;;0.000164;0.008859
2199;car;0.8808362483978271;1393;317;1523;408;NO;1448;403;1487;407;;0.000245;0.007994
2200;car;0.8484789729118347;1392;317;1518;407;NO;1392;317;1517;407;;0.000259;0.008974
2201;car;0.8310814499855042;1391;316;1511;405;NO;1443;401;1479;405;;0.000224;0.007236
2202;car;0.792120099067688;1387;317;1510;405;NO;1387;317;1509;405;;0.000186;0.008083
2203;car;0.8442662358283997;1385;317;1509;403;NO;1385;317;1508;403;;0.000154;0.008183
2204;car;0.851965069770813;1382;316;1508;403;NO;1382;316;1507;403;;0.000243;0.008303
2205;car;0.7990930080413818;1381;317;1507;400;NO;1381;317;1505;400;;0.000182;0.008354
2206;car;0.8118478655815125;1380;317;1506;400;NO;1380;317;1505;400;;0.000162;0.008842
2207;car;0.7911086678504944;1377;317;1502;400;NO;1377;317;1501;400;;0.000183;0.009227
2208;car;0.7845274209976196;1376;316;1501;401;NO;1376;316;1500;401;;0.000195;0.008552
2209;car;0.7820665240287781;1373;316;1499;401;NO;1373;316;1498;401;;0.000105;0.008319
2210;car;0.7714293599128723;1371;316;1494;399;NO;1371;316;1493;399;;0.000118;0.009404
2211;car;0.8029252290725708;1367;315;1496;397;NO;1367;315;1495;397;;0.000111;0.008788
2212;car;0.727242112159729;1372;316;1485;397;NO;1372;316;1484;397;;0.000172;0.008708
2216;car;0.7358036637306213;1364;315;1475;394;NO;1364;315;1474;394;;0.000115;0.009246
2216;car;0.7050795555114746;1143;320;1198;355;NO;1143;320;1197;355;;0.000115;0.009203
2217;car;0.7061938047409058;1143;318;1197;354;NO;1143;318;1196;354;;0.000207;0.010386
2218;car;0.730323076248169;1360;315;1464;390;NO;1360;315;1463;390;;0.000164;0.009738
2218;car;0.7057230472564697;1143;319;1196;354;NO;1143;319;1195;354;;0.000164;0.010316
2219;car;0.7502353191375732;1361;316;1462;388;NO;1361;316;1461;388;;0.000145;0.009420
2219;car;0.7008786201477051;1143;321;1195;354;NO;1143;321;1194;354;;0.000145;0.012303
2222;car;0.7215456962585449;1142;319;1197;355;NO;1142;319;1196;355;;0.000210;0.007384
2223;car;0.7174348831176758;1141;319;1198;355;NO;1141;319;1197;355;;0.000242;0.007033
2224;car;0.7208845615386963;1140;320;1198;356;NO;1140;320;1197;356;;0.000205;0.007945
2225;car;0.7228681445121765;1139;319;1198;356;NO;1139;319;1197;355;;0.000159;0.007169
2226;car;0.7309247255325317;1140;319;1198;357;NO;1140;319;1197;357;;0.000113;0.007229
2232;car;0.7223424911499023;1432;319;1513;381;NO;1432;319;1512;380;;0.000106;0.013525
2238;car;0.7269620299339294;1336;315;1426;379;NO;1336;315;1425;379;;0.000163;0.013961
2239;car;0.7807163000106812;1334;314;1424;379;NO;1334;314;1423;379;;0.000138;0.015766
2239;car;0.7027311325073242;1429;320;1513;381;NO;1429;320;1512;380;;0.000138;0.013376
2240;car;0.7919475436210632;1333;314;1424;379;NO;1333;314;1423;379;;0.000120;0.015392
2240;car;0.7011831998825073;1429;320;1513;381;NO;1429;320;1512;380;;0.000120;0.014628
2241;car;0.7679217457771301;1332;314;1422;379;NO;1332;314;1421;379;;0.000234;0.015568
2242;car;0.7976199388504028;1332;314;1422;378;NO;1332;314;1421;378;;0.000152;0.013396
2243;car;0.78115314245224;1332;314;1417;376;NO;1332;314;1416;376;;0.000174;0.012924
2244;car;0.7598007917404175;1331;314;1416;377;NO;1331;314;1415;377;;0.000106;0.013750
2245;car;0.7896244525909424;1332;315;1413;375;NO;1332;315;1412;375;;0.000109;0.012890
2246;car;0.7714236974716187;1332;314;1414;374;NO;1332;314;1413;374;;0.000105;0.013590
2247;car;0.7340294122695923;1333;314;1409;374;NO;1333;314;1408;374;;0.000109;0.013332
2248;car;0.7243183851242065;1332;314;1408;374;NO;1332;314;1407;374;;0.000109;0.013023
2249;car;0.7213791608810425;1331;314;1405;373;NO;1331;314;1404;372;;0.000136;0.012604
2250;car;0.7472337484359741;1331;314;1403;373;NO;1331;314;1402;372;;0.000115;0.013013
2251;car;0.730153501033783;1332;315;1400;372;NO;1332;315;1400;372;;0.000139;0.012615
2252;car;0.7405619025230408;1330;315;1400;372;NO;1330;315;1399;372;;0.000118;0.012585
2253;car;0.7394260764122009;1329;315;1399;372;NO;1329;315;1398;372;;0.000106;0.012526
2254;car;0.7116440534591675;1330;315;1399;371;NO;1330;315;1399;370;;0.000104;0.012817
2255;car;0.7176194787025452;1329;315;1399;371;NO;1329;315;1398;370;;0.000112;0.012435
2256;car;0.7261379957199097;1117;310;1189;362;NO;1117;310;1188;362;;0.000109;0.013892
2256;car;0.7004589438438416;1431;322;1513;382;NO;1431;322;1512;382;;0.000109;0.013336
2257;car;0.7256499528884888;1115;309;1188;363;NO;1115;309;1187;363;;0.000113;0.012577
2257;car;0.7010135650634766;1324;315;1395;371;NO;1324;315;1394;371;;0.000113;0.012664
2258;car;0.7699285745620728;1115;308;1187;363;NO;1115;308;1186;363;;0.000139;0.013138
2258;car;0.7251636385917664;1323;315;1394;371;NO;1323;315;1393;371;;0.000139;0.014507
2259;car;0.7339774966239929;1321;314;1394;370;NO;1321;314;1393;370;;0.000130;0.015240
2259;car;0.7208507657051086;1115;308;1187;362;NO;1115;308;1185;361;;0.000130;0.013032
2260;car;0.7564777135848999;1319;314;1393;370;NO;1319;314;1392;370;;0.000186;0.012910
2260;car;0.7180682420730591;1115;309;1185;362;NO;1115;309;1184;362;;0.000186;0.012677
2260;car;0.7055459022521973;1431;322;1512;382;NO;1431;322;1511;382;;0.000186;0.012728
2261;car;0.7634267807006836;1112;310;1184;362;NO;1112;310;1183;362;;0.000111;0.012545
2261;car;0.7606586217880249;1318;314;1392;371;NO;1318;314;1391;371;;0.000111;0.012365
2262;car;0.7724917531013489;1113;310;1182;363;NO;1113;310;1181;363;;0.000174;0.012507
2262;car;0.7690284252166748;1317;314;1391;370;NO;1317;314;1390;370;;0.000174;0.012527
2263;car;0.7708672881126404;1317;314;1391;370;NO;1317;314;1390;370;;0.000107;0.012565
2263;car;0.7427772283554077;1110;309;1181;363;NO;1110;309;1180;363;;0.000107;0.012724
2263;car;0.7037273049354553;1431;322;1512;382;NO;1431;322;1511;382;;0.000107;0.012611
2264;car;0.7711374759674072;1317;314;1390;370;NO;1317;314;1389;369;;0.000110;0.007844
2264;car;0.7321606278419495;1110;309;1179;364;NO;1110;309;1178;363;;0.000110;0.007796
2264;car;0.7060271501541138;1432;322;1513;382;NO;1432;322;1512;382;;0.000110;0.007866
2265;car;0.7629877924919128;1106;309;1178;365;NO;1106;309;1177;365;;0.000199;0.008400
2265;car;0.7582627534866333;1316;314;1391;370;NO;1316;314;1390;369;;0.000199;0.008171
2265;car;0.7067684531211853;1432;322;1512;382;NO;1432;322;1511;381;;0.000199;0.008919
2266;car;0.7668440341949463;1312;313;1390;370;NO;1312;313;1389;370;;0.000110;0.007660
2266;car;0.7411514520645142;1107;308;1178;365;NO;1107;308;1177;363;;0.000110;0.007109
2266;car;0.7002546191215515;1432;322;1512;382;NO;1432;322;1511;381;;0.000110;0.010512
2267;car;0.7710312008857727;1104;307;1177;366;NO;1104;307;1176;364;;0.000115;0.008357
2267;car;0.7541202902793884;1311;313;1389;370;NO;1311;313;1388;370;;0.000115;0.008754
2267;car;0.7068469524383545;1432;322;1512;382;NO;1432;322;1511;381;;0.000115;0.008113
2268;car;0.8022350072860718;1104;307;1177;367;NO;1104;307;1176;365;;0.000121;0.012023
2268;car;0.7406760454177856;1310;313;1387;369;NO;1310;313;1386;369;;0.000121;0.011018
2268;car;0.7047750353813171;1432;322;1512;382;NO;1432;322;1511;381;;0.000121;0.010213
2269;car;0.7962548732757568;1100;308;1178;368;NO;1100;308;1177;368;;0.000139;0.010116
2269;car;0.7217144966125488;1312;313;1386;369;NO;1312;313;1385;369;;0.000139;0.011048
2270;car;0.7607089877128601;1101;308;1177;369;NO;1101;308;1176;367;;0.000242;0.011077
2270;car;0.7158449292182922;1310;313;1386;369;NO;1310;313;1385;369;;0.000242;0.009357
2271;car;0.7514310479164124;1098;307;1176;369;NO;1098;307;1175;369;;0.000172;0.008490
2272;car;0.7768093347549438;1095;306;1176;370;NO;1095;306;1174;370;;0.000236;0.007891
2273;car;0.7692334651947021;1094;306;1175;370;NO;1094;306;1174;370;;0.000152;0.009026
2273;car;0.7249587178230286;1310;313;1382;367;NO;1310;313;1381;367;;0.000152;0.009033
2274;car;0.7452636957168579;1092;306;1175;370;NO;1092;306;1174;368;;0.000285;0.008394
2274;car;0.7383464574813843;1309;313;1381;367;NO;1309;313;1380;367;;0.000285;0.008000
2275;car;0.7617982029914856;1091;307;1173;374;NO;1091;307;1172;371;;0.000148;0.011626
2275;car;0.7381442785263062;1309;314;1380;367;NO;1309;314;1379;367;;0.000148;0.010441
2276;car;0.7371698021888733;1090;310;1170;376;NO;1090;310;1168;375;;0.000267;0.008665
2276;car;0.732625424861908;1308;314;1379;367;NO;1308;314;1378;367;;0.000267;0.007815
2277;car;0.7532254457473755;1085;309;1169;375;NO;1085;309;1166;375;;0.000388;0.008041
2277;car;0.7486333847045898;1308;314;1378;367;NO;1308;314;1377;367;;0.000388;0.009092
2278;car;0.7751756310462952;1083;310;1169;375;NO;1083;310;1167;374;;0.000196;0.012723
2278;car;0.7491750121116638;1308;313;1378;366;NO;1308;313;1377;366;;0.000196;0.012758
2279;car;0.7526064515113831;1308;313;1378;366;NO;1308;313;1377;366;;0.000111;0.015364
2279;car;0.7201310992240906;1080;309;1169;375;NO;1080;309;1168;375;;0.000111;0.014645
2280;car;0.7395246028900146;1308;314;1377;366;NO;1308;314;1376;366;;0.000171;0.012679
2280;car;0.7042691707611084;1078;309;1166;378;NO;1078;309;1164;378;;0.000171;0.015043
2281;car;0.7567183375358582;1076;309;1167;378;NO;1076;309;1166;378;;0.000276;0.015505
2281;car;0.7071213126182556;1308;314;1377;366;NO;1308;314;1376;366;;0.000276;0.012828
2282;car;0.7793392539024353;1072;308;1164;378;NO;1072;308;1160;378;;0.000201;0.014484
2282;car;0.7051401734352112;1308;314;1376;366;NO;1308;314;1375;366;;0.000201;0.012830
2283;car;0.8031957745552063;1069;308;1163;380;NO;1069;308;1160;380;;0.000191;0.014073
2283;car;0.7095890045166016;1308;313;1374;365;NO;1308;313;1373;365;;0.000191;0.012335
2284;car;0.7572962045669556;1067;308;1162;381;NO;1067;308;1160;381;;0.000295;0.014121
2284;car;0.7112897038459778;1308;313;1373;364;NO;1308;313;1372;364;;0.000295;0.011783
2285;car;0.736077606678009;1067;308;1160;382;NO;1067;308;1158;381;;0.000327;0.013971
2285;car;0.7250183820724487;1308;313;1371;364;NO;1308;313;1370;363;;0.000327;0.011688
2286;car;0.767449140548706;1066;307;1160;383;NO;1066;307;1159;382;;0.000229;0.014071
2286;car;0.7424326539039612;1308;313;1371;364;NO;1308;313;1370;363;;0.000229;0.011910
2287;car;0.8482557535171509;1064;307;1160;383;NO;1064;307;1159;383;;0.000245;0.013628
2287;car;0.7516533136367798;1308;313;1371;364;NO;1308;313;1370;363;;0.000245;0.007360
2288;car;0.8470615148544312;1060;307;1160;384;NO;1060;307;1158;384;;0.000106;0.010572
2288;car;0.7362611889839172;1308;313;1371;364;NO;1308;313;1370;363;;0.000106;0.007804
2289;car;0.8361312747001648;1056;308;1159;384;NO;1056;308;1156;384;;0.000140;0.008933
2289;car;0.7230881452560425;1308;313;1370;364;NO;1308;313;1369;363;;0.000140;0.007979
2290;car;0.8063293695449829;1055;308;1159;385;NO;1055;308;1154;385;;0.000113;0.008878
2290;car;0.7306482791900635;1308;312;1369;364;NO;1308;312;1368;363;;0.000113;0.008703
2291;car;0.7910128235816956;1050;308;1155;385;NO;1050;308;1150;385;;0.000108;0.008617
2291;car;0.7248660326004028;1308;312;1368;364;NO;1308;312;1367;363;;0.000108;0.008096
2292;car;0.8046983480453491;1047;308;1153;385;NO;1047;308;1152;384;;0.000110;0.008614
2292;car;0.7252964973449707;1307;312;1368;364;NO;1307;312;1367;363;;0.000110;0.007864
2293;car;0.793102502822876;1044;308;1150;386;NO;1044;308;1149;386;;0.000119;0.008803
2293;car;0.7284440994262695;1306;313;1367;363;NO;1306;313;1366;363;;0.000119;0.008472
2294;car;0.7887243628501892;1042;308;1150;387;NO;1042;308;1149;387;;0.000141;0.008843
2294;car;0.733295738697052;1306;313;1366;363;NO;1306;313;1366;363;;0.000141;0.012582
2295;car;0.7838997840881348;1039;308;1149;386;NO;1039;308;1148;382;;0.000146;0.013295
2295;car;0.7310551404953003;1306;313;1366;363;NO;1306;313;1366;362;;0.000146;0.008601
2296;car;0.8092595934867859;1034;309;1149;387;NO;1034;309;1146;385;;0.000165;0.008992
2296;car;0.7381532788276672;1305;313;1366;362;NO;1305;313;1365;362;;0.000165;0.008665
2297;car;0.8317165970802307;1031;309;1144;387;NO;1031;309;1143;387;;0.000179;0.009187
2297;car;0.7353728413581848;1305;313;1365;362;NO;1305;313;1365;361;;0.000179;0.008142
2298;car;0.8248370289802551;1028;309;1144;389;NO;1028;309;1143;389;;0.000108;0.007913
2298;car;0.7396897077560425;1305;313;1365;362;NO;1305;313;1364;361;;0.000108;0.007730
2299;car;0.7971510887145996;1024;308;1146;392;NO;1024;308;1141;392;;0.000115;0.009883
2299;car;0.7317489981651306;1304;313;1365;361;NO;1304;313;1364;361;;0.000115;0.008124
2300;car;0.7758634686470032;1021;308;1137;393;NO;1021;308;1134;393;;0.000108;0.007695
2300;car;0.7191323041915894;1304;314;1365;361;NO;1304;314;1364;361;;0.000108;0.008011
2301;car;0.8310211896896362;1019;308;1138;392;NO;1019;308;1130;391;;0.000176;0.008663
2301;car;0.7253276705741882;1304;314;1365;361;NO;1304;314;1364;361;;0.000176;0.007929
2302;car;0.8318567276000977;1016;307;1136;394;NO;1016;307;1135;388;;0.000107;0.007888
2302;car;0.7227758765220642;1304;314;1365;361;NO;1304;314;1364;361;;0.000107;0.009187
2303;car;0.8699271082878113;1009;307;1134;394;NO;1010;307;1133;394;;0.000178;0.015662
2303;car;0.7219470739364624;1304;314;1364;361;NO;1304;314;1363;361;;0.000178;0.012049
2303;car;0.700029194355011;1429;321;1512;382;NO;1429;321;1511;382;;0.000178;0.014180
2304;car;0.890571653842926;1006;307;1133;394;NO;1006;307;1132;393;;0.000114;0.015382
2304;car;0.7208112478256226;1304;314;1364;360;NO;1304;314;1363;360;;0.000114;0.013608
2305;car;0.916175901889801;1003;307;1129;396;NO;1003;307;1128;391;;0.000121;0.015485
2305;car;0.706100583076477;1429;322;1513;382;NO;1429;322;1512;382;;0.000121;0.013344
2306;car;0.9201699495315552;1000;307;1128;399;NO;1000;307;1127;393;;0.000115;0.015280
2306;car;0.7053672075271606;1429;322;1513;382;NO;1429;322;1512;382;;0.000115;0.017573
2307;car;0.9075406789779663;994;307;1129;399;NO;995;307;1119;397;;0.000140;0.016671
2307;car;0.7045713663101196;1429;322;1513;382;NO;1429;322;1512;382;;0.000140;0.012724
2307;car;0.7008056044578552;1304;314;1362;360;NO;1304;314;1361;360;;0.000140;0.011911
2308;car;0.8741613626480103;993;307;1128;401;NO;993;307;1121;400;;0.000107;0.014851
2308;car;0.7030850052833557;1305;314;1362;360;NO;1305;314;1361;360;;0.000107;0.016448
2309;car;0.8323366045951843;991;306;1127;401;NO;991;306;1123;398;;0.000134;0.016439
2309;car;0.7009322047233582;1305;314;1362;360;NO;1305;314;1361;359;;0.000134;0.011574
2310;car;0.8245643973350525;983;306;1126;404;NO;983;306;1108;404;;0.000112;0.016785
2310;car;0.7035832405090332;1305;315;1362;360;NO;1305;315;1361;360;;0.000112;0.011856
2310;car;0.7007818222045898;1430;321;1513;382;NO;1430;321;1512;382;;0.000112;0.012387
2311;car;0.8402126431465149;979;306;1121;406;NO;979;306;1105;406;;0.000126;0.008341
2311;car;0.7060135006904602;1430;322;1513;382;NO;1430;322;1512;382;;0.000126;0.008039
2312;car;0.8447241187095642;973;305;1118;405;NO;973;305;1113;405;;0.000198;0.008006
2312;car;0.7096279263496399;1304;315;1361;359;NO;1304;315;1360;359;;0.000198;0.007667
2312;car;0.7059675455093384;1429;322;1513;382;NO;1429;322;1512;382;;0.000198;0.007568
2313;car;0.8509705066680908;970;305;1112;407;NO;970;305;1109;404;;0.000115;0.008662
2313;car;0.7025191187858582;1304;315;1362;359;NO;1304;315;1361;359;;0.000115;0.009440
2313;car;0.7023554444313049;1430;322;1513;383;NO;1430;322;1512;383;;0.000115;0.008098
2314;car;0.8075242638587952;966;305;1111;409;NO;966;306;1102;407;;0.000115;0.008764
2314;car;0.7025563716888428;1430;322;1513;383;NO;1430;322;1512;383;;0.000115;0.007948
2315;car;0.8301380276679993;960;305;1107;411;NO;960;305;1092;411;;0.000182;0.009200
2315;car;0.7048470973968506;1430;322;1513;383;NO;1430;322;1512;383;;0.000182;0.007901
2316;car;0.8529167175292969;955;304;1103;412;NO;955;304;1101;409;;0.000109;0.007730
2316;car;0.701073169708252;1430;322;1513;383;NO;1430;322;1512;383;;0.000109;0.012707
2317;car;0.8789927959442139;947;303;1101;413;NO;947;304;1096;411;;0.000123;0.009226
2318;car;0.8645680546760559;943;303;1098;414;NO;943;303;1095;411;;0.000117;0.009231
2318;car;0.7085931897163391;1304;315;1358;358;NO;1304;315;1357;358;;0.000117;0.020699
2319;car;0.8409335613250732;935;305;1094;415;NO;935;305;1086;415;;0.000299;0.008967
2319;car;0.7058988809585571;1304;315;1357;358;NO;1304;315;1356;358;;0.000299;0.009050
2320;car;0.8822333216667175;931;305;1089;418;NO;931;305;1088;415;;0.000122;0.012574
2320;car;0.7029058337211609;1431;322;1513;382;NO;1431;322;1512;382;;0.000122;0.010925
2321;car;0.8479726910591125;925;303;1087;418;NO;925;303;1086;416;;0.000149;0.009005
2322;car;0.8422940969467163;917;303;1086;420;NO;917;303;1082;418;;0.000109;0.008230
2322;car;0.7007520198822021;1431;322;1513;382;NO;1431;322;1512;382;;0.000109;0.010264
2323;car;0.8450371623039246;910;302;1083;422;NO;910;302;1080;419;;0.000138;0.008256
2324;car;0.8927229642868042;903;302;1080;423;NO;903;302;1074;423;;0.000109;0.008327
2324;car;0.7036809325218201;1431;321;1513;382;NO;1431;321;1512;382;;0.000109;0.008171
2325;car;0.8662237524986267;898;301;1076;425;NO;898;301;1072;420;;0.000153;0.008616
2325;car;0.7092767953872681;1431;322;1513;382;NO;1431;322;1512;382;;0.000153;0.008322
2326;car;0.8743040561676025;888;302;1071;427;NO;888;302;1070;423;;0.000107;0.013794
2326;car;0.7070677876472473;1431;321;1513;382;NO;1431;321;1512;382;;0.000107;0.012417
2327;car;0.8815609812736511;881;300;1068;429;NO;881;300;1066;427;;0.000102;0.022094
2327;car;0.7068927884101868;1430;322;1512;382;NO;1430;322;1511;382;;0.000102;0.012472
2328;car;0.866991400718689;874;300;1063;432;NO;874;300;1061;427;;0.000164;0.020892
2328;car;0.7015134692192078;1431;322;1513;382;NO;1431;322;1512;382;;0.000164;0.012620
2329;car;0.8746302127838135;864;301;1059;432;NO;864;301;1057;428;;0.000107;0.022804
2329;car;0.7106655240058899;1431;322;1513;382;NO;1431;322;1512;382;;0.000107;0.010407
2330;car;0.890537440776825;855;300;1056;438;NO;855;300;1053;436;;0.000294;0.011418
2330;car;0.7079959511756897;1430;322;1513;382;NO;1430;322;1512;382;;0.000294;0.010641
2331;car;0.8763825297355652;846;299;1053;441;NO;846;299;1051;438;;0.000175;0.012377
2331;car;0.7048190832138062;1430;322;1513;382;NO;1430;322;1512;382;;0.000175;0.012204
2332;car;0.8835256695747375;836;299;1045;443;SÍ;836;299;1044;441;E;0.000178;0.023808
2332;car;0.7147364020347595;1430;322;1513;382;NO;1430;322;1512;382;;0.000178;0.008337
2333;car;0.8855369091033936;827;300;1042;447;NO;827;300;1041;444;;0.000109;0.011133
2333;car;0.716820478439331;1431;322;1513;382;NO;1431;322;1512;382;;0.000109;0.007641
2334;car;0.9122443795204163;816;299;1038;450;SÍ;816;299;1037;445;028;0.000105;0.025857
2334;car;0.7180917859077454;1430;322;1513;382;NO;1430;322;1512;382;;0.000105;0.010382
2335;car;0.9133965373039246;803;298;1033;454;SÍ;803;298;1032;450;6028;0.000112;0.022836
2335;car;0.7208488583564758;1430;322;1513;382;NO;1430;322;1512;382;;0.000112;0.007891
2336;car;0.8938602805137634;793;298;1027;459;SÍ;793;298;1024;457;P;0.000123;0.037659
2336;car;0.7243047952651978;1431;321;1513;382;NO;1431;321;1512;382;;0.000123;0.007979
2337;car;0.8730494379997253;778;298;1024;462;SÍ;778;298;1021;458;8088JIV;0.000126;0.025664
2337;car;0.7187368869781494;1430;322;1512;382;NO;1430;322;1511;382;;0.000126;0.007631
2338;car;0.8930794596672058;767;296;1018;462;SÍ;817;401;879;423;8098;0.000112;0.021284
2338;car;0.7080866098403931;1429;322;1513;382;NO;1429;322;1512;382;;0.000112;0.008059
2339;car;0.9009310603141785;753;294;1010;468;SÍ;804;405;866;425;8028;0.000177;0.015223
2339;car;0.7160621285438538;1430;322;1513;382;NO;1430;322;1512;382;;0.000177;0.007685
2340;car;0.90676349401474;739;297;1007;473;SÍ;791;406;856;430;8026;0.000106;0.016258
2340;car;0.7136006355285645;1430;322;1513;382;NO;1430;322;1512;382;;0.000106;0.010152
2341;car;0.912730872631073;721;297;998;476;SÍ;778;410;843;433;8098JI;0.000109;0.021787
2341;car;0.7205190062522888;1430;322;1512;382;NO;1430;322;1511;382;;0.000109;0.008429
2342;car;0.9072863459587097;706;297;993;482;SÍ;761;412;828;437;2098;0.000118;0.020807
2342;car;0.72523432970047;1430;322;1512;382;NO;1430;322;1511;382;;0.000118;0.009112
2343;car;0.9139206409454346;690;295;984;488;SÍ;746;416;815;441;8098JXV;0.000111;0.018937
2343;car;0.7304890751838684;1431;322;1512;382;NO;1431;322;1511;382;;0.000111;0.007590
2344;car;0.9048649072647095;674;294;978;492;SÍ;729;419;800;445;2098;0.000192;0.018359
2344;car;0.7228330373764038;1430;322;1513;382;NO;1430;322;1512;382;;0.000192;0.007530
2345;car;0.898649275302887;653;295;971;496;SÍ;710;423;784;448;2098;0.000116;0.014728
2345;car;0.7207595705986023;1430;322;1512;382;NO;1430;322;1511;382;;0.000116;0.010074
2346;car;0.8998702168464661;632;293;960;505;SÍ;691;427;767;454;2098;0.000114;0.022644
2346;car;0.7161511778831482;1430;322;1513;382;NO;1430;322;1512;382;;0.000114;0.006982
2347;car;0.9247747659683228;610;294;952;510;SÍ;672;430;747;459;2098;0.000115;0.016427
2347;car;0.7147058248519897;1430;322;1513;382;NO;1430;322;1512;382;;0.000115;0.007945
2348;car;0.9228603839874268;586;292;944;517;SÍ;647;435;727;464;22;0.000140;0.016116
2348;car;0.7140934467315674;1430;322;1513;382;NO;1430;322;1512;382;;0.000140;0.007369
2349;car;0.9155722260475159;562;293;935;522;SÍ;624;440;707;469;203;0.000110;0.015159
2349;car;0.716638445854187;1430;322;1513;382;NO;1430;322;1512;382;;0.000110;0.012454
2350;car;0.9232931733131409;535;291;926;529;SÍ;597;445;683;475;02;0.000118;0.015865
2350;car;0.7151734828948975;1431;322;1513;382;NO;1431;322;1512;382;;0.000118;0.007081
2351;car;0.9233666658401489;507;290;912;540;SÍ;573;449;658;481;022;0.000139;0.017178
2351;car;0.7141433358192444;1430;322;1512;382;NO;1430;322;1511;382;;0.000139;0.007836
2352;car;0.9256858825683594;474;291;902;544;SÍ;535;454;630;488;EII;0.000128;0.026416
2352;car;0.7129848599433899;1430;322;1512;382;NO;1430;322;1511;382;;0.000128;0.010844
2353;car;0.9257217049598694;439;287;889;557;SÍ;503;460;600;497;E23;0.000134;0.021273
2353;car;0.7171682119369507;1429;322;1513;382;NO;1429;322;1512;382;;0.000134;0.011451
2354;car;0.9176865816116333;402;289;877;565;SÍ;469;466;566;503;E2;0.000246;0.018187
2354;car;0.7157434821128845;1428;322;1513;382;NO;1428;322;1512;382;;0.000246;0.007603
2355;car;0.9201496839523315;360;287;862;579;SÍ;427;474;530;510;02;0.000227;0.014426
2355;car;0.7112197875976562;1428;322;1513;382;NO;1428;322;1512;382;;0.000227;0.015642
2356;car;0.9375753998756409;317;284;847;594;SÍ;381;482;492;519;0;0.000186;0.027966
2356;car;0.7075122594833374;1429;322;1513;382;NO;1429;322;1512;382;;0.000186;0.007683
2357;car;0.9465277791023254;265;283;829;609;NO;266;283;829;599;;0.000263;0.045126
2357;car;0.7082586884498596;1429;322;1513;382;NO;1429;322;1512;382;;0.000263;0.007416
2358;car;0.9393287897109985;207;284;817;618;NO;277;501;396;544;;0.000287;0.007210
2358;car;0.7110389471054077;1429;322;1513;382;NO;1429;322;1512;382;;0.000287;0.008438
2359;car;0.9371770620346069;146;280;798;641;NO;147;280;797;630;;0.000225;0.112341
2359;car;0.7138005495071411;1429;322;1513;382;NO;1429;322;1512;382;;0.000225;0.008646
2360;car;0.9217736721038818;73;279;777;661;NO;75;279;774;657;;0.000104;0.056820
2360;car;0.7101781964302063;1429;322;1513;382;NO;1429;322;1512;382;;0.000104;0.007512
2361;car;0.9202353954315186;1;272;756;673;NO;1;273;748;673;;0.000160;0.110139
2361;car;0.7085446715354919;1429;322;1513;382;NO;1429;322;1512;382;;0.000160;0.009004
2362;car;0.9314563274383545;0;275;732;707;NO;0;275;731;704;;0.000100;0.071240
2362;car;0.7113590836524963;1429;322;1513;382;NO;1429;322;1512;382;;0.000100;0.008508
2363;car;0.9361926317214966;0;274;709;730;NO;0;274;708;727;;0.000154;0.149793
2363;car;0.7117379903793335;1429;322;1513;382;NO;1429;322;1512;382;;0.000154;0.008709
2364;car;0.9397710561752319;0;271;681;765;NO;0;272;679;755;;0.000201;0.122778
2364;car;0.7148424983024597;1428;322;1513;382;NO;1428;322;1512;382;;0.000201;0.007974
2365;car;0.9337921738624573;1;270;649;802;NO;1;272;647;792;;0.000148;0.114584
2365;car;0.7139801979064941;1428;322;1513;382;NO;1428;322;1512;382;;0.000148;0.008977
2366;car;0.9247007966041565;0;267;613;852;NO;1;267;612;835;;0.000228;0.118794
2366;car;0.7192937731742859;1428;322;1513;382;NO;1428;322;1512;382;;0.000228;0.007001
2367;car;0.9216113686561584;1;265;579;895;NO;4;265;574;799;;0.000333;0.111497
2367;car;0.7189907431602478;1429;322;1513;382;NO;1429;322;1512;382;;0.000333;0.010853
2368;car;0.9353107810020447;1;260;537;819;NO;3;260;532;817;;0.000131;0.117361
2368;car;0.7172765731811523;1429;322;1513;382;NO;1429;322;1512;382;;0.000131;0.011816
2369;car;0.9217675924301147;1;256;491;814;NO;4;259;489;812;;0.000132;0.120724
2369;car;0.7115992307662964;1429;322;1513;382;NO;1429;322;1512;382;;0.000132;0.007556
2370;car;0.921535849571228;1;253;439;815;NO;1;256;437;815;;0.000104;0.060014
2370;car;0.7093348503112793;1429;322;1513;382;NO;1429;322;1512;382;;0.000104;0.007064
2371;car;0.9176025986671448;1;253;376;811;NO;1;257;376;804;;0.000122;0.114216
2371;car;0.7090842723846436;1429;322;1513;382;NO;1429;322;1512;382;;0.000122;0.009499
2372;car;0.903157651424408;1;258;308;812;NO;1;262;306;810;;0.000097;0.108827
2372;car;0.719936192035675;1429;322;1513;382;NO;1429;322;1512;382;;0.000097;0.006973
2373;car;0.8865495324134827;0;280;228;859;NO;0;282;227;855;;0.000162;0.114175
2373;car;0.7241524457931519;1429;322;1513;382;NO;1429;322;1512;382;;0.000162;0.007183
2374;car;0.7853900790214539;0;365;138;889;NO;;;;;;0.000109;0.000000
2374;car;0.7199863791465759;1429;322;1513;382;NO;1429;322;1512;382;;0.000109;0.013093
2374;car;0.7043466567993164;1283;317;1341;354;NO;1283;317;1340;354;;0.000109;0.010334
2375;car;0.7280764579772949;1429;322;1513;382;NO;1429;322;1512;382;;0.000124;0.010443
2376;car;0.7317824363708496;1429;322;1513;382;NO;1429;322;1512;382;;0.000142;0.008630
2377;car;0.7167312502861023;1430;322;1513;382;NO;1430;322;1512;382;;0.000225;0.007847
2378;car;0.7164788246154785;1430;322;1513;382;NO;1430;322;1512;382;;0.000128;0.011935
2379;car;0.7186013460159302;1429;322;1513;382;NO;1429;322;1512;382;;0.000192;0.007817
2379;car;0.7043156623840332;1285;317;1342;352;NO;1285;317;1341;352;;0.000192;0.007510
2380;car;0.7170969843864441;1429;322;1513;382;NO;1429;322;1512;382;;0.000114;0.009930
2380;car;0.7046728134155273;1282;318;1341;352;NO;1282;318;1340;352;;0.000114;0.007919
2381;car;0.7171535491943359;1429;322;1513;382;NO;1429;322;1512;382;;0.000106;0.007547
2382;car;0.7190531492233276;1429;322;1513;382;NO;1429;322;1512;382;;0.000110;0.011526
2383;car;0.7204769849777222;1429;322;1513;382;NO;1429;322;1512;382;;0.000103;0.009036
2384;car;0.7209796905517578;1429;322;1513;382;NO;1429;322;1512;382;;0.000115;0.007623
2385;car;0.7260551452636719;1429;322;1513;382;NO;1429;322;1512;382;;0.000105;0.008056
2386;car;0.7210205793380737;1429;322;1513;382;NO;1429;322;1512;382;;0.000122;0.013017
2387;car;0.7183517217636108;1428;322;1513;382;NO;1428;322;1512;382;;0.000119;0.007767
2388;car;0.7178934812545776;1429;322;1513;382;NO;1429;322;1512;382;;0.000107;0.007584
2389;car;0.716569721698761;1429;322;1513;382;NO;1429;322;1512;382;;0.000105;0.013405
2390;car;0.7166820168495178;1429;322;1513;382;NO;1429;322;1512;382;;0.000123;0.008928
2391;car;0.710202157497406;1429;322;1513;382;NO;1429;322;1512;382;;0.000316;0.008641
2392;car;0.7138622999191284;1429;322;1513;382;NO;1429;322;1512;382;;0.000138;0.010960
2393;car;0.7116919755935669;1429;322;1513;382;NO;1429;322;1512;382;;0.000199;0.008246
2394;car;0.7100370526313782;1429;322;1513;382;NO;1429;322;1512;382;;0.000114;0.008195
2395;car;0.7054672241210938;1429;322;1513;382;NO;1429;322;1512;382;;0.000118;0.007662
2396;car;0.701672375202179;1429;322;1513;382;NO;1429;322;1512;382;;0.000156;0.007732
2397;car;0.7009709477424622;1429;322;1513;382;NO;1429;322;1512;382;;0.000130;0.007830
2398;car;0.7021151781082153;1429;322;1513;382;NO;1429;322;1512;382;;0.000121;0.008260
2399;car;0.7074299454689026;1429;322;1513;382;NO;1429;322;1512;382;;0.000107;0.007861
2400;car;0.7023624181747437;1429;322;1513;382;NO;1429;322;1512;382;;0.000192;0.008110
2401;car;0.7227445244789124;1430;322;1512;382;NO;1430;322;1511;382;;0.000127;0.008202
2402;car;0.7242667078971863;1429;322;1512;382;NO;1429;322;1511;382;;0.000105;0.007966
2403;car;0.7183526754379272;1429;322;1512;382;NO;1429;322;1511;382;;0.000105;0.007938
2404;car;0.7244649529457092;1429;322;1512;382;NO;1429;322;1511;382;;0.000127;0.008436
2405;car;0.7234691977500916;1429;322;1512;382;NO;1429;322;1511;382;;0.000121;0.010655
2406;car;0.7238651514053345;1429;322;1512;382;NO;1429;322;1511;382;;0.000106;0.010338
2407;car;0.7264015078544617;1429;322;1513;382;NO;1429;322;1512;382;;0.000113;0.008514
2408;car;0.7270900011062622;1429;322;1513;382;NO;1429;322;1512;382;;0.000114;0.008345
2409;car;0.7226707935333252;1429;322;1513;382;NO;1429;322;1512;382;;0.000177;0.009521
2410;car;0.7245628237724304;1429;322;1512;382;NO;1429;322;1511;382;;0.000182;0.008934
2411;car;0.7248861193656921;1429;322;1513;382;NO;1429;322;1512;382;;0.000183;0.008749
2412;car;0.728787899017334;1430;322;1512;382;NO;1430;322;1511;382;;0.000112;0.009113
2413;car;0.7243355512619019;1429;322;1512;382;NO;1429;322;1511;382;;0.000129;0.008665
2414;car;0.7293142080307007;1429;322;1513;382;NO;1429;322;1512;382;;0.000109;0.008846
2415;car;0.7202281951904297;1428;322;1512;382;NO;1428;322;1511;382;;0.000185;0.008503
2416;car;0.7198977470397949;1429;322;1512;382;NO;1429;322;1511;382;;0.000115;0.008966
2417;car;0.7211523652076721;1429;322;1512;382;NO;1429;322;1511;382;;0.000115;0.009879
2418;car;0.7169352173805237;1428;322;1512;382;NO;1428;322;1511;382;;0.000122;0.017771
2419;car;0.7152210474014282;1428;322;1512;382;NO;1428;322;1511;382;;0.000121;0.013891
2420;car;0.7190712094306946;1428;322;1512;382;NO;1428;322;1511;382;;0.000126;0.013684
2421;car;0.7142580151557922;1428;322;1512;382;NO;1428;322;1511;382;;0.000185;0.014107
2422;car;0.7142632007598877;1428;322;1512;382;NO;1428;322;1511;382;;0.000113;0.013644
2423;car;0.7153661251068115;1429;322;1512;382;NO;1429;322;1511;382;;0.000166;0.013634
2424;car;0.7157215476036072;1429;322;1512;382;NO;1429;322;1511;382;;0.000104;0.013095
2425;car;0.7268067598342896;1430;322;1512;382;NO;1430;322;1511;382;;0.000120;0.013181
2426;car;0.7254199981689453;1430;322;1512;382;NO;1430;322;1511;382;;0.000108;0.014048
2427;car;0.7249246835708618;1430;322;1512;382;NO;1430;322;1511;382;;0.000132;0.014572
2428;car;0.7309228181838989;1430;322;1512;382;NO;1430;322;1511;382;;0.000183;0.013969
2429;car;0.7311185598373413;1430;322;1512;382;NO;1430;322;1511;382;;0.000193;0.013364
2430;car;0.7307103872299194;1430;322;1512;382;NO;1430;322;1511;382;;0.000286;0.013402
2431;car;0.7314013838768005;1430;322;1512;382;NO;1430;322;1511;382;;0.000195;0.014285
2432;car;0.7291725873947144;1430;322;1512;382;NO;1430;322;1511;382;;0.000173;0.012895
2433;car;0.7276725769042969;1430;322;1512;382;NO;1430;322;1511;382;;0.000266;0.013580
2434;car;0.728486180305481;1430;322;1512;382;NO;1430;322;1511;382;;0.000139;0.013013
2435;car;0.7262104749679565;1430;322;1512;382;NO;1430;322;1511;382;;0.000166;0.013987
2436;car;0.729423999786377;1430;322;1512;382;NO;1430;322;1511;382;;0.000241;0.012900
2437;car;0.7380264401435852;1430;322;1513;382;NO;1430;322;1512;382;;0.000197;0.012789
2438;car;0.7332978248596191;1429;322;1513;382;NO;1429;322;1512;382;;0.000146;0.012864
2439;car;0.7328663468360901;1163;316;1215;350;NO;1163;316;1214;350;;0.000209;0.012215
2439;car;0.7266911864280701;1429;322;1513;382;NO;1429;322;1512;382;;0.000209;0.012490
2440;car;0.797657310962677;1807;437;1919;582;NO;1850;576;1888;581;;0.000131;0.011202
2440;car;0.7373918294906616;1164;314;1215;349;NO;1164;314;1214;349;;0.000131;0.011730
2440;car;0.7342153787612915;1429;322;1513;382;NO;1429;322;1512;382;;0.000131;0.012700
2441;car;0.8246498703956604;1782;437;1919;577;NO;1782;437;1918;575;;0.000112;0.021532
2441;car;0.7392448782920837;1429;322;1513;382;NO;1429;322;1512;382;;0.000112;0.012722
2441;car;0.7265554070472717;1166;315;1216;348;NO;1166;315;1215;348;;0.000112;0.007986
2442;car;0.8190755248069763;1756;413;1919;573;NO;1756;413;1918;568;;0.000277;0.011833
2442;car;0.7471191883087158;1429;322;1513;382;NO;1429;322;1512;382;;0.000277;0.011302
2442;car;0.7376320362091064;1167;315;1217;350;NO;1167;315;1216;349;;0.000277;0.009353
2443;car;0.8285491466522217;1734;392;1919;575;NO;1734;392;1918;570;;0.000285;0.011217
2443;car;0.7548254728317261;1430;322;1513;382;NO;1430;322;1512;382;;0.000285;0.008226
2443;car;0.7041473984718323;1166;314;1217;350;NO;1166;314;1216;350;;0.000285;0.008963
2444;car;0.896020770072937;1712;373;1919;575;NO;1712;373;1918;566;;0.000155;0.013777
2444;car;0.749697208404541;1430;322;1513;382;NO;1430;322;1512;382;;0.000155;0.010985
2445;car;0.8890727162361145;1693;360;1919;566;NO;1693;360;1919;559;;0.000136;0.015630
2445;car;0.7481059432029724;1430;322;1513;382;NO;1430;322;1512;382;;0.000136;0.010183
2446;car;0.9016128778457642;1670;352;1919;575;NO;1670;352;1919;572;;0.000227;0.013871
2446;car;0.756811261177063;1430;322;1513;382;NO;1430;322;1512;382;;0.000227;0.007575
2447;car;0.907006561756134;1653;351;1919;574;NO;1653;351;1919;571;;0.000109;0.016850
2447;car;0.7539898753166199;1430;322;1513;382;NO;1430;322;1512;382;;0.000109;0.009616
2448;car;0.918627142906189;1634;345;1919;584;NO;1634;345;1919;584;;0.000116;0.017264
2448;car;0.7577632069587708;1430;322;1513;382;NO;1430;322;1512;382;;0.000116;0.008060
2449;car;0.9062404036521912;1617;347;1919;582;NO;1617;347;1918;578;;0.000105;0.019027
2449;car;0.7437811493873596;1430;322;1513;382;NO;1430;322;1512;382;;0.000105;0.008080
2450;car;0.9014570713043213;1602;344;1919;576;NO;1602;347;1918;572;;0.000173;0.018668
2450;car;0.7335511445999146;1430;322;1513;382;NO;1430;322;1512;382;;0.000173;0.008071
2451;car;0.8849696516990662;1592;344;1919;566;NO;1592;348;1918;562;;0.000178;0.018105
2451;car;0.7435953617095947;1430;322;1513;383;NO;1430;322;1512;383;;0.000178;0.007532
2452;car;0.8643032908439636;1575;343;1919;555;NO;1575;343;1918;553;;0.000118;0.017925
2452;car;0.7488498091697693;1430;322;1513;383;NO;1430;322;1512;383;;0.000118;0.007701
2453;car;0.8753449320793152;1562;341;1919;552;NO;1562;341;1919;550;;0.000116;0.020031
2453;car;0.7422805428504944;1430;322;1513;383;NO;1430;322;1512;383;;0.000116;0.009984
2454;car;0.9044474363327026;1549;339;1918;546;NO;1549;340;1918;546;;0.000130;0.020204
2454;car;0.7481604218482971;1430;322;1513;382;NO;1430;322;1512;382;;0.000130;0.008548
2455;car;0.8877880573272705;1539;339;1920;549;NO;1888;423;1919;448;;0.000120;0.007823
2455;car;0.7264382839202881;1431;322;1513;383;NO;1431;322;1512;383;;0.000120;0.008088
2456;car;0.8697975873947144;1529;338;1918;544;NO;1858;420;1917;445;;0.000109;0.009744
2456;car;0.7376783490180969;1431;321;1513;383;NO;1431;321;1512;383;;0.000109;0.007190
2457;car;0.8850278258323669;1517;338;1919;540;NO;1830;416;1910;444;;0.000210;0.008321
2457;car;0.7434760928153992;1431;321;1513;383;NO;1431;321;1512;383;;0.000210;0.007520
2458;car;0.880495011806488;1510;336;1919;534;NO;1513;336;1918;534;;0.000106;0.029023
2458;car;0.7296650409698486;1431;321;1512;382;NO;1431;321;1511;382;;0.000106;0.008350
2459;car;0.889752984046936;1497;336;1907;529;NO;1498;336;1905;527;;0.000182;0.120013
2459;car;0.723194420337677;1431;321;1512;382;NO;1431;321;1495;381;;0.000182;0.007898
2460;car;0.9102049469947815;1493;334;1885;526;NO;1654;514;1761;526;;0.000118;0.006626
2461;car;0.9029321670532227;1488;334;1861;521;NO;1737;405;1807;428;;0.000099;0.009566
2462;car;0.8924592137336731;1483;333;1839;515;NO;1484;333;1837;514;;0.000115;0.023341
2462;car;0.703791618347168;1180;314;1236;354;NO;1180;314;1235;354;;0.000115;0.009073
2463;car;0.8960811495780945;1479;332;1818;508;NO;1700;399;1767;422;;0.000134;0.007209
2463;car;0.7007609009742737;1185;315;1238;355;NO;1185;315;1237;355;;0.000134;0.007483
2464;car;0.8923390507698059;1472;332;1799;507;NO;1683;395;1750;420;;0.000167;0.007762
2464;car;0.7103826999664307;1185;315;1239;355;NO;1185;315;1238;355;;0.000167;0.007574
2465;car;0.9085032939910889;1468;331;1781;499;NO;1668;395;1733;417;;0.000111;0.008240
2465;car;0.7264763712882996;1183;312;1242;354;NO;1183;312;1241;354;;0.000111;0.011652
2465;car;0.7112967371940613;1432;321;1513;381;NO;1432;321;1466;381;;0.000111;0.009268
2466;car;0.9049466252326965;1464;331;1765;495;NO;1653;392;1717;414;;0.000295;0.008720
2466;car;0.7262765765190125;1185;314;1245;354;NO;1185;314;1244;354;;0.000295;0.007861
2466;car;0.7034851908683777;1430;322;1514;380;NO;1430;322;1462;379;;0.000295;0.128055
2467;car;0.9039613008499146;1460;331;1751;491;NO;1638;391;1701;412;;0.000116;0.007538
2467;car;0.7569429874420166;1186;315;1246;355;NO;1186;315;1245;355;;0.000116;0.007961
2467;car;0.7250112295150757;1431;322;1513;380;NO;1458;322;1513;379;;0.000116;0.007240
2468;car;0.8967970013618469;1453;329;1735;488;NO;1626;389;1687;409;;0.000102;0.008855
2468;car;0.7519344687461853;1184;313;1246;356;NO;1184;313;1245;356;;0.000102;0.009035
2468;car;0.7445317506790161;1430;322;1515;380;NO;1430;322;1514;380;;0.000102;0.007991
2469;car;0.8522436618804932;1453;330;1721;488;NO;1614;385;1674;409;;0.000108;0.011649
2469;car;0.7553149461746216;1430;322;1516;380;NO;1437;322;1515;379;;0.000108;0.007225
2469;car;0.753162682056427;1184;311;1247;357;NO;1184;311;1246;357;;0.000108;0.007219
2470;car;0.866379976272583;1450;331;1708;484;NO;1604;384;1662;407;;0.000115;0.007910
2470;car;0.7571678161621094;1429;323;1515;381;NO;1430;323;1514;380;;0.000115;0.008550
2470;car;0.7497058510780334;1185;312;1248;357;NO;1185;312;1247;357;;0.000115;0.007667
2471;car;0.8524714708328247;1445;329;1698;479;NO;1591;383;1652;404;;0.000214;0.006916
2471;car;0.7658094763755798;1428;323;1514;381;NO;1428;323;1512;380;;0.000214;0.007304
2471;car;0.7369375824928284;1186;315;1252;358;NO;1186;315;1251;358;;0.000214;0.007738
2472;car;0.864337682723999;1444;325;1687;476;NO;1583;382;1641;402;;0.000170;0.007635
2472;car;0.7273589968681335;1186;315;1253;358;NO;1186;315;1252;358;;0.000170;0.007757
2472;car;0.7239562273025513;1427;323;1510;382;NO;1431;323;1509;382;;0.000170;0.007439
2473;car;0.8395765423774719;1438;325;1676;475;NO;1574;380;1631;401;;0.000109;0.010224
2473;car;0.7145842909812927;1186;316;1251;358;NO;1186;316;1250;357;;0.000109;0.010512
2474;car;0.8588988184928894;1438;327;1665;470;NO;1564;380;1622;399;;0.000128;0.012028
2474;car;0.7058074474334717;1187;314;1252;358;NO;1187;314;1251;358;;0.000128;0.009780
2475;car;0.8530796766281128;1438;327;1657;467;NO;1559;379;1613;398;;0.000189;0.013951
2476;car;0.8783982992172241;1436;326;1649;466;NO;1552;377;1606;397;;0.000125;0.007807
2477;car;0.8607326149940491;1436;326;1640;462;NO;1541;376;1598;395;;0.000122;0.009019
2478;car;0.86374831199646;1432;326;1633;461;NO;1537;375;1591;394;;0.000116;0.007549
2479;car;0.8469277620315552;1433;326;1628;458;NO;1531;374;1584;393;;0.000112;0.011736
2480;car;0.8396730422973633;1433;326;1621;454;NO;1433;326;1620;452;;0.000131;0.014358
2481;car;0.8642755150794983;1433;326;1616;453;NO;1433;326;1615;452;;0.000111;0.013299
2482;car;0.8564471006393433;1429;323;1611;448;NO;1518;372;1568;391;;0.000106;0.006916
2483;car;0.8717749118804932;1429;325;1602;446;NO;1511;370;1563;390;;0.000107;0.007629
2484;car;0.861443281173706;1430;325;1599;444;NO;1430;325;1598;442;;0.000125;0.013306
2485;car;0.881118893623352;1429;325;1595;445;NO;1429;325;1594;444;;0.000103;0.013370
2486;car;0.8711563944816589;1428;325;1588;439;NO;1428;325;1588;438;;0.000105;0.013182
2487;car;0.9073426723480225;1428;325;1586;440;NO;1428;325;1585;438;;0.000111;0.012578
2487;car;0.7293291091918945;1839;390;1919;536;NO;1839;390;1918;535;;0.000111;0.010430
2488;car;0.9130330681800842;1428;325;1582;438;NO;1428;325;1581;438;;0.000107;0.012541
2488;car;0.7447351813316345;1820;388;1919;533;NO;1820;388;1919;532;;0.000107;0.012751
2489;car;0.9071481823921204;1426;328;1579;437;NO;1426;328;1578;437;;0.000139;0.013346
2490;car;0.9052244424819946;1424;327;1574;435;NO;1424;327;1573;434;;0.000176;0.013326
2490;car;0.793038010597229;1782;335;1919;525;NO;1821;518;1876;524;;0.000176;0.008538
2490;car;0.7273565530776978;1193;314;1267;362;NO;1193;314;1266;362;;0.000176;0.008956
2491;car;0.8976441025733948;1421;324;1570;433;NO;1421;324;1569;432;;0.000215;0.013156
2491;car;0.864565372467041;1765;334;1919;521;NO;1765;383;1917;518;;0.000215;0.014208
2492;car;0.8755899667739868;1747;331;1919;515;NO;1747;331;1916;515;;0.000114;0.018106
2492;car;0.8720790147781372;1421;324;1567;431;NO;1421;324;1566;430;;0.000114;0.013394
2493;car;0.8735435605049133;1730;329;1919;527;NO;1731;341;1918;515;;0.000179;0.018321
2493;car;0.87074875831604;1419;325;1564;428;NO;1419;325;1563;428;;0.000179;0.013277
2493;car;0.7002026438713074;1200;312;1271;361;NO;1200;312;1270;361;;0.000179;0.007872
2494;car;0.877623975276947;1418;326;1562;428;NO;1418;326;1561;428;;0.000163;0.013346
2494;car;0.8763617277145386;1717;329;1919;539;NO;1717;340;1917;527;;0.000163;0.020650
2494;car;0.740767240524292;1201;316;1271;361;NO;1201;316;1270;361;;0.000163;0.007996
2495;car;0.8779876828193665;1703;329;1919;540;NO;1703;339;1918;536;;0.000130;0.023082
2495;car;0.8662758469581604;1417;327;1559;428;NO;1417;327;1558;428;;0.000130;0.012885
2495;car;0.7498062252998352;1201;316;1271;361;NO;1201;316;1270;361;;0.000130;0.008494
2496;car;0.8821536302566528;1689;329;1919;536;NO;1689;340;1918;530;;0.000107;0.020541
2496;car;0.8254798650741577;1417;323;1555;426;NO;1417;323;1554;426;;0.000107;0.012652
2496;car;0.7437784075737;1202;315;1272;361;NO;1202;315;1271;361;;0.000107;0.009467
2497;car;0.8811948895454407;1675;327;1919;530;NO;1675;330;1918;527;;0.000131;0.021309
2497;car;0.8616423010826111;1417;324;1553;425;NO;1417;324;1552;425;;0.000131;0.012097
2497;car;0.7556235790252686;1202;316;1274;362;NO;1202;316;1273;362;;0.000131;0.007472
2498;car;0.8750574588775635;1664;326;1919;525;NO;1665;327;1918;522;;0.000112;0.022538
2498;car;0.8640007972717285;1415;325;1550;421;NO;1415;325;1549;421;;0.000112;0.011499
2498;car;0.7511106729507446;1204;315;1275;362;NO;1204;315;1274;362;;0.000112;0.012698
2499;car;0.8827158808708191;1648;326;1920;518;NO;1648;326;1919;516;;0.000131;0.023394
2499;car;0.8649842143058777;1415;325;1546;421;NO;1415;325;1545;420;;0.000131;0.011912
2499;car;0.7767331004142761;1204;314;1276;363;NO;1204;314;1275;363;;0.000131;0.009526
2500;car;0.9060052037239075;1641;325;1920;515;NO;1641;325;1919;512;;0.000317;0.021751
2500;car;0.8533065319061279;1415;326;1545;418;NO;1415;326;1544;418;;0.000317;0.010300
2500;car;0.7589474320411682;1202;316;1278;363;NO;1202;316;1277;363;;0.000317;0.009835
2501;car;0.8894180655479431;1633;324;1919;510;NO;1633;325;1919;509;;0.000118;0.021314
2501;car;0.8392514586448669;1412;325;1541;417;NO;1412;325;1540;417;;0.000118;0.013124
2501;car;0.7451898455619812;1204;314;1277;363;NO;1204;314;1276;363;;0.000118;0.007972
2502;car;0.9008018970489502;1410;323;1539;415;NO;1410;323;1538;414;;0.000126;0.009066
2502;car;0.8850368857383728;1622;325;1919;507;NO;1622;325;1919;505;;0.000126;0.023514
2502;car;0.7776898741722107;1208;314;1278;363;NO;1208;314;1277;363;;0.000126;0.007651
2503;car;0.9026948809623718;1613;324;1920;507;SÍ;1613;324;1919;504;IS167;0.000108;0.038318
2503;car;0.9022502899169922;1408;322;1538;415;NO;1408;322;1536;415;;0.000108;0.012036
2503;car;0.7375895977020264;1208;312;1278;365;NO;1208;312;1277;363;;0.000108;0.008325
2504;car;0.9038313627243042;1601;324;1919;506;SÍ;1601;324;1918;502;B1167;0.000139;0.035186
2504;car;0.8946157693862915;1407;322;1536;415;NO;1407;322;1534;415;;0.000139;0.008786
2504;car;0.7173424959182739;1206;313;1280;365;NO;1206;313;1279;365;;0.000139;0.007565
2505;car;0.8827983736991882;1593;324;1918;502;SÍ;1593;324;1916;497;8319067;0.000200;0.058154
2505;car;0.8597370982170105;1408;323;1532;413;NO;1408;323;1531;412;;0.000200;0.008832
2506;car;0.8913542628288269;1587;323;1910;499;SÍ;1587;323;1907;495;IS1;0.000187;0.048689
2506;car;0.8733561038970947;1403;323;1530;411;NO;1403;323;1529;411;;0.000187;0.008496
2506;car;0.7095707058906555;1208;315;1282;366;NO;1208;315;1281;366;;0.000187;0.011695
2507;car;0.8916070461273193;1575;323;1893;495;SÍ;1576;323;1890;493;IS1L61;0.000161;0.034109
2507;car;0.8776936531066895;1404;322;1524;410;NO;1404;322;1523;409;;0.000161;0.010569
2507;car;0.7336311936378479;1209;314;1282;367;NO;1209;314;1282;365;;0.000161;0.009853
2508;car;0.9081712365150452;1570;324;1875;490;SÍ;1570;324;1873;487;1519164;0.000127;0.041078
2508;car;0.8466671705245972;1402;324;1521;410;NO;1402;324;1520;410;;0.000127;0.014901
2508;car;0.7368688583374023;1208;315;1282;368;NO;1208;315;1281;368;;0.000127;0.008334
2509;car;0.8882233500480652;1563;324;1861;490;SÍ;1563;324;1858;483;1510967;0.000111;0.034426
2509;car;0.8750370144844055;1400;322;1519;410;NO;1400;322;1518;410;;0.000111;0.008631
2509;car;0.7410202622413635;1208;315;1285;369;NO;1208;315;1284;369;;0.000111;0.007609
2510;car;0.886460542678833;1555;325;1845;487;SÍ;1556;325;1843;480;S10167;0.000158;0.049640
2510;car;0.8710768818855286;1399;323;1516;410;NO;1399;323;1515;410;;0.000158;0.008646
2510;car;0.7383410334587097;1209;314;1286;369;NO;1209;314;1285;369;;0.000158;0.006913
2511;car;0.8883025646209717;1546;326;1828;483;SÍ;1726;381;1791;404;SIC6;0.000257;0.020109
2511;car;0.8700191378593445;1395;322;1513;409;NO;1395;322;1512;409;;0.000257;0.010726
2511;car;0.7599729895591736;1209;314;1288;371;NO;1209;314;1287;371;;0.000257;0.008005
2512;car;0.8473176956176758;1540;325;1814;479;SÍ;1540;325;1813;478;IS1O6;0.000114;0.029882
2512;car;0.834407389163971;1394;322;1511;408;NO;1394;322;1510;408;;0.000114;0.008536
2512;car;0.7882893681526184;1212;314;1289;372;NO;1212;314;1288;372;;0.000114;0.007161
2513;car;0.8237853050231934;1537;324;1802;477;NO;1537;324;1799;474;;0.000116;0.018565
2513;car;0.7999241948127747;1395;323;1511;407;NO;1395;323;1510;407;;0.000116;0.008276
2513;car;0.7829175591468811;1212;316;1290;373;NO;1212;316;1289;373;;0.000116;0.008080
2514;car;0.8174968957901001;1396;323;1510;405;NO;1396;323;1509;405;;0.000118;0.009521
2514;car;0.7748199105262756;1212;314;1290;374;NO;1212;314;1290;374;;0.000118;0.010204
2514;car;0.7575368285179138;1530;322;1790;475;SÍ;1530;322;1788;473;BSIJLL;0.000118;0.042800
2515;car;0.8567066788673401;1524;323;1781;473;SÍ;1672;373;1781;399;IJLGL;0.000160;0.006986
2515;car;0.8151879906654358;1393;324;1506;403;NO;1393;324;1505;401;;0.000160;0.011215
2515;car;0.7795536518096924;1212;314;1291;374;NO;1212;314;1291;373;;0.000160;0.011969
2516;car;0.8521456718444824;1392;325;1502;403;NO;1392;325;1501;403;;0.000119;0.011577
2516;car;0.844356119632721;1518;324;1766;470;NO;1660;372;1757;397;;0.000119;0.011308
2516;car;0.7791519165039062;1213;314;1292;375;NO;1213;314;1292;375;;0.000119;0.009012
2517;car;0.8383963108062744;1512;324;1752;467;NO;1512;324;1751;464;;0.000126;0.018304
2517;car;0.837234377861023;1392;325;1500;402;NO;1392;325;1499;402;;0.000126;0.010070
2517;car;0.786139190196991;1212;312;1294;376;NO;1212;312;1294;375;;0.000126;0.008233
2518;car;0.8261935114860535;1390;325;1500;402;NO;1442;398;1474;402;;0.000155;0.007016
2518;car;0.7922122478485107;1503;325;1743;462;NO;1505;325;1741;460;;0.000155;0.018636
2518;car;0.7559986710548401;1213;312;1295;376;NO;1213;312;1294;376;;0.000155;0.008171
2519;car;0.7940993309020996;1389;324;1498;400;NO;1389;324;1497;399;;0.000120;0.009134
2519;car;0.7846909761428833;1504;324;1731;460;NO;1641;370;1698;393;;0.000120;0.008085
2519;car;0.757935106754303;1213;312;1295;377;NO;1213;312;1295;377;;0.000120;0.008837
2520;car;0.8150895237922668;1499;322;1720;457;NO;1499;322;1719;454;;0.000205;0.018667
2520;car;0.771604061126709;1213;313;1297;377;NO;1213;313;1297;377;;0.000205;0.012165
2520;car;0.7557097673416138;1385;324;1506;400;NO;1385;324;1504;400;;0.000205;0.009303
2521;car;0.8556070923805237;1494;323;1715;456;NO;1494;323;1713;455;;0.000105;0.017672
2521;car;0.7713254690170288;1214;312;1299;376;NO;1214;312;1298;376;;0.000105;0.011409
2521;car;0.7653392553329468;1386;322;1508;398;NO;1386;322;1493;398;;0.000105;0.009672
2522;car;0.8270788788795471;1485;319;1704;455;NO;1485;319;1702;451;;0.000105;0.017677
2522;car;0.757294774055481;1215;313;1299;377;NO;1215;313;1298;377;;0.000105;0.007672
2522;car;0.7138344049453735;1383;324;1507;398;NO;1383;324;1484;398;;0.000105;0.009051
2523;car;0.8054029941558838;1483;321;1695;453;NO;1483;321;1693;449;;0.000180;0.014148
2523;car;0.7637757062911987;1216;313;1300;377;NO;1216;313;1299;377;;0.000180;0.007918
2524;car;0.8026934266090393;1480;320;1685;450;NO;1480;320;1684;449;;0.000102;0.018183
2524;car;0.772610604763031;1216;314;1301;378;NO;1216;314;1301;378;;0.000102;0.011839
2525;car;0.7662393450737;1217;313;1302;379;NO;1217;313;1301;379;;0.000148;0.010557
2525;car;0.7477424144744873;1477;321;1678;449;NO;1477;321;1677;449;;0.000148;0.014508
2525;car;0.7059659957885742;1376;325;1484;394;NO;1376;325;1478;394;;0.000148;0.009316
2526;car;0.7852439284324646;1216;313;1301;379;NO;1216;313;1300;379;;0.000114;0.009742
2526;car;0.7742713689804077;1472;321;1671;448;NO;1472;321;1670;447;;0.000114;0.015388
2526;car;0.7417709827423096;1375;325;1479;395;NO;1375;325;1474;395;;0.000114;0.009271
2527;car;0.8120375871658325;1469;319;1659;444;NO;1469;319;1658;443;;0.000114;0.014048
2527;car;0.7865875959396362;1217;314;1302;379;NO;1217;314;1301;379;;0.000114;0.008967
2527;car;0.7576238512992859;1374;325;1477;396;NO;1374;325;1474;396;;0.000114;0.009147
2528;car;0.7964512705802917;1372;325;1473;394;NO;1372;325;1472;394;;0.000106;0.012484
2528;car;0.7853116393089294;1483;323;1653;443;NO;1483;323;1652;439;;0.000106;0.013730
2528;car;0.7834761142730713;1218;314;1303;378;NO;1218;314;1302;378;;0.000106;0.007800
2529;car;0.833899736404419;1478;324;1647;442;NO;1550;364;1622;384;;0.000106;0.009316
2529;car;0.7839222550392151;1218;314;1304;379;NO;1218;314;1303;379;;0.000106;0.009674
2529;car;0.7027934789657593;1372;326;1469;393;NO;1372;326;1468;393;;0.000106;0.009437
2530;car;0.875413715839386;1480;324;1641;439;NO;1541;363;1615;381;;0.000109;0.006732
2530;car;0.7879152894020081;1219;314;1304;379;NO;1219;314;1303;379;;0.000109;0.008697
2531;car;0.8527403473854065;1461;320;1633;437;NO;1461;320;1632;435;;0.003001;0.013609
2531;car;0.7921662330627441;1219;315;1304;381;NO;1219;315;1303;381;;0.003001;0.008753
2532;car;0.8339280486106873;1455;321;1628;435;NO;1455;321;1627;435;;0.000108;0.014166
2532;car;0.7948436141014099;1219;315;1304;381;NO;1219;315;1303;381;;0.000108;0.011452
2532;car;0.7496895790100098;1365;325;1462;388;NO;1365;325;1459;388;;0.000108;0.008538
2533;car;0.8559267520904541;1454;322;1622;432;NO;1454;322;1621;431;;0.000111;0.014673
2533;car;0.7843245267868042;1219;316;1306;382;NO;1219;316;1305;382;;0.000111;0.009587
2534;car;0.865581214427948;1446;322;1615;431;NO;1446;322;1615;429;;0.000169;0.017250
2534;car;0.791217565536499;1219;316;1307;384;NO;1219;316;1307;381;;0.000169;0.009745
2534;car;0.7296537160873413;1362;324;1458;387;NO;1362;324;1446;387;;0.000169;0.009299
2535;car;0.781281590461731;1455;323;1611;429;NO;1455;323;1610;427;;0.000145;0.013688
2535;car;0.7734973430633545;1220;317;1309;384;NO;1220;317;1308;382;;0.000145;0.009973
2535;car;0.7114308476448059;1360;324;1451;386;NO;1360;324;1450;386;;0.000145;0.008896
2536;car;0.9008638262748718;1439;321;1604;429;NO;1439;321;1603;428;;0.000260;0.015132
2536;car;0.7652921676635742;1222;317;1313;386;NO;1222;317;1312;386;;0.000260;0.009341
2536;car;0.7344723343849182;1361;324;1451;386;NO;1361;324;1437;386;;0.000260;0.008279
2537;car;0.9411106109619141;1436;320;1599;428;NO;1436;320;1598;428;;0.000154;0.016371
2537;car;0.7749692797660828;1358;324;1453;385;NO;1358;324;1435;385;;0.000154;0.008442
2537;car;0.7696008086204529;1222;317;1312;386;NO;1222;317;1311;386;;0.000154;0.009496
2538;car;0.9365344047546387;1431;320;1594;427;NO;1431;320;1593;427;;0.000249;0.015469
2538;car;0.7932703495025635;1222;317;1312;387;NO;1222;317;1311;387;;0.000249;0.010003
2538;car;0.7727131247520447;1355;323;1447;384;NO;1355;323;1433;384;;0.000249;0.008365
2539;car;0.8977160453796387;1430;322;1589;426;NO;1430;322;1588;426;;0.000281;0.014475
2539;car;0.8021093606948853;1225;317;1313;388;NO;1225;317;1313;387;;0.000281;0.009308
2539;car;0.7728762030601501;1354;323;1444;383;NO;1354;323;1429;383;;0.000281;0.012126
2540;car;0.8707226514816284;1429;319;1581;425;NO;1429;319;1580;423;;0.000215;0.014075
2540;car;0.8114259243011475;1226;316;1314;390;NO;1226;316;1314;390;;0.000215;0.009209
2540;car;0.7423266768455505;1353;322;1446;382;NO;1353;322;1427;382;;0.000215;0.008075
2541;car;0.8830780386924744;1429;321;1578;423;NO;1429;321;1577;422;;0.000110;0.013386
2541;car;0.8066163063049316;1226;316;1314;391;NO;1226;316;1313;385;;0.000110;0.009004
2541;car;0.7180902361869812;1350;322;1445;382;NO;1350;322;1433;382;;0.000110;0.009106
2542;car;0.9198700785636902;1427;321;1573;420;NO;1427;321;1572;418;;0.000152;0.013502
2542;car;0.8125995397567749;1226;317;1316;391;NO;1226;317;1316;389;;0.000152;0.009298
2543;car;0.9216793179512024;1423;320;1567;418;NO;1423;320;1566;417;;0.000252;0.014128
2543;car;0.792249858379364;1225;318;1316;388;NO;1258;368;1287;378;;0.000252;0.012579
2544;car;0.9191650152206421;1424;320;1564;418;NO;1424;320;1563;417;;0.000262;0.013433
2544;car;0.8000105023384094;1225;318;1316;389;NO;1225;318;1315;388;;0.000262;0.009228
2545;car;0.8946564197540283;1424;320;1560;417;NO;1424;320;1559;417;;0.000184;0.014383
2545;car;0.8023098707199097;1225;318;1318;392;NO;1225;318;1317;391;;0.000184;0.009376
2546;car;0.8663671612739563;1423;321;1555;415;NO;1423;321;1554;415;;0.000194;0.010772
2546;car;0.8241554498672485;1225;318;1318;392;NO;1225;318;1317;391;;0.000194;0.009209
2547;car;0.8716647624969482;1422;321;1552;414;NO;1422;321;1551;414;;0.000216;0.010764
2547;car;0.8200393319129944;1226;318;1319;393;NO;1226;318;1319;392;;0.000216;0.011511
2548;car;0.8737822771072388;1416;318;1548;412;NO;1416;318;1547;412;;0.000138;0.018369
2548;car;0.8157917857170105;1227;318;1320;393;NO;1227;318;1320;393;;0.000138;0.015157
2549;car;0.9158346652984619;1410;319;1543;411;NO;1410;319;1542;410;;0.000167;0.018146
2549;car;0.7924046516418457;1227;318;1322;393;NO;1227;318;1321;393;;0.000167;0.015393
2550;car;0.8817899227142334;1404;320;1537;410;NO;1404;320;1536;409;;0.000243;0.016967
2550;car;0.8073527812957764;1228;318;1322;394;NO;1228;318;1322;393;;0.000243;0.014119
2551;car;0.9260280132293701;1400;319;1532;410;NO;1400;319;1532;410;;0.000148;0.016739
2551;car;0.8253107666969299;1228;317;1322;394;NO;1228;317;1321;393;;0.000148;0.014356
2552;car;0.9015927910804749;1400;318;1528;409;NO;1400;318;1527;408;;0.000153;0.015426
2552;car;0.8417567014694214;1228;316;1323;395;NO;1228;316;1323;394;;0.000153;0.013869
2553;car;0.8570607304573059;1398;321;1525;408;NO;1398;321;1524;407;;0.000106;0.015710
2553;car;0.84880530834198;1228;317;1326;396;NO;1228;317;1326;396;;0.000106;0.015310
2554;car;0.8583977818489075;1395;321;1521;408;NO;1395;321;1520;408;;0.000136;0.015384
2554;car;0.8513829112052917;1228;318;1327;396;NO;1228;318;1326;396;;0.000136;0.015267
2555;car;0.8540258407592773;1229;318;1328;397;NO;1229;318;1327;396;;0.000210;0.015055
2555;car;0.8384895324707031;1395;321;1518;408;NO;1395;321;1517;408;;0.000210;0.014923
2556;car;0.8402823805809021;1229;318;1330;397;NO;1229;318;1329;397;;0.000188;0.015606
2556;car;0.8211890459060669;1395;321;1512;405;NO;1395;321;1511;405;;0.000188;0.015218
2557;car;0.8315013647079468;1391;321;1510;403;NO;1391;321;1509;403;;0.000150;0.014872
2557;car;0.8074711561203003;1229;318;1331;396;NO;1263;375;1296;388;;0.000150;0.011496
2557;car;0.704158365726471;1346;322;1401;365;NO;1346;322;1390;363;;0.000150;0.011505
2558;car;0.8367053866386414;1229;318;1332;397;NO;1263;376;1297;388;;0.000114;0.007420
2558;car;0.8172765970230103;1392;320;1508;403;NO;1392;320;1507;403;;0.000114;0.009229
2559;car;0.8551685810089111;1228;318;1334;398;NO;1264;377;1297;389;;0.000120;0.007821
2559;car;0.8225778937339783;1387;321;1507;403;NO;1387;321;1506;403;;0.000120;0.007916
2560;car;0.8636459112167358;1228;317;1334;400;NO;1264;377;1298;390;;0.000174;0.007786
2560;car;0.8156725168228149;1385;320;1506;403;NO;1385;320;1505;403;;0.000174;0.009186
2561;car;0.8590432405471802;1228;318;1334;400;NO;1264;377;1299;391;;0.000111;0.006946
2561;car;0.7941440343856812;1384;320;1504;402;NO;1384;320;1503;402;;0.000111;0.012272
2562;car;0.8609862327575684;1229;318;1336;399;NO;1265;379;1299;391;;0.000134;0.007735
2562;car;0.8182104229927063;1384;318;1499;401;NO;1384;318;1498;401;;0.000134;0.009280
2563;car;0.8663519620895386;1229;318;1338;400;NO;1265;380;1299;392;;0.000110;0.007818
2563;car;0.8027682304382324;1382;318;1502;401;NO;1382;318;1501;401;;0.000110;0.010300
2564;car;0.865780770778656;1229;318;1339;401;NO;1265;380;1300;393;;0.000121;0.009110
2564;car;0.7798318266868591;1378;319;1493;400;NO;1378;319;1492;400;;0.000121;0.011782
2565;car;0.885286808013916;1229;318;1340;403;NO;1265;380;1301;394;;0.000154;0.018972
2565;car;0.7535839080810547;1375;319;1490;398;NO;1375;319;1490;398;;0.000154;0.011607
2566;car;0.869925320148468;1228;318;1340;403;NO;1265;382;1300;395;;0.000165;0.010935
2566;car;0.7696241736412048;1372;318;1486;398;NO;1372;318;1485;398;;0.000165;0.008259
2567;car;0.860917866230011;1228;318;1340;404;NO;1265;382;1301;395;;0.000186;0.009450
2567;car;0.7467608451843262;1374;319;1490;397;NO;1374;319;1489;397;;0.000186;0.008633
2568;car;0.8528801798820496;1228;318;1341;405;NO;1265;383;1302;396;;0.000136;0.007021
2568;car;0.7099547982215881;1374;318;1480;395;NO;1375;318;1479;395;;0.000136;0.008058
2569;car;0.8509203195571899;1228;318;1343;406;NO;1265;384;1302;397;;0.000138;0.008302
2570;car;0.8675505518913269;1227;319;1344;408;NO;1266;384;1303;398;;0.000113;0.007421
2571;car;0.8742380738258362;1227;319;1344;409;NO;1266;385;1303;399;;0.000107;0.011344
2571;car;0.7155152559280396;1364;321;1466;391;NO;1364;321;1465;391;;0.000107;0.008206
2572;car;0.8712404370307922;1225;319;1346;410;NO;1265;386;1303;400;;0.000131;0.007301
2572;car;0.7723284959793091;1363;320;1463;389;NO;1363;320;1462;389;;0.000131;0.009782
2573;car;0.869085967540741;1224;319;1347;411;NO;1265;387;1304;401;;0.000109;0.007783
2574;car;0.8705445528030396;1224;320;1349;412;NO;1265;388;1304;402;;0.000113;0.007092
2575;car;0.8519547581672668;1224;320;1349;413;NO;1266;388;1304;402;;0.000157;0.007720
2576;car;0.8587619066238403;1222;319;1350;414;NO;1265;389;1305;404;;0.000114;0.009116
2577;car;0.8493386507034302;1222;318;1351;415;NO;1265;390;1305;405;;0.000236;0.014076
2578;car;0.8229719996452332;1223;317;1351;416;NO;1265;391;1305;406;;0.000224;0.012183
2578;car;0.7405166625976562;1359;320;1450;384;NO;1359;320;1449;384;;0.000224;0.014167
2579;car;0.8660038113594055;1220;317;1352;418;NO;1265;392;1306;407;;0.000241;0.010652
2579;car;0.7140227556228638;1359;320;1449;384;NO;1359;320;1448;384;;0.000241;0.008390
2580;car;0.852820634841919;1219;317;1354;419;NO;1265;393;1307;408;;0.000212;0.007463
2581;car;0.8653198480606079;1218;317;1356;420;NO;1265;394;1307;409;;0.000154;0.011274
2581;car;0.7115142345428467;1361;319;1446;382;NO;1361;319;1445;382;;0.000154;0.011472
2582;car;0.8572502732276917;1216;317;1356;422;NO;1265;395;1308;411;;0.000215;0.007208
2582;car;0.7006700038909912;1438;321;1511;381;NO;1438;321;1511;378;;0.000215;0.008415
2583;car;0.8385390639305115;1217;316;1359;423;NO;1265;396;1309;412;;0.000177;0.010597
2583;car;0.7039182782173157;1436;321;1511;381;NO;1436;321;1511;380;;0.000177;0.007113
2584;car;0.8586714863777161;1216;316;1358;425;NO;1265;397;1309;413;;0.000276;0.008432
2584;car;0.7081353068351746;1436;321;1512;381;NO;1436;321;1511;381;;0.000276;0.011383
2584;car;0.7058870196342468;1358;322;1439;380;NO;1359;322;1436;379;;0.000276;0.008620
2585;car;0.8743725419044495;1215;316;1359;426;NO;1265;398;1310;415;;0.000164;0.007316
2585;car;0.7095550298690796;1436;321;1512;381;NO;1436;321;1511;381;;0.000164;0.007827
2586;car;0.9126651287078857;1215;316;1362;428;NO;1265;400;1311;417;;0.000178;0.010313
2586;car;0.7069125175476074;1351;321;1433;380;NO;1351;321;1432;379;;0.000178;0.008379
2586;car;0.7067508697509766;1436;322;1512;381;NO;1436;322;1511;380;;0.000178;0.008233
2587;car;0.9019163846969604;1215;317;1361;427;NO;1265;401;1311;417;;0.000189;0.007724
2587;car;0.7383604049682617;1347;320;1427;379;NO;1356;320;1426;379;;0.000189;0.009183
2587;car;0.7144714593887329;1432;322;1512;382;NO;1432;322;1511;382;;0.000189;0.007748
2588;car;0.921150267124176;1214;317;1364;429;NO;1265;402;1312;419;;0.000165;0.009222
2588;car;0.7255958914756775;1431;321;1512;382;NO;1431;321;1512;382;;0.000165;0.010350
2588;car;0.708716630935669;1347;319;1425;378;NO;1362;319;1424;377;;0.000165;0.010855
2589;car;0.9111547470092773;1214;316;1366;430;NO;1265;403;1312;420;;0.000141;0.007600
2589;car;0.7101684212684631;1431;321;1512;382;NO;1431;321;1512;382;;0.000141;0.011061
2590;car;0.9162550568580627;1214;316;1366;431;NO;1265;404;1314;422;;0.000155;0.008693
2590;car;0.727302610874176;1347;321;1421;378;NO;1364;321;1420;377;;0.000155;0.007666
2591;car;0.9277638792991638;1213;315;1367;433;NO;1266;406;1314;424;;0.000163;0.011304
2591;car;0.701307475566864;1433;321;1512;381;NO;1433;321;1511;381;;0.000163;0.010222
2592;car;0.9224868416786194;1212;316;1368;434;NO;1266;407;1315;425;;0.000182;0.006764
2592;car;0.7450474500656128;1344;321;1418;376;NO;1365;321;1417;375;;0.000182;0.006649
2592;car;0.7039707899093628;1433;321;1512;382;NO;1433;321;1512;382;;0.000182;0.008031
2593;car;0.92741459608078;1212;317;1369;435;NO;1265;408;1316;427;;0.000156;0.011529
2593;car;0.733295738697052;1346;322;1420;375;NO;1367;322;1419;373;;0.000156;0.007545
2593;car;0.7149902582168579;1433;322;1512;382;NO;1433;322;1511;382;;0.000156;0.008023
2594;car;0.8878148198127747;1213;316;1373;436;NO;1266;410;1317;428;;0.000124;0.013206
2594;car;0.7290923595428467;1344;320;1419;377;NO;1371;320;1418;376;;0.000124;0.006882
2594;car;0.7000471949577332;1432;321;1512;382;NO;1432;321;1511;382;;0.000124;0.010375
2595;car;0.8499845266342163;1212;316;1375;438;NO;1267;411;1319;429;;0.000108;0.010306
2595;car;0.7428653836250305;1345;320;1413;375;NO;1345;320;1413;373;;0.000108;0.007872
2596;car;0.8248172402381897;1210;316;1376;440;NO;1267;413;1319;431;;0.000101;0.007368
2596;car;0.7208685874938965;1345;320;1412;375;NO;1374;320;1411;372;;0.000101;0.007270
2596;car;0.7018041014671326;1432;322;1512;382;NO;1432;322;1511;382;;0.000101;0.007943
2597;car;0.8273342251777649;1209;316;1380;445;NO;1266;414;1321;434;;0.000283;0.024106
2597;car;0.7197829484939575;1345;319;1408;374;NO;1345;319;1407;372;;0.000283;0.008762
2598;car;0.8357621431350708;1209;316;1380;448;NO;1266;416;1322;435;;0.000192;0.008614
2598;car;0.7154579758644104;1345;320;1407;375;NO;1345;320;1379;374;;0.000192;0.011577
2598;car;0.7020967602729797;1433;322;1513;382;NO;1433;322;1512;382;;0.000192;0.009922
2599;car;0.8484664559364319;1209;316;1382;449;NO;1267;417;1323;438;;0.000220;0.012032
2600;car;0.829382061958313;1208;316;1385;450;NO;1268;419;1325;439;;0.000151;0.009007
2600;car;0.7056978940963745;1433;322;1513;382;NO;1433;322;1512;382;;0.000151;0.010653
2601;car;0.8440897464752197;1208;316;1387;450;SÍ;1269;421;1326;441;496SLGA;0.000156;0.047014
2601;car;0.7065947651863098;1865;419;1919;556;NO;1865;419;1919;554;;0.000156;0.092030
2601;car;0.7040061950683594;1434;322;1513;382;NO;1434;322;1512;382;;0.000156;0.007996
2602;car;0.8529891967773438;1206;316;1391;453;SÍ;1269;423;1328;444;9651GA;0.000102;0.023789
2602;car;0.7612411379814148;1842;403;1919;557;NO;1842;403;1919;555;;0.000102;0.018879
2603;car;0.8540679216384888;1204;316;1395;456;SÍ;1270;425;1330;446;18651A;0.000208;0.037014
2603;car;0.8190844058990479;1821;395;1919;554;NO;1821;396;1919;552;;0.000208;0.020355
2604;car;0.8632306456565857;1205;316;1396;458;SÍ;1271;427;1332;448;8651Q;0.000127;0.045985
2604;car;0.8346450924873352;1798;385;1919;548;NO;1849;542;1895;547;;0.000127;0.013036
2604;car;0.7024083137512207;1433;322;1513;382;NO;1433;322;1512;382;;0.000127;0.012818
2605;car;0.8531248569488525;1205;316;1398;464;SÍ;1272;429;1334;451;9351ED;0.000099;0.053880
2605;car;0.8514919877052307;1782;369;1919;545;NO;1782;369;1919;543;;0.000099;0.025723
2605;car;0.7249453663825989;1433;322;1513;382;NO;1433;322;1512;382;;0.000099;0.012218
2606;car;0.8504319190979004;1205;316;1402;465;SÍ;1273;431;1337;454;1ESLEP;0.000101;0.023204
2606;car;0.8333031535148621;1764;353;1919;540;NO;1764;353;1917;537;;0.000101;0.013956
2606;car;0.7201605439186096;1433;322;1512;382;NO;1433;322;1512;382;;0.000101;0.009091
2607;car;0.8567863702774048;1748;341;1919;540;NO;1748;341;1917;535;;0.000177;0.011798
2607;car;0.8549985289573669;1204;316;1407;470;SÍ;1275;434;1339;458;0IE;0.000177;0.041817
2608;car;0.8520501852035522;1205;315;1409;472;SÍ;1276;436;1342;459;196SLE;0.000279;0.036245
2608;car;0.8472283482551575;1733;334;1919;538;NO;1733;336;1918;532;;0.000279;0.010948
2609;car;0.8566499352455139;1719;331;1919;540;NO;1720;335;1918;531;;0.000205;0.012233
2609;car;0.8543404936790466;1204;316;1415;474;SÍ;1278;439;1345;462;1965LEQ;0.000205;0.023315
2609;car;0.7010475397109985;1433;322;1513;382;NO;1433;322;1512;382;;0.000205;0.007759
2610;car;0.8730279803276062;1204;316;1418;477;SÍ;1281;442;1348;466;19SSLEP;0.000157;0.023690
2610;car;0.8586183786392212;1703;327;1919;546;NO;1703;335;1917;538;;0.000157;0.011836
2610;car;0.7170958518981934;1433;322;1513;382;NO;1433;322;1512;382;;0.000157;0.012571
2611;car;0.9021331667900085;1694;326;1919;555;NO;1694;337;1915;555;;0.000104;0.012642
2611;car;0.8638133406639099;1203;316;1424;482;SÍ;1283;445;1353;470;196SLEP;0.000104;0.031668
2611;car;0.7008766531944275;1434;322;1513;382;NO;1434;322;1512;382;;0.000104;0.007386
2612;car;0.8956728577613831;1679;326;1919;554;NO;1679;338;1918;548;;0.000116;0.013028
2612;car;0.8639025092124939;1204;315;1430;488;SÍ;1286;448;1357;473;19651EA;0.000116;0.033614
2613;car;0.8989754915237427;1667;325;1919;551;NO;1667;328;1918;550;;0.000114;0.012928
2613;car;0.8704615831375122;1207;314;1436;491;SÍ;1289;451;1362;476;196S1EA;0.000114;0.062574
2614;car;0.8873186111450195;1656;321;1919;546;NO;1657;330;1919;541;;0.000105;0.015331
2614;car;0.8765454292297363;1208;315;1440;492;SÍ;1292;455;1367;480;19651EP;0.000105;0.025486
2615;car;0.876189649105072;1642;320;1919;538;NO;1642;326;1918;538;;0.000189;0.020158
2615;car;0.8626479506492615;1208;315;1448;497;SÍ;1295;458;1372;484;KBR19657;0.000189;0.030817
2616;car;0.8874526619911194;1634;322;1919;528;NO;1634;323;1918;526;;0.000219;0.021089
2616;car;0.8443566560745239;1208;315;1456;501;SÍ;1300;461;1379;489;196SKBP;0.000219;0.020973
2617;car;0.8921918272972107;1623;320;1919;523;NO;1623;322;1918;523;;0.000338;0.021908
2617;car;0.8643028736114502;1211;316;1464;505;SÍ;1305;466;1386;492;065GBR;0.000338;0.038989
2618;car;0.8807744979858398;1614;319;1919;515;NO;1614;319;1918;514;;0.000135;0.022169
2618;car;0.8671823740005493;1208;316;1473;515;SÍ;1310;470;1392;497;196SKBP;0.000135;0.019718
2619;car;0.8745900988578796;1207;316;1482;523;SÍ;1316;475;1402;502;196SKBP;0.000111;0.023443
2619;car;0.8501707911491394;1606;318;1918;516;NO;1730;320;1917;516;;0.000111;0.014674
2620;car;0.8747638463973999;1210;317;1492;528;SÍ;1323;479;1410;508;196SKBPI;0.000110;0.042633
2620;car;0.8508684039115906;1594;321;1918;520;NO;1715;321;1917;520;;0.000110;0.016237
2621;car;0.8749716877937317;1209;317;1505;533;SÍ;1330;484;1420;513;096SKBP;0.000105;0.018413
2621;car;0.8624759316444397;1587;321;1918;516;NO;1695;321;1917;516;;0.000105;0.016281
2622;car;0.8639314770698547;1210;317;1515;538;SÍ;1339;489;1432;519;196SKBR;0.000227;0.019465
2622;car;0.8073947429656982;1579;321;1918;515;NO;1680;321;1916;514;;0.000227;0.016805
2623;car;0.8805702328681946;1212;316;1526;544;SÍ;1348;495;1442;524;096SKBP;0.000119;0.021239
2623;car;0.8751678466796875;1570;320;1919;511;NO;1570;321;1918;508;;0.000119;0.020860
2624;car;0.8840778470039368;1212;320;1543;552;SÍ;1358;500;1455;531;096SKBP;0.000118;0.045656
2624;car;0.8694256544113159;1564;321;1916;505;NO;1564;321;1915;505;;0.000118;0.020332
2625;car;0.9120401740074158;1215;318;1552;552;SÍ;1369;507;1470;538;1965KBR;0.000319;0.021396
2625;car;0.8650561571121216;1562;321;1900;501;NO;1562;321;1899;500;;0.000319;0.019504
2626;car;0.8975059986114502;1217;316;1573;560;SÍ;1381;514;1485;545;1965KBP;0.000111;0.022013
2626;car;0.8862544298171997;1557;321;1886;499;NO;1568;321;1886;499;;0.000111;0.017956
2627;car;0.8878107070922852;1221;316;1593;569;SÍ;1393;522;1501;553;1965KBP;0.000121;0.028405
2627;car;0.8758738040924072;1558;321;1868;496;NO;1593;321;1867;496;;0.000121;0.015879
2628;car;0.8850252032279968;1227;316;1608;576;SÍ;1409;530;1520;562;1965KBP;0.000125;0.018983
2628;car;0.8698086142539978;1552;321;1857;491;NO;1609;321;1856;487;;0.000125;0.014403
2629;car;0.8947487473487854;1227;317;1632;587;SÍ;1424;539;1540;572;1965KBP;0.000099;0.024363
2629;car;0.859436571598053;1552;319;1840;489;NO;1634;322;1839;489;;0.000099;0.013846
2630;car;0.9017565250396729;1229;318;1657;599;SÍ;1444;548;1561;583;1965KBP;0.000103;0.022566
2630;car;0.8158400654792786;1557;319;1822;486;NO;1557;321;1657;486;;0.000103;0.009337
2631;car;0.9009641408920288;1234;319;1683;609;SÍ;1464;558;1584;593;0965KBP;0.000103;0.034765
2631;car;0.8388956189155579;1560;316;1812;482;NO;1560;318;1681;458;;0.000103;0.009711
2632;car;0.9116749167442322;1239;319;1710;617;SÍ;1486;568;1613;606;1965KBQ;0.000123;0.020459
2632;car;0.8550426363945007;1564;318;1793;478;NO;1708;324;1792;473;;0.000123;0.010871
2633;car;0.9075433015823364;1242;318;1737;625;SÍ;1510;580;1641;617;1965KBP;0.000118;0.022405
2633;car;0.8201761841773987;1557;319;1785;476;NO;1557;320;1784;476;;0.000118;0.013752
2634;car;0.9046448469161987;1248;320;1775;638;SÍ;1537;592;1674;631;1965KBP;0.000112;0.032103
2634;car;0.7494702935218811;1554;318;1772;470;NO;1554;319;1771;469;;0.000112;0.013980
2635;car;0.9162009954452515;1255;322;1812;654;SÍ;1569;605;1712;647;196546A;0.000192;0.044021
2636;car;0.9316767454147339;1262;325;1856;671;SÍ;1602;619;1752;663;1554;0.000099;0.027455
2637;car;0.9228891134262085;1268;320;1905;688;SÍ;1641;636;1798;683;184E;0.000188;0.063235
2637;car;0.7043399214744568;1296;314;1355;357;NO;1296;314;1354;357;;0.000188;0.008450
2638;car;0.9012447595596313;1277;319;1918;708;SÍ;1684;655;1852;703;TSLE;0.000103;0.029497
2638;car;0.74896639585495;1295;313;1355;358;NO;1295;313;1354;358;;0.000103;0.009470
2639;car;0.9096443057060242;1288;317;1919;724;SÍ;1731;675;1911;724;W8;0.000106;0.058425
2639;car;0.7181017994880676;1296;314;1352;357;NO;1296;314;1352;356;;0.000106;0.013186
2640;car;0.9137569665908813;1298;318;1918;751;SÍ;1791;698;1917;750;03;0.000141;0.038171
2640;car;0.7309406399726868;1296;315;1352;359;NO;1299;315;1351;359;;0.000141;0.008298
2641;car;0.9376747608184814;1309;318;1918;774;NO;1312;318;1917;774;;0.000102;0.128079
2641;car;0.7346739172935486;1295;316;1349;358;NO;1305;316;1348;357;;0.000102;0.007918
2642;car;0.9340736269950867;1324;319;1918;808;NO;1324;320;1917;796;;0.000100;0.062225
2642;car;0.7024227976799011;1294;316;1349;359;NO;1294;316;1348;358;;0.000100;0.012715
2643;car;0.9296995997428894;1340;324;1918;832;NO;1340;324;1917;822;;0.000205;0.133867
2644;car;0.9317395687103271;1355;326;1918;872;NO;1355;326;1918;858;;0.000099;0.068416
2645;car;0.9339458346366882;1373;325;1918;896;NO;1376;325;1918;893;;0.000114;0.067811
2646;car;0.9398353099822998;1393;332;1918;922;NO;1393;332;1918;917;;0.000105;0.073131
2647;car;0.9531311392784119;1418;340;1918;971;NO;1418;340;1918;929;;0.000107;0.066206
2648;car;0.946247935295105;1441;338;1918;956;NO;1442;338;1916;910;;0.000106;0.137807
2648;car;0.7786746025085449;1447;318;1630;432;NO;1447;318;1629;431;;0.000106;0.007200
2649;car;0.9219207167625427;1470;344;1918;897;NO;1473;345;1917;893;;0.000098;0.044121
2649;car;0.7662796378135681;1441;320;1623;431;NO;1465;342;1622;431;;0.000098;0.012808
2650;car;0.9239479303359985;1502;343;1918;891;NO;1504;345;1918;887;;0.000113;0.131748
2650;car;0.8086439371109009;1439;319;1629;431;NO;1439;319;1628;431;;0.000113;0.007974
2651;car;0.929692268371582;1535;343;1918;882;NO;1537;355;1918;880;;0.000106;0.113548
2651;car;0.8473235368728638;1436;319;1622;435;NO;1535;346;1621;432;;0.000106;0.008595
2652;car;0.9238741993904114;1576;353;1918;873;NO;1576;356;1918;871;;0.000102;0.122071
2652;car;0.8512179255485535;1431;318;1618;436;NO;1431;318;1578;436;;0.000102;0.007621
2652;car;0.701724648475647;1288;314;1343;356;NO;1288;314;1342;355;;0.000102;0.011259
2653;car;0.9237123727798462;1622;358;1918;871;NO;1622;364;1916;861;;0.000111;0.030765
2653;car;0.8608546853065491;1428;319;1607;433;NO;1428;319;1606;433;;0.000111;0.010430
2653;car;0.7281542420387268;1287;314;1341;355;NO;1287;314;1340;355;;0.000111;0.009621
2654;car;0.9173303246498108;1671;370;1918;872;NO;1671;375;1918;868;;0.000115;0.025359
2654;car;0.8623534440994263;1424;318;1600;430;NO;1424;318;1599;430;;0.000115;0.018003
2654;car;0.736992597579956;1286;314;1340;355;NO;1286;314;1339;355;;0.000115;0.014932
2655;car;0.8880233764648438;1424;321;1596;430;NO;1424;321;1595;430;;0.000129;0.012327
2655;car;0.881085216999054;1725;401;1919;913;NO;1725;403;1918;909;;0.000129;0.118316
2655;car;0.7356250882148743;1286;314;1340;357;NO;1286;314;1339;357;;0.000129;0.011508
2656;car;0.8753886818885803;1422;319;1592;430;NO;1422;319;1591;430;;0.000102;0.011133
2656;car;0.7377309203147888;1286;314;1340;356;NO;1286;314;1339;356;;0.000102;0.009109
2657;car;0.8965769410133362;1422;320;1585;427;NO;1422;320;1584;427;;0.000159;0.010826
2657;car;0.7287057042121887;1286;314;1339;356;NO;1286;314;1338;356;;0.000159;0.010592
2658;car;0.9230556488037109;1420;320;1579;426;NO;1420;320;1578;426;;0.000115;0.009895
2658;car;0.7293018102645874;1285;314;1338;356;NO;1285;314;1337;356;;0.000115;0.010971
2659;car;0.9227292537689209;1416;318;1573;423;NO;1416;318;1572;423;;0.000119;0.009467
2659;car;0.7290409803390503;1285;314;1338;354;NO;1285;314;1337;354;;0.000119;0.007586
2660;car;0.9335211515426636;1414;318;1570;424;NO;1414;318;1569;424;;0.000102;0.010011
2660;car;0.7395927309989929;1285;315;1339;352;NO;1285;315;1338;352;;0.000102;0.007006
2661;car;0.9087076187133789;1414;319;1566;420;NO;1414;319;1565;420;;0.000167;0.010086
2661;car;0.7398874163627625;1285;316;1337;353;NO;1285;316;1336;353;;0.000167;0.010607
2662;car;0.8523703813552856;1416;320;1560;418;NO;1416;321;1559;418;;0.000140;0.010056
2662;car;0.727096438407898;1285;317;1336;353;NO;1285;317;1335;353;;0.000140;0.012461
2663;car;0.8667677044868469;1414;319;1553;418;NO;1414;319;1552;418;;0.000115;0.011701
2663;car;0.7359769344329834;1283;316;1335;352;NO;1283;316;1334;352;;0.000115;0.008126
2664;car;0.8452831506729126;1407;319;1552;414;NO;1407;319;1551;414;;0.000115;0.008889
2664;car;0.7456566691398621;1282;316;1335;353;NO;1282;316;1334;353;;0.000115;0.011568
2665;car;0.8300013542175293;1399;320;1547;412;NO;1399;320;1546;412;;0.000158;0.008865
2665;car;0.7507213354110718;1281;316;1336;353;NO;1281;316;1335;353;;0.000158;0.008307
2666;car;0.891988217830658;1399;318;1542;411;NO;1399;318;1541;411;;0.000110;0.011323
2666;car;0.7435747981071472;1280;315;1335;353;NO;1280;315;1334;353;;0.000110;0.011141
2667;car;0.8913252949714661;1397;318;1539;411;NO;1397;318;1538;411;;0.000175;0.009205
2667;car;0.7273270487785339;1280;316;1335;353;NO;1280;316;1334;353;;0.000175;0.009829
2668;car;0.878313422203064;1402;318;1534;411;NO;1402;318;1533;411;;0.000119;0.009062
2668;car;0.7203131318092346;1279;316;1337;353;NO;1279;316;1336;353;;0.000119;0.010591
2669;car;0.9028936624526978;1394;318;1527;410;NO;1394;318;1526;409;;0.000116;0.010779
2669;car;0.7873278856277466;1777;337;1919;523;NO;1779;373;1918;521;;0.000116;0.012723
2669;car;0.7052714824676514;1278;317;1337;353;NO;1278;317;1336;353;;0.000116;0.011695
2670;car;0.8908609747886658;1395;318;1525;409;NO;1395;318;1524;409;;0.000208;0.010170
2670;car;0.8517271876335144;1764;334;1919;518;NO;1765;380;1916;515;;0.000208;0.012806
2671;car;0.8925195336341858;1750;328;1919;518;NO;1750;360;1916;514;;0.000108;0.016912
2671;car;0.8857338428497314;1391;319;1522;409;NO;1392;319;1521;409;;0.000108;0.010410
2672;car;0.8797569274902344;1735;329;1919;516;NO;1736;354;1917;511;;0.000132;0.014401
2672;car;0.8562247157096863;1391;317;1517;409;NO;1394;317;1516;408;;0.000132;0.008939
2673;car;0.8356038928031921;1723;328;1919;533;NO;1725;339;1918;513;;0.000109;0.019291
2673;car;0.7811270952224731;1389;317;1513;409;NO;1390;317;1512;409;;0.000109;0.009571
2674;car;0.8525820970535278;1711;328;1919;540;NO;1711;339;1916;523;;0.000121;0.020712
2674;car;0.8036866784095764;1385;320;1510;405;NO;1385;321;1509;404;;0.000121;0.009569
2675;car;0.8597069978713989;1697;329;1919;538;NO;1697;329;1918;538;;0.000182;0.023820
2675;car;0.824877142906189;1381;320;1508;405;NO;1381;321;1507;405;;0.000182;0.009610
2676;car;0.8961362838745117;1683;328;1919;533;NO;1683;329;1918;533;;0.000115;0.022796
2676;car;0.8420113325119019;1381;318;1508;405;NO;1381;318;1506;405;;0.000115;0.009531
2677;car;0.877065896987915;1673;327;1919;526;NO;1673;328;1918;524;;0.000185;0.022546
2677;car;0.8633885383605957;1378;319;1508;404;NO;1378;319;1507;404;;0.000185;0.010168
2678;car;0.8769254088401794;1663;324;1919;522;NO;1664;326;1918;520;;0.000102;0.022547
2678;car;0.8452219367027283;1376;317;1502;405;NO;1376;317;1501;405;;0.000102;0.014469
2679;car;0.8697324991226196;1649;323;1919;517;NO;1649;323;1918;515;;0.000111;0.023115
2679;car;0.8208296298980713;1375;316;1502;403;NO;1375;316;1501;403;;0.000111;0.009288
2680;car;0.8670721054077148;1640;323;1919;512;NO;1640;324;1918;510;;0.000106;0.023034
2680;car;0.8021174073219299;1376;317;1499;402;NO;1410;398;1445;402;;0.000106;0.007595
2681;car;0.8827020525932312;1634;323;1919;508;NO;1634;323;1919;504;;0.000128;0.021835
2681;car;0.822632908821106;1372;317;1493;402;NO;1373;317;1491;402;;0.000128;0.008938
2682;car;0.8529794812202454;1621;323;1919;505;NO;1621;323;1919;504;;0.000101;0.023508
2682;car;0.7408726811408997;1373;317;1487;401;NO;1373;317;1486;401;;0.000101;0.011459
2683;car;0.8837119936943054;1614;323;1920;506;NO;1614;323;1919;503;;0.000126;0.023655
2683;car;0.7952010631561279;1369;321;1490;399;NO;1369;321;1489;399;;0.000126;0.009625
2684;car;0.903654932975769;1605;324;1920;504;NO;1605;324;1919;500;;0.000104;0.024309
2684;car;0.7701495885848999;1368;320;1487;399;NO;1368;320;1486;399;;0.000104;0.012696
2685;car;0.8856782913208008;1594;324;1920;504;SÍ;1594;324;1918;495;SOVL;0.000180;0.057607
2685;car;0.7484135031700134;1367;319;1479;397;NO;1367;319;1478;397;;0.000180;0.012531
2686;car;0.8986960649490356;1587;324;1918;501;NO;1587;324;1917;500;;0.000110;0.027294
2686;car;0.8267657160758972;1362;319;1474;395;NO;1362;320;1473;395;;0.000110;0.009905
2687;car;0.8985010385513306;1578;324;1909;498;SÍ;1579;324;1907;494;BO;0.000116;0.038613
2687;car;0.7428096532821655;1360;320;1471;394;NO;1360;320;1470;394;;0.000116;0.010457
2688;car;0.9059956073760986;1571;323;1893;494;SÍ;1571;323;1892;492;SOV;0.000106;0.042678
2688;car;0.7816922664642334;1358;319;1466;393;NO;1358;319;1466;393;;0.000106;0.012090
2689;car;0.885876476764679;1566;324;1878;488;NO;1566;324;1877;482;;0.000135;0.018283
2689;car;0.791898250579834;1353;319;1463;392;NO;1353;319;1462;392;;0.000135;0.011151
2690;car;0.87202388048172;1557;325;1861;488;NO;1760;387;1822;412;;0.000137;0.011127
2690;car;0.8241822719573975;1353;318;1461;392;NO;1353;319;1461;392;;0.000137;0.008221
2691;car;0.8988125920295715;1550;324;1848;485;NO;1550;324;1847;483;;0.000135;0.019046
2691;car;0.7796440720558167;1355;319;1459;391;NO;1355;319;1459;391;;0.000135;0.008721
2692;car;0.8990435004234314;1542;325;1830;482;NO;1543;325;1829;480;;0.000201;0.017548
2692;car;0.7713878750801086;1354;318;1457;389;NO;1354;318;1456;389;;0.000201;0.009286
2693;car;0.8865000009536743;1538;324;1817;479;NO;1538;324;1816;476;;0.000107;0.017331
2693;car;0.7361733913421631;1352;318;1453;388;NO;1352;318;1452;388;;0.000107;0.008837
2694;car;0.8556327223777771;1529;324;1806;477;NO;1707;381;1766;404;;0.000110;0.007853
2694;car;0.7825787663459778;1348;319;1450;386;NO;1348;319;1449;386;;0.000110;0.009947
2695;car;0.8904630541801453;1526;322;1791;472;NO;1526;322;1790;469;;0.000178;0.017929
2695;car;0.7259204387664795;1349;317;1448;387;NO;1349;317;1447;387;;0.000178;0.013087
2696;car;0.8532291650772095;1518;321;1780;472;NO;1518;321;1779;467;;0.000125;0.017699
2696;car;0.7637574672698975;1349;318;1447;386;NO;1349;318;1447;385;;0.000125;0.010200
2697;car;0.821492075920105;1513;324;1771;468;NO;1673;377;1726;399;;0.000135;0.012343
2697;car;0.7691198587417603;1346;318;1446;386;NO;1346;318;1445;385;;0.000135;0.009610
2698;car;0.8521182537078857;1503;324;1755;465;NO;1505;324;1755;464;;0.000118;0.016184
2698;car;0.8155127763748169;1348;318;1446;387;NO;1348;318;1445;387;;0.000118;0.014480
2699;car;0.829849123954773;1503;322;1747;460;NO;1503;322;1746;458;;0.000283;0.016100
2699;car;0.798271894454956;1348;320;1445;386;NO;1348;321;1444;386;;0.000283;0.011604
2700;car;0.8626240491867065;1493;321;1734;459;NO;1493;321;1733;456;;0.000249;0.015849
2700;car;0.7649163603782654;1344;318;1442;385;NO;1344;318;1441;385;;0.000249;0.012655
2700;car;0.7153113484382629;1437;320;1512;382;NO;1437;320;1491;379;;0.000249;0.008026
2701;car;0.8413402438163757;1488;320;1725;459;NO;1488;320;1724;457;;0.000278;0.018038
2701;car;0.7461034059524536;1341;317;1440;385;NO;1341;317;1439;385;;0.000278;0.012113
2701;car;0.7423694133758545;1436;321;1510;382;NO;1437;321;1486;379;;0.000278;0.011425
2702;car;0.8650152087211609;1484;318;1717;456;NO;1484;318;1716;454;;0.000147;0.018086
2702;car;0.7733365893363953;1435;321;1512;381;NO;1435;321;1484;381;;0.000147;0.011367
2702;car;0.7215081453323364;1340;317;1440;384;NO;1340;317;1438;384;;0.000147;0.013367
2703;car;0.8840847611427307;1480;320;1702;455;NO;1480;320;1702;450;;0.000163;0.019321
2703;car;0.7753809690475464;1434;321;1511;381;NO;1434;321;1478;381;;0.000163;0.008107
2703;car;0.7427200078964233;1339;315;1437;383;NO;1339;315;1435;383;;0.000163;0.009187
2704;car;0.8303494453430176;1476;319;1696;452;NO;1476;319;1695;446;;0.000247;0.017057
2705;car;0.8580193519592285;1473;321;1684;449;NO;1473;321;1683;445;;0.000459;0.016690
2706;car;0.8380084037780762;1469;320;1677;449;NO;1469;320;1676;444;;0.000178;0.015749
2707;car;0.8641143441200256;1462;321;1671;445;NO;1462;321;1670;443;;0.000324;0.015852
2708;car;0.8508543372154236;1459;319;1658;443;NO;1459;319;1657;438;;0.000360;0.017875
2709;car;0.8578612208366394;1449;317;1650;441;NO;1449;317;1649;438;;0.000196;0.016254
2709;car;0.7646428942680359;1332;316;1422;380;NO;1332;316;1421;380;;0.000196;0.011070
2710;car;0.8915730714797974;1449;320;1644;440;NO;1449;320;1643;437;;0.000115;0.015839
2710;car;0.7526098489761353;1332;315;1421;379;NO;1332;315;1420;379;;0.000115;0.013918
2711;car;0.8818966746330261;1450;320;1637;438;NO;1450;320;1636;436;;0.000128;0.024917
2711;car;0.7701901197433472;1332;315;1421;379;NO;1332;315;1420;379;;0.000128;0.014051
2712;car;0.8468976020812988;1438;318;1630;436;NO;1438;318;1629;435;;0.000101;0.024314
2712;car;0.762401819229126;1332;315;1415;378;NO;1332;315;1414;377;;0.000101;0.013254
2713;car;0.8319509625434875;1439;318;1619;434;NO;1439;318;1618;433;;0.000108;0.023327
2713;car;0.7643521428108215;1331;315;1415;379;NO;1331;315;1414;379;;0.000108;0.014552
2714;car;0.8588531613349915;1433;318;1616;433;NO;1433;318;1615;432;;0.000115;0.023118
2714;car;0.7112364768981934;1329;315;1409;377;NO;1329;315;1408;376;;0.000115;0.013788
2715;car;0.852570116519928;1437;318;1610;430;NO;1437;318;1609;429;;0.000109;0.022864
2715;car;0.7201184630393982;1328;316;1409;377;NO;1328;316;1408;376;;0.000109;0.014349
2716;car;0.9109323024749756;1424;319;1603;431;NO;1424;319;1602;430;;0.000117;0.022163
2717;car;0.927216649055481;1424;319;1597;428;NO;1425;319;1596;427;;0.000124;0.022647
2718;car;0.9130569696426392;1422;319;1590;426;NO;1422;319;1589;426;;0.000334;0.022288
2718;car;0.7246912717819214;1326;315;1406;376;NO;1326;315;1405;376;;0.000334;0.012901
2719;car;0.9154824614524841;1419;320;1580;425;NO;1419;320;1579;425;;0.000124;0.019866
2720;car;0.9200236201286316;1420;319;1577;424;NO;1420;319;1576;424;;0.000111;0.021368
2720;car;0.7098764181137085;1319;315;1410;375;NO;1319;315;1409;375;;0.000111;0.013661
2721;car;0.9196313619613647;1412;318;1571;420;NO;1412;318;1570;419;;0.000116;0.019907
2722;car;0.9089266657829285;1408;317;1567;419;NO;1408;317;1567;417;;0.000179;0.019616
2723;car;0.8489255905151367;1423;318;1560;418;NO;1423;318;1559;417;;0.000108;0.019877
2724;car;0.8644060492515564;1429;319;1556;417;NO;1429;319;1555;417;;0.000126;0.017502
2725;car;0.8602963089942932;1399;318;1554;415;NO;1399;318;1553;413;;0.000115;0.016661
2725;car;0.7575846314430237;1320;316;1394;371;NO;1320;316;1393;371;;0.000115;0.014019
2726;car;0.902908444404602;1395;317;1547;412;NO;1395;317;1546;410;;0.000113;0.016954
2726;car;0.764564037322998;1314;315;1394;371;NO;1314;315;1393;370;;0.000113;0.012977
2727;car;0.9145554304122925;1396;318;1542;412;NO;1396;318;1541;412;;0.000110;0.016542
2727;car;0.7321205735206604;1313;315;1390;370;NO;1313;315;1389;370;;0.000110;0.012474
2728;car;0.8953278660774231;1393;318;1535;411;NO;1393;318;1534;411;;0.000225;0.016792
2728;car;0.7473252415657043;1312;314;1388;368;NO;1312;314;1387;368;;0.000225;0.013082
2729;car;0.8760904669761658;1389;318;1533;411;NO;1389;318;1532;410;;0.000119;0.018379
2729;car;0.773790180683136;1314;315;1391;371;NO;1314;315;1390;370;;0.000119;0.015063
2730;car;0.8826984167098999;1402;317;1526;409;NO;1402;317;1525;409;;0.000135;0.015565
2730;car;0.7315446734428406;1310;315;1391;368;NO;1310;315;1390;368;;0.000135;0.013285
2731;car;0.8554589152336121;1408;318;1523;409;NO;1408;318;1522;409;;0.000101;0.015437
2731;car;0.7616555690765381;1310;314;1388;368;NO;1310;314;1387;368;;0.000101;0.012556
2732;car;0.835608720779419;1392;318;1518;409;NO;1392;318;1517;409;;0.000105;0.015213
2732;car;0.7502805590629578;1309;314;1385;367;NO;1309;314;1384;366;;0.000105;0.012136
2733;car;0.8287319540977478;1396;320;1511;406;NO;1396;320;1510;406;;0.000187;0.015273
2733;car;0.7322225570678711;1309;316;1388;369;NO;1309;316;1387;368;;0.000187;0.012363
2734;car;0.8103255033493042;1382;320;1508;406;NO;1382;320;1507;406;;0.000104;0.015088
2734;car;0.7372420430183411;1309;316;1382;368;NO;1309;316;1381;368;;0.000104;0.013312
2735;car;0.7913052439689636;1385;319;1507;405;NO;1385;319;1506;405;;0.000124;0.015023
2735;car;0.7373722791671753;1309;315;1382;368;NO;1309;315;1381;367;;0.000124;0.012064
2736;car;0.7697854042053223;1375;319;1506;405;NO;1375;319;1505;405;;0.000102;0.016426
2736;car;0.7060101628303528;1309;315;1379;368;NO;1309;315;1376;368;;0.000102;0.012856
2737;car;0.7614558339118958;1378;317;1504;404;NO;1427;400;1464;404;;0.000131;0.011842
2738;car;0.7440075874328613;1379;317;1501;403;NO;1380;317;1501;403;;0.000272;0.015246
2738;car;0.7075406908988953;1309;316;1379;367;NO;1309;316;1378;366;;0.000272;0.015615
2739;car;0.7697049379348755;1371;317;1501;403;NO;1371;317;1500;403;;0.000209;0.016556
2739;car;0.7182079553604126;1309;316;1376;366;NO;1309;316;1372;366;;0.000209;0.012251
2740;car;0.7445678114891052;1367;319;1498;402;NO;1367;319;1497;402;;0.000134;0.016875
2740;car;0.7147036790847778;1307;316;1379;365;NO;1307;316;1366;365;;0.000134;0.012681
2741;car;0.7333746552467346;1367;318;1488;402;NO;1367;318;1487;402;;0.000142;0.015394
2742;car;0.7331347465515137;1306;314;1372;364;NO;1306;314;1371;364;;0.000112;0.013238
2742;car;0.7151186466217041;1363;317;1490;401;NO;1363;317;1489;401;;0.000112;0.015100
2743;car;0.7363476753234863;1361;318;1501;399;NO;1361;318;1500;399;;0.000171;0.016468
2743;car;0.7189716100692749;1305;314;1371;363;NO;1306;314;1359;363;;0.000171;0.012073
2744;car;0.7421597838401794;1357;317;1492;397;NO;1358;317;1491;397;;0.000115;0.016267
2745;car;0.7504204511642456;1357;317;1475;396;NO;1357;317;1474;396;;0.000110;0.015012
2745;car;0.7406253218650818;1306;314;1367;363;NO;1306;314;1356;362;;0.000110;0.011842
2746;car;0.7403863072395325;1355;317;1468;395;NO;1355;317;1467;395;;0.000108;0.014916
2746;car;0.7300384640693665;1304;314;1367;363;NO;1304;314;1353;362;;0.000108;0.011585
2747;car;0.7340176701545715;1302;315;1366;364;NO;1302;315;1365;363;;0.000105;0.013109
2748;car;0.7459880113601685;1299;315;1366;364;NO;1299;315;1365;363;;0.000109;0.013197
2749;car;0.7459787130355835;1299;314;1365;362;NO;1299;314;1364;361;;0.000101;0.013741
2750;car;0.7349979281425476;1300;315;1364;363;NO;1300;315;1363;363;;0.000162;0.011837
2751;car;0.7464797496795654;1300;314;1360;363;NO;1300;314;1359;362;;0.000147;0.011984
2751;car;0.7365161180496216;1347;316;1452;390;NO;1347;316;1451;390;;0.000147;0.014940
2752;car;0.7549260854721069;1300;314;1360;363;NO;1300;314;1359;361;;0.000176;0.012475
2752;car;0.7381234169006348;1347;316;1448;390;NO;1347;316;1447;390;;0.000176;0.015913
2753;car;0.7695773243904114;1298;314;1356;362;NO;1298;314;1355;360;;0.000205;0.012368
2753;car;0.7179681658744812;1346;316;1447;390;NO;1346;316;1446;390;;0.000205;0.016324
2754;car;0.7756877541542053;1297;313;1355;362;NO;1297;313;1354;361;;0.000237;0.012541
2754;car;0.7559042572975159;1344;314;1448;389;NO;1344;314;1447;389;;0.000237;0.015036
2755;car;0.743610680103302;1298;311;1356;359;NO;1298;311;1355;358;;0.000183;0.012188
2755;car;0.7215378880500793;1341;314;1445;388;NO;1341;314;1444;388;;0.000183;0.014787
2756;car;0.729804277420044;1340;316;1442;388;NO;1340;316;1441;388;;0.000190;0.014850
2756;car;0.7244749069213867;1297;310;1355;358;NO;1297;310;1354;356;;0.000190;0.012000
2757;car;0.715431809425354;1338;315;1439;387;NO;1338;315;1438;387;;0.000185;0.014727
2758;car;0.7157677412033081;1338;315;1438;388;NO;1338;315;1437;388;;0.000301;0.014955
2763;car;0.7117720246315002;1338;316;1428;383;NO;1338;316;1427;383;;0.000190;0.013525
2763;car;0.7080961465835571;1427;321;1513;382;NO;1429;321;1512;382;;0.000190;0.013773
2764;car;0.7072327733039856;1432;321;1512;382;NO;1432;321;1512;382;;0.000108;0.012527
2765;car;0.7032492160797119;1332;314;1423;379;NO;1332;314;1422;379;;0.000424;0.014569
2765;car;0.7026414275169373;1432;321;1513;382;NO;1432;321;1513;382;;0.000424;0.013849
2766;car;0.7344754338264465;1327;314;1423;380;NO;1327;314;1422;380;;0.000212;0.014963
2767;car;0.7846727967262268;1324;314;1420;379;NO;1324;314;1419;379;;0.000249;0.015405
2768;car;0.7826651930809021;1323;315;1421;380;NO;1323;315;1421;380;;0.000172;0.015113
2769;car;0.7632486820220947;1326;316;1416;380;NO;1326;316;1415;380;;0.000151;0.012728
2770;car;0.7484937906265259;1325;316;1410;379;NO;1325;316;1409;379;;0.000336;0.013149
2771;car;0.7237858176231384;1324;316;1409;379;NO;1324;316;1408;379;;0.000153;0.012412
2772;car;0.7020628452301025;1322;315;1405;377;NO;1322;315;1404;376;;0.000235;0.012395
2773;car;0.7308589816093445;1321;315;1404;378;NO;1321;315;1403;378;;0.000104;0.012456
2774;car;0.7260501980781555;1320;315;1403;378;NO;1320;315;1402;378;;0.000208;0.012523
2775;car;0.7016324400901794;1321;315;1402;378;NO;1321;315;1401;378;;0.000107;0.013025
2776;car;0.7427269220352173;1320;315;1401;377;NO;1320;315;1400;377;;0.000113;0.013219
2778;car;0.7164364457130432;1316;315;1395;375;NO;1316;315;1394;375;;0.000102;0.013401
2779;car;0.7187151312828064;1316;315;1395;375;NO;1316;315;1394;375;;0.000193;0.012401
2780;car;0.7422305345535278;1315;314;1394;375;NO;1315;314;1393;375;;0.000171;0.014669
2781;car;0.744393527507782;1312;313;1391;374;NO;1312;313;1390;374;;0.000175;0.013318
2782;car;0.7422997355461121;1312;313;1389;372;NO;1312;313;1388;371;;0.000186;0.013286
2783;car;0.7171775102615356;1311;313;1387;370;NO;1311;313;1386;370;;0.000143;0.013926
2784;car;0.7290143966674805;1310;313;1386;369;NO;1310;313;1385;369;;0.000183;0.013662
2786;car;0.7255082726478577;1309;313;1385;368;NO;1309;313;1384;368;;0.000139;0.012738
2788;car;0.7247156500816345;1307;313;1385;369;NO;1307;313;1384;368;;0.000263;0.012531
2797;car;0.7048656940460205;1432;322;1513;382;NO;1432;322;1512;382;;0.000121;0.014607
2798;car;0.7328792810440063;1302;312;1368;364;NO;1302;312;1367;364;;0.000184;0.012512
2798;car;0.7073124647140503;1432;322;1513;382;NO;1432;322;1512;382;;0.000184;0.012581
2799;car;0.7290226817131042;1302;312;1369;364;NO;1302;312;1368;363;;0.000182;0.013634
2799;car;0.7103795409202576;1432;322;1513;382;NO;1432;322;1512;382;;0.000182;0.013924
2800;car;0.7461585402488708;1300;313;1366;365;NO;1300;313;1365;365;;0.000118;0.013024
2800;car;0.7217472195625305;1431;322;1513;382;NO;1431;322;1512;382;;0.000118;0.012988
2801;car;0.7750961780548096;1298;313;1365;365;NO;1298;313;1364;364;;0.000192;0.015446
2801;car;0.7241415977478027;1432;322;1513;382;NO;1432;322;1512;382;;0.000192;0.014258
2802;car;0.7783891558647156;1299;313;1364;364;NO;1299;313;1363;364;;0.000141;0.011735
2802;car;0.7256871461868286;1432;322;1513;382;NO;1432;322;1512;382;;0.000141;0.012504
2803;car;0.7475149631500244;1298;312;1366;364;NO;1298;312;1365;364;;0.000173;0.012976
2803;car;0.7144185304641724;1431;322;1513;382;NO;1431;322;1512;382;;0.000173;0.012537
2804;car;0.7332203984260559;1297;312;1366;363;NO;1297;312;1365;363;;0.000192;0.012697
2804;car;0.7186781167984009;1432;322;1512;382;NO;1432;322;1512;382;;0.000192;0.012685
2805;car;0.7342198491096497;1297;312;1365;363;NO;1297;312;1364;363;;0.000168;0.012805
2805;car;0.711813747882843;1432;322;1513;382;NO;1432;322;1512;382;;0.000168;0.012401
2806;car;0.7509323358535767;1296;314;1364;363;NO;1296;314;1363;363;;0.000216;0.013070
2806;car;0.7079628109931946;1430;322;1512;381;NO;1430;322;1511;380;;0.000216;0.015645
2807;car;0.732450008392334;1296;313;1362;362;NO;1296;313;1361;362;;0.000171;0.012303
2807;car;0.7294089198112488;1431;321;1512;382;NO;1431;321;1512;382;;0.000171;0.012258
2808;car;0.7190976738929749;1432;322;1513;382;NO;1432;322;1512;382;;0.000106;0.012325
2808;car;0.7014926671981812;1297;313;1360;362;NO;1297;313;1359;361;;0.000106;0.011687
2809;car;0.7042421698570251;1431;322;1512;381;NO;1431;322;1511;379;;0.000106;0.013076
2810;car;0.7066434025764465;1431;321;1513;382;NO;1431;321;1512;382;;0.000193;0.013178
2813;car;0.7016793489456177;1432;321;1513;382;NO;1432;321;1513;382;;0.000188;0.013700
2814;car;0.7104313373565674;1431;321;1515;382;NO;1431;321;1514;382;;0.000286;0.013492
2815;car;0.7135220766067505;1432;322;1512;382;NO;1432;322;1511;382;;0.000191;0.015555
2818;car;0.7260032892227173;1430;321;1514;381;NO;1430;321;1513;381;;0.000106;0.013524
2819;car;0.7246212363243103;1429;321;1515;382;NO;1429;321;1514;382;;0.000231;0.012343
2820;car;0.726487398147583;1430;321;1513;381;NO;1430;321;1512;381;;0.000213;0.012317
2821;car;0.7225319743156433;1426;323;1512;382;NO;1426;323;1511;382;;0.000157;0.012921
2823;car;0.7002378106117249;1431;322;1512;382;NO;1431;322;1511;382;;0.000151;0.012428
2824;car;0.7133312225341797;1284;313;1342;358;NO;1284;313;1341;357;;0.000178;0.013399
2824;car;0.7115649580955505;1431;321;1512;381;NO;1431;321;1511;381;;0.000178;0.013884
2825;car;0.7063336968421936;1284;312;1341;358;NO;1284;312;1340;358;;0.000141;0.011577
2826;car;0.7311551570892334;1284;313;1342;359;NO;1284;313;1341;358;;0.000298;0.012577
2827;car;0.7486239075660706;1284;314;1340;358;NO;1284;314;1339;358;;0.000243;0.012153
2827;car;0.7189581394195557;1431;321;1512;382;NO;1431;321;1512;382;;0.000243;0.013061
2828;car;0.7350159883499146;1284;313;1341;357;NO;1284;313;1340;357;;0.000201;0.014420
2829;car;0.7285071015357971;1284;313;1340;356;NO;1284;313;1339;356;;0.000185;0.013479
2830;car;0.7227334380149841;1431;321;1513;382;NO;1431;321;1512;382;;0.000248;0.012648
